zoo_id,zoo_name,country
10000001,Kiel (Aquarium GEOMAR),Deutschland
10000002,Gettorf (Tierpark),Deutschland
10000004,Grömitz (Zoo Arche Noah),Deutschland
10000005,Burg (Meereszentrum Fehmarn),Deutschland
10000006,Timmendorfer Strand (Sea Life),Deutschland
10000007,Timmendorfer Strand (Vogelpark Niendorf),Deutschland
10000008,Lübeck (Tierpark - geschlossen 2010),Deutschland
10000009,Mölln (Wildpark Uhlenkolk),Deutschland
10000010,Eckernförde (Aquarium),Deutschland
10000011,Nessendorf (Eselpark),Deutschland
10000012,Laboe (Meeresbiologische Station),Deutschland
10000013,Großenaspe (Wildpark Eekholt),Deutschland
10000014,Neumünster (Tierpark),Deutschland
10000015,Warder (Arche),Deutschland
10000016,Daldorf (Erlebniswald Trappenkamp),Deutschland
10000017,Schalkholz (Falkenhof - geschlossen),Deutschland
10000018,Westerland (Sylt Aquarium),Deutschland
10000019,Tönning (Multimar Wattforum),Deutschland
10000020,Tinnum/Sylt (Tierpark),Deutschland
10000021,St. Peter-Ording (Westküstenpark),Deutschland
10000022,Büsum (Aquarium am Hafen - vormals Büsumer Meereswelten),Deutschland
10000023,Büsum (Nordsee-Aquarium - geschlossen 2005),Deutschland
10000024,Friedrichskoog (Seehundstation),Deutschland
10000025,Helgoland (Nordseeaquarium - geschlossen 2015),Deutschland
10000026,Balje (Natureum Niederelbe),Deutschland
10000027,Hamburg (Wildpark Klövensteen / Rissen),Deutschland
10000028,Wingst (Waldzoo),Deutschland
10000029,Rosengarten-Vahrendorf (Wildpark Schwarze Berge),Deutschland
10000030,Hamburg (Tierpark Hagenbeck),Deutschland
10000031,Krüzen (Tierpark),Deutschland
10000032,Wismar (Tierpark),Deutschland
10000033,Tüzen (Haustier-Schutzpark - geschlossen 2009),Deutschland
10000034,Rostock (Zoo),Deutschland
10000035,Marlow (Vogelpark),Deutschland
10000036,Stralsund (Museum für Meereskunde und Fischerei · Aquarium),Deutschland
10000037,Stralsund (Zoo),Deutschland
10000038,Sassnitz (Tierpark),Deutschland
10000039,Grimmen (Heimattierpark),Deutschland
10000040,Güstrow (Wildpark-MV),Deutschland
10000041,Greifswald (Tierpark),Deutschland
10000042,Wolgast (Tierpark Tannenkamp),Deutschland
10000043,Seebad Bansin (Tropenhaus (neu)),Deutschland
10000044,Anklam (Tiergehege),Deutschland
10000046,Dassow (Erlebnis- und Tigerpark),Deutschland
10000047,Ueckermünde (Tierpark),Deutschland
10000048,Gristow (Naturerlebnispark),Deutschland
10000049,Schwerin (Zoo),Deutschland
10000050,Perleberg (Tierpark),Deutschland
10000051,Dümmer (Vogelgarten - geschlossen 2007),Deutschland
10000052,Ivenack (Tiergarten Ivenacker Eichen),Deutschland
10000053,Waren/Müritz (Müritzeum),Deutschland
10000054,Malchow (Affenwald),Deutschland
10000055,Lelkendorf (Haustierpark - geschlossen 2024),Deutschland
10000056,Neuruppin-Kunsterspring (Tierpark),Deutschland
10000057,Neustrelitz (Tiergarten),Deutschland
10000058,Burg Stargard (Tierpark Klüschenberg - geschlossen 2015),Deutschland
10000059,Mühlenhagen (Naturerlebnispark Tollensetal),Deutschland
10000060,Prenzlau (Naturerlebnis Uckermark - vormals Ökostation),Deutschland
10000061,Eberswalde (Zoo),Deutschland
10000062,Angermünde (Tierpark),Deutschland
10000063,Altreetz-Oderbruch (Oderbruchzoo - geschlossen 2023),Deutschland
10000064,Frankfurt/Oder - Rosengarten (Wildpark),Deutschland
10000065,Eisenhüttenstadt (Tierpark),Deutschland
10000066,Schwedt (Vogelpark),Deutschland
10000067,Berlin (Zoologischer Garten),Deutschland
10000068,Berlin (Tierpark Friedrichsfelde),Deutschland
10000069,Berlin (AquaDom & Sea Life - geschlossen 2025),Deutschland
10000070,Berlin (Haus Natur und Umwelt),Deutschland
10000071,Berlin (Privates Museum für Tierkunde),Deutschland
10000072,Berlin (Wildgehege Spandauer Forst),Deutschland
10000073,Berlin (Tiergehege im Volkspark Rehberge),Deutschland
10000074,Berlin (Voliere Kranzler Eck - geschlossen 2025),Deutschland
10000076,Fürstenwalde/Spree (Heimattiergarten),Deutschland
10000077,Bad Saarow (Fasanen- und Wildpark - geschlossen 2010),Deutschland
10000078,Müncheberg (Tiergarten - geschlossen 2015),Deutschland
10000079,Potsdam (Naturkundemuseum),Deutschland
10000080,Baruth-Klasdorf (Wildpark Johannismühle),Deutschland
10000081,Berlin (Fledermauskeller in der Zitadelle - Verein BAT),Deutschland
10000082,Luckenwalde (Tierpark),Deutschland
10000083,Groß Schönebeck (Wildpark Schorfheide),Deutschland
10000084,Wustermark-Elstal (Schaugehege Döberitzer Heide - geschlossen 2016),Deutschland
10000085,Oranienburg-Germendorf (Tier- und Freizeitpark Eichholz),Deutschland
10000087,Mallnow (Haus-und Wildtiergarten),Deutschland
10000088,Liebenwalde (Haustierpark - ehem. Wildpferdgehege Liebenthal),Deutschland
10000089,Trebbin-Glau (Wildgehege),Deutschland
10000090,Teltow (Vogelpark und Streichelzoo),Deutschland
10000091,Stendal (Tiergarten),Deutschland
10000092,Zabakuck (Tierpark),Deutschland
10000093,Weißewarte (Wildpark - geschlossen 2022),Deutschland
10000094,Brome-Zicherie (Wildgehege),Deutschland
10000095,Leiferde (NABU-Artenschutzzentrum),Deutschland
10000096,Hankensbüttel (Otterzentrum),Deutschland
10000097,Walsrode (Weltvogelpark),Deutschland
10000098,Hodenhagen (Serengeti-Park),Deutschland
10000099,Hanstedt-Nindorf (Wildpark Lüneburger Heide),Deutschland
10000101,Bispingen (Greifvogel-Gehege),Deutschland
10000102,Amelinghausen (Eulengarten - geschlossen 2022),Deutschland
10000103,Uelzen (Wildgehege im Stadtforst),Deutschland
10000104,Lauenbrück (LandPark),Deutschland
10000105,Bremerhaven (Zoo am Meer),Deutschland
10000106,Cuxhaven (Zoo im Kurpark),Deutschland
10000107,Bremerhaven (Atlanticum im Forum Fischbahnhof - geschlossen 2013),Deutschland
10000108,Bremen (Zoo- und Gartencenter Vida - geschlossen 2016),Deutschland
10000109,Bremen (Gehege im Bürgerpark),Deutschland
10000110,Osterholz-Scharmbeck (Tiergarten Ludwigslust),Deutschland
10000111,Jaderberg (Jaderpark),Deutschland
10000112,Marienhafe-Rechtsupweg (Birgits Tiergarten - vormals Tiergarten Endelmann),Deutschland
10000113,Wilhelmshaven (Aquarium),Deutschland
10000114,Friesoythe (Tier- und Freizeitpark Thüle - vormals Tierpark Worberg),Deutschland
10000115,Werdum (Haustierpark),Deutschland
10000117,Langeroog (Nordsee-Aquarium im Haus der Insel - geschlossen 2013),Deutschland
10000118,Borkum (Nordseeaquarium),Deutschland
10000119,Oldenburg (Landesmuseum),Deutschland
10000120,Oldenburg (Botanischer Garten),Deutschland
10000121,Nordhorn (Tierpark),Deutschland
10000122,Sögel-Eisten (Tierpark - geschlossen 2010),Deutschland
10000123,Dötlingen-Ostrittrum (Wild- und Freizeitpark),Deutschland
10000124,Bassum (Tierpark Petermoor),Deutschland
10000125,Dinklage (Wildpark Burghotel),Deutschland
10000126,Ströhen (Tierpark),Deutschland
10000127,Rethem-Moor (Tierpark - geschlossen 2008),Deutschland
10000128,Hannover (Zoo),Deutschland
10000129,Hannover (Landesmuseum),Deutschland
10000130,Hannover (Sea Life),Deutschland
10000131,Springe (Wisentgehege und Falkenhof),Deutschland
10000132,Hildesheim (Wildgatter),Deutschland
10000133,Bad Nenndorf (Vogelpark am Krater - geschlossen 2015),Deutschland
10000134,Hannover (Tiergarten),Deutschland
10000135,Braunschweig (Arche Noah Zoo),Deutschland
10000136,Braunschweig (Staatliches Naturhistorisches Museum),Deutschland
10000137,Lehre-Essehof (Tierpark),Deutschland
10000138,Bad Sachsa (Harzfalkenhof),Deutschland
10000139,Wernigerode (Wildpark Christianental),Deutschland
10000140,Thale (Tierpark Hexentanzplatz),Deutschland
10000141,Westerhausen (Tierpark),Deutschland
10000142,Halberstadt (Tiergarten),Deutschland
10000143,Bad Harzburg-Bündheim (Wildgehege),Deutschland
10000144,Falkenstein/Harz OT Pansfelde (Falkenhof Burg Falkenstein - geschlossen),Deutschland
10000145,Stangerode (Wildpark),Deutschland
10000146,Magdeburg (Zoo),Deutschland
10000147,Oschersleben/Bode (Tiergehege Wiesenpark),Deutschland
10000148,Walbeck (Tierpark),Deutschland
10000149,Schönebeck/Elbe (Tiergarten Bierer Berg),Deutschland
10000150,Aschersleben (Zoo),Deutschland
10000151,Staßfurt (Tiergarten),Deutschland
10000152,Bernburg (Tiergarten),Deutschland
10000153,Köthen (Tierpark),Deutschland
10000154,Dessau-Roßlau (Tierpark),Deutschland
10000155,Oschersleben/Bode (Schauaquarium Börde-Zoo - geschlossen 2012),Deutschland
10000156,Calbe (Tiergehege Wartenberg),Deutschland
10000157,Meisdorf (Tiergehege),Deutschland
10000158,Leipzig (Zoo),Deutschland
10000159,Leipzig (Wildpark),Deutschland
10000160,Leipzig (Phyllodrom),Deutschland
10000161,Halle (Zoo),Deutschland
10000162,Petersberg (Tierpark),Deutschland
10000163,Halle (Nutztiergarten - geschlossen 2011),Deutschland
10000164,Merseburg (Heimattierpark Südpark),Deutschland
10000165,Weißenfels (Heimatnaturgarten),Deutschland
10000166,Bad Kösen (Tierpark),Deutschland
10000167,Delitzsch (Tiergarten),Deutschland
10000168,Eilenburg (Tierpark),Deutschland
10000169,Lützen (Tierpark),Deutschland
10000170,Lutherstadt Wittenberg (Tierpark),Deutschland
10000171,Dahme-Mark (Tierpark),Deutschland
10000172,Cottbus (Tierpark),Deutschland
10000173,Hoyerswerda (Zoo),Deutschland
10000174,Weißwasser/Oberlausitz (Tierpark),Deutschland
10000175,Senftenberg (Tierpark),Deutschland
10000176,Finsterwalde (Tierpark),Deutschland
10000177,Bischofswerda (Tier- und Kulturpark),Deutschland
10000178,Görlitz (Tierpark),Deutschland
10000179,Zittau (Tierpark),Deutschland
10000180,Dresden (Zoo),Deutschland
10000181,Dresden (Sea Life - geschlossen 2008),Deutschland
10000182,Moritzburg (Wildgehege),Deutschland
10000183,Zeithain-Jacobsthal (Wildgehege Gohrisch Heide),Deutschland
10000185,Strehla (Heimattiergarten),Deutschland
10000186,Riesa (Tierpark),Deutschland
10000188,Pirna (Tierpark - geschlossen 2007),Deutschland
10000189,Mittweida (Tiergehege am Schwanenteich),Deutschland
10000190,Oschatz (Tiergehege im O-Schatz-Park),Deutschland
10000191,Altenburg (Inselzoo),Deutschland
10000192,Eisenberg (Tiergarten),Deutschland
10000193,Penig (Naturpark),Deutschland
10000194,Greiz-Mohlsdorf (Tiergehege Waldhaus),Deutschland
10000195,Zeulenroda (Wildgehege Rabensleite),Deutschland
10000196,Gera (Tierpark),Deutschland
10000197,Hirschfeld (Tierpark),Deutschland
10000198,Limbach-Oberfrohna (Amerika-Tierpark),Deutschland
10000199,Zwickau (Gehege am Schwanenteich),Deutschland
10000200,Geithain (Tierpark),Deutschland
10000201,Pausa (Tiergehege),Deutschland
10000202,Chemnitz (Tierpark),Deutschland
10000203,Chemnitz (Wildgatter Oberrabenstein),Deutschland
10000204,Thum (Tiergarten),Deutschland
10000205,Augustusburg (Jagdfalkenhof Schloss Ausgustusburg - geschlossen 2018),Deutschland
10000206,Freiberg (Tierpark),Deutschland
10000207,Geising-Hartmannmühle (Wildpark Osterzgebirge),Deutschland
10000208,Annaberg-Buchholz (Wildgehege),Deutschland
10000210,Aue (Zoo der Minis),Deutschland
10000211,Gelenau (Wildgehege),Deutschland
10000212,Crimmitschau (Tiergehege),Deutschland
10000213,Glauchau (Tiergehege),Deutschland
10000214,Klingenthal (Tierpark),Deutschland
10000215,Falkenstein/Vogtland (Tiergarten),Deutschland
10000216,Erfurt (Zoopark),Deutschland
10000217,Erfurt (Aquarium - geschlossen 2017),Deutschland
10000218,Erfurt (egapark),Deutschland
10000219,Kranichfeld (Falkenhof - geschlossen 2026),Deutschland
10000220,Gotha (Tierpark),Deutschland
10000222,Sättelstädt (Tierpark - geschlossen 2009),Deutschland
10000223,Straußberg (Affenwald),Deutschland
10000224,Sondershausen (Tiergehege Possen),Deutschland
10000225,Vippachedelhausen (Vogelpark Tirica),Deutschland
10000226,Memleben (Erlebnistierpark),Deutschland
10000227,Sangerhausen (Tiergehege Walkmühle - geschlossen 2010),Deutschland
10000228,Kranichfeld (Streichelzoo - vormals Tiergehege),Deutschland
10000229,Weimar (Tiergehege Gelmeroda),Deutschland
10000230,Worbis (Bärenpark),Deutschland
10000231,Duderstadt (Heinz Sielmann Natur-Erlebniszentrum),Deutschland
10000232,Hofgeismar-Sababurg (Tierpark Sababurg),Deutschland
10000233,Hardegsen (Wildpark),Deutschland
10000234,Holzminden (Wildpark Neuhaus),Deutschland
10000235,Bad Pyrmont (Tierpark),Deutschland
10000236,Willebadessen (Wildgehege),Deutschland
10000237,Warburg-Hardehausen (Wisentgehege),Deutschland
10000238,Detmold (Vogelpark Heiligenkirchen),Deutschland
10000239,Detmold (Adlerwarte Berlebeck),Deutschland
10000240,Schloß Holte-Stukenbrock (Safariland Stukenbrock),Deutschland
10000241,Bielefeld (Tierpark Olderdissen),Deutschland
10000242,Hohenhausen-Dalbke (Tierpark Kalletal - geschlossen seit 2010),Deutschland
10000243,Delbrück-Schöning (Tierpark Nadermann),Deutschland
10000244,Herford (Tierpark),Deutschland
10000245,Melle (Wildpark Diedrichsburg - geschlossen 2021),Deutschland
10000246,Bad Wünnenberg (Wildgehege),Deutschland
10000247,Bad Salzuflen (Tiergehege),Deutschland
10000248,Herford (Schulzoo - geschlossen 2014),Deutschland
10000249,Osnabrück (Zoo),Deutschland
10000250,Münster (Allwetterzoo),Deutschland
10000251,Rheine (NaturZoo),Deutschland
10000253,Gronau (Tierpark),Deutschland
10000254,Saerbeck (Wildfreigehege Nöttler-Berg),Deutschland
10000255,Haltern-Lavesum (Naturwildpark Granat),Deutschland
10000257,Reken (Wildpark Frankenhof),Deutschland
10000258,Hamm (Tierpark),Deutschland
10000259,Beckum (Tiergehege am Höxberg),Deutschland
10000260,Ahlen-Langst (Tiergehege - geschlossen 2012),Deutschland
10000261,Reken (Waldvogelpark Maria Veen),Deutschland
10000262,Emsdetten (Arche-Park Stadtpark Emsdetten),Deutschland
10000263,Isselburg-Vehlingen (Biotopwildpark Anholter Schweiz),Deutschland
10000264,Kleve (Tiergarten),Deutschland
10000265,Kevelaer-Twisteden (Irrland - vormals Niederrheinpark Plantaria),Deutschland
10000266,Rheinberg-Winterswick (Terrazoo),Deutschland
10000267,Krefeld (Zoo),Deutschland
10000268,Viersen-Süchteln (Wildpark),Deutschland
10000269,Brüggen (Natur- und Tierpark),Deutschland
10000270,Mönchengladbach (Tiergarten),Deutschland
10000271,Aachen (Tierpark - Euregiozoo),Deutschland
10000272,Jülich (Brückenkopf-Park),Deutschland
10000273,Alsdorf (Tierpark),Deutschland
10000274,Gangelt (Wildpark),Deutschland
10000275,Grevenbroich (Wildgehege Bend),Deutschland
10000276,Dormagen (Wildpark Tannenbusch),Deutschland
10000277,Krefeld-Hüls (Wildgehege Hülserberg),Deutschland
10000278,Weeze (Tierpark),Deutschland
10000279,Kleve (Wildgehege),Deutschland
10000280,Duisburg (Zoo),Deutschland
10000281,Mülheim/Ruhr (GfA-Aquarium im Schloss Styrum - geschlossen 2019),Deutschland
10000282,Oberhausen (Tiergehege Kaisergarten),Deutschland
10000283,Oberhausen (Sea Life),Deutschland
10000285,Essen (Grugapark),Deutschland
10000286,Recklinghausen (Tierpark),Deutschland
10000287,Bochum (Storcherlebnispark - vormals Vogelpark Wattenscheid),Deutschland
10000288,Witten (Wildgehege Hohenstein),Deutschland
10000289,Ennepetal (Gehege im Hülsenbecker Tal),Deutschland
10000290,Duisburg (GfA-Aquarienanlage im Botanischen Garten Hamborn),Deutschland
10000291,Gladbeck (Vogelinsel),Deutschland
10000292,Mülheim/Ruhr (Tiergehege Witthausbusch),Deutschland
10000293,Essen (Ziegengehege Wichteltal),Deutschland
10000294,Herne (Tierpark Gysenberg),Deutschland
10000295,Dortmund (Naturmuseum / ehem. Museum für Naturkunde),Deutschland
10000296,Bochum (Tierpark und Fossilium),Deutschland
10000297,Dortmund (Zoo),Deutschland
10000298,Arnsberg-Voßwinkel (Wildwald Vosswinkel),Deutschland
10000299,Warstein (Wildpark Bilsteintal),Deutschland
10000300,Schalksmühle (Wildgehege Mesekendahl),Deutschland
10000301,Kirchhundem-Oberhundem (Panorama Park Sauerland),Deutschland
10000302,Wuppertal (Zoologischer Garten),Deutschland
10000303,Solingen-Gräfrath (Tierpark Fauna),Deutschland
10000304,Solingen-Ohligs (Vogel- und Tierpark),Deutschland
10000305,Düsseldorf (Aquazoo Löbbecke Museum),Deutschland
10000306,Düsseldorf (Wildpark Grafenberger Wald),Deutschland
10000307,Mettmann (Eiszeitliches Wildgehege Neandertal),Deutschland
10000308,Reichshof-Eckenhagen (Affen- und Vogelpark),Deutschland
10000309,Wiehl (Wildgehege),Deutschland
10000310,Altenberg (Wildpark),Deutschland
10000311,Wuppertal (Wildgehege im Nordpark),Deutschland
10000312,Ratingen (Märchenzoo am Blauen See),Deutschland
10000313,Köln (Zoologischer Garten),Deutschland
10000314,Leverkusen (Wildpark Reuschenberg),Deutschland
10000315,Köln (Lindenthaler Tierpark),Deutschland
10000316,Gymnich (Falknerei Schmidt),Deutschland
10000317,Königswinter (Sea Life - geschlossen 2022),Deutschland
10000318,Königswinter (Reptilienzoo),Deutschland
10000319,Bonn (Museum Koenig),Deutschland
10000320,Remagen (Wildpark Rolandseck),Deutschland
10000321,Bonn (Wildpark Venusberg),Deutschland
10000322,Köln (Wildgehege Brück),Deutschland
10000323,Köln (Wildpark Dünnwald),Deutschland
10000324,Hellenthal (Greifvogelstation & Wildfreigehege),Deutschland
10000325,Nideggen (Wildpark Schmidt),Deutschland
10000326,Mechernich-Kommern (Hochwildpark Rheinland),Deutschland
10000327,Daun/Eifel (Wild- und Erlebnispark),Deutschland
10000328,Gondorf (Eifelpark),Deutschland
10000330,Lünebach-Pronsfeld (Eifel-Zoo),Deutschland
10000331,Klotten (Wild- und Freizeitpark),Deutschland
10000332,Cochem (Falknerei Reichsburg - geschlossen 2016),Deutschland
10000333,Koblenz (Wildgehege Remstecken),Deutschland
10000334,Neuwied (Zoo - ehem. Tierpark Hubertushof),Deutschland
10000335,Bendorf-Sayn (Falknerei Burg Sayn - geschlossen 2009),Deutschland
10000336,Herborn (Wildgehege),Deutschland
10000337,Braunfels (Wildpark),Deutschland
10000338,Dillenburg (Wildpark Donsbach),Deutschland
10000339,Herborn-Uckersdorf (Tierpark - ehem. Vogel- und Naturschutztierpark),Deutschland
10000340,Antwerpen (Zoo),Belgien
10000341,Mechelen (Zoo Planckendael - vormals Dierenpark Planckendael),Belgien
10000342,Aalborg (Zoo),Dänemark
10000343,Kerteminde (Fjord & Baelt Center),Dänemark
10000344,Odense (Zoo),Dänemark
10000345,Randers (Randers Regnskov),Dänemark
10000346,Tallinn (Zoo),Estland
10000347,Amiens (Zoo Amiens Métropole),Frankreich
10000348,Amneville (Zoo),Frankreich
10000349,Antibes (Marineland - geschlossen 2025),Frankreich
10000350,Asson (Zoo),Frankreich
10000351,Besançon (Zoo/Citadelle),Frankreich
10000352,Dompierre-sur-Besbre (Le Pal),Frankreich
10000353,Doue la Fontaine (Bioparc / Zoo),Frankreich
10000354,Moskva (Zoopark),Russland
10000355,Frankfurt/Main (Zoologischer Garten),Deutschland
10000356,Rotterdam (Diergaarde Blijdorp),Niederlande
10000357,Paignton (Zoo - vormals Primley Zoological Garden),Vereinigtes Königreich
10000358,Kobenhavn (Zoo),Dänemark
10000359,Jihlava (Zoo),Tschechien
10000360,Plzen (Zoo),Tschechien
10000361,Poznan (Nowe Zoo),Polen
10000362,Edinburgh (Zoo),Vereinigtes Königreich
10000363,Lisboa (Zoo),Portugal
10000364,Madrid (Zoo/Aquarium),Spanien
10000365,Saint Aignan (ZooParc de Beauval),Frankreich
10000366,Wien (Tiergarten Schönbrunn),Österreich
10000367,Lochau bei Bregenz (Adlerwarte Pfänder - geschlossen 2015),Österreich
10000368,Lochau bei Bregenz (Alpenwildpark Pfänder),Österreich
10000369,Feldkirch (Wildpark),Österreich
10000370,Dornbirn (inatura Erlebnis Naturschau),Österreich
10000371,Innsbruck (Alpenzoo),Österreich
10000372,Bichlbach (Tier- und Spielpark),Österreich
10000373,Telfes im Stubaital (Greifvogelpark),Österreich
10000374,Zell im Zillertal (Wildpark Hainzenberg),Österreich
10000375,Assling (Wildpark),Österreich
10000376,Niederndorferberg (Wildpark Wildbichl - geschlossen),Österreich
10000377,Aurach (Wildpark),Österreich
10000378,Ebbs (Raritätenzoo),Österreich
10000379,Salzburg (Haus der Natur),Österreich
10000380,Salzburg (Zoo - ehem. Tiergarten Hellbrunn),Österreich
10000381,Werfen (Landesfalkenhof Hohenwerfen),Österreich
10000382,Fusch (Wild- und Freizeitpark Ferleiten),Österreich
10000383,Untertauern (Wild- und Freizeitpark),Österreich
10000384,Krenglbach (Zoo Schmiding und Aquazoo - vormals Vogelpark),Österreich
10000385,Linz (Zoo),Österreich
10000386,Altenfelden (Tierpark),Österreich
10000387,Walding (Tiergarten und Reiterhof),Österreich
10000388,Wels (Tiergarten),Österreich
10000389,Obernberg (Falknerei Burg Obernberg),Österreich
10000390,Neukirchen (Höhenwildpark Hochkreut - geschlossen 2011),Österreich
10000391,Roßleithen (Wild- und Erlebnispark Enghagen - geschlossen 2012),Österreich
10000392,Grünau im Almtal (Cumberland-Wildpark),Österreich
10000393,Haag (Tierpark Stadt Haag),Österreich
10000394,Waidhofen/Ybbs (TierErlebnispark Buchenberg),Österreich
10000395,Arbesbach (Bärenwald),Österreich
10000396,Bad Großpertholz (Naturpark Nordwald),Österreich
10000397,Geras (Naturpark),Österreich
10000398,Rosenburg am Kamp (Renaissance-Falkenhof),Österreich
10000399,Ernstbrunn (Wildpark),Österreich
10000400,Schlosshof (Tierpark Schloss Hof),Österreich
10000401,Andrä-Wördern (Greifvogel-Zuchtstation Hagenbachklamm),Österreich
10000402,Hohe Wand (Wildgehege im Naturpark),Österreich
10000403,Wien (Haus des Meeres),Österreich
10000404,Wien (Schmetterlingshaus),Österreich
10000405,Wien (Vivarium im Naturhistorischen Museum - geschlossen 2010),Österreich
10000406,Wien (Lainzer Tiergarten),Österreich
10000407,Pamhagen (Steppentierpark),Österreich
10000408,Güssing-Urbersdorf (Clusius Naturwildpark),Österreich
10000409,Stubenberg (Tierwelt Herberstein),Österreich
10000410,Riegersburg (Greifvogelwarte),Österreich
10000411,Kapfenberg (Burgfalknerei Oberkapfenberg),Österreich
10000412,Mautern (Der Wilde Berg - ehem. Erlebnispark Elfenberg),Österreich
10000413,Breitenau am Hochlantsch (Öko-Park Hochreiter),Österreich
10000414,Mariahof (Vivarium - geschlossen 2011),Österreich
10000415,Klagenfurt (Reptilienzoo Happ),Österreich
10000416,Rosegg (Wildpark),Österreich
10000417,Sankt Katzian am Klopeinersee (Vogelpark Turnersee),Österreich
10000418,Landskron (Adlerarena Burg Landskron),Österreich
10000419,Landskron (Affenberg),Österreich
10000420,Feld am See (Alpenwildpark),Österreich
10000421,Malta (Tierpark Diana - geschlossen seit 2008),Österreich
10000422,Klagenfurt (Wildpark Schloss Mageregg),Österreich
10000423,Sankt Kanzian am Klopeiner See (Fingerls Wildgatter am Klopeiner See),Österreich
10000426,Malta (Eselpark Maltatal - vormals Eselgestüt Maltatal),Österreich
10000427,Müllnern-Villach (Kenny-Bär - geschlossen 2018),Österreich
10000429,Graz (Wildpark Schloss Eggenberg - geschlossen),Österreich
10000430,Ramsau am Dachstein (Wildpark Burgstaller - geschlossen),Österreich
10000431,St. Margarethen (Familypark (ehemals: Märchenpark Neusiedlersee)),Österreich
10000432,Purgstall (Wildpark Hochrieß),Österreich
10000433,Wiener Neustadt (Tiergehege),Österreich
10000434,Strobl (Wildgehege Kleefeld),Österreich
10000435,Scharnstein (Haus der Gifte - geschlossen 2012),Österreich
10000436,St. Jakob in Haus (Freizeitpark Familienland / vormals Erlebnispark Pillerseetal),Österreich
10000437,Weer (Wildgehege am Seabl - geschlossen),Österreich
10000439,Achenkirch (Wildgehege - geschlossen),Österreich
10000441,Arzl im Pitztal (Kinderbauernhof - Pitzis Kinderhotel),Österreich
10000442,London (Zoo),Vereinigtes Königreich
10000443,Brno (Zoo),Tschechien
10000444,Stuttgart (Wilhelma),Deutschland
10000445,Saarbrücken (Zoo),Deutschland
10000446,Praha (Zoo),Tschechien
10000447,Spay (Spaycific Zoo),Frankreich
10000448,Amsterdam (Artis Zoo / Natura Artis Magistra),Niederlande
10000449,Olomouc (Zoo),Tschechien
10000450,Hluboká nad Vltavou (Jihočeská zoologická zahrada),Tschechien
10000451,Amersfoort (Dierenpark),Niederlande
10000452,Nürnberg (Tiergarten),Deutschland
10000453,Paris (Zoo/Vincennes),Frankreich
10000454,Blackpool (Zoo),Vereinigtes Königreich
10000455,Dalton-in-Furness (South Lakes Safari Zoo - geschlossen 2024),Vereinigtes Königreich
10000456,Niederfischbach/Sieg (Tierpark),Deutschland
10000457,Bad Marienberg (Wildpark),Deutschland
10000458,Gackenbach (Wild- und Freizeitpark Westerwald),Deutschland
10000459,St. Goarshausen (Adler- und Falkenhof Burg Maus - geschlossen 2010),Deutschland
10000460,Weilburg (Tierpark),Deutschland
10000461,Lich (Wildpark Klosterwald),Deutschland
10000462,Schotten (Vogelpark),Deutschland
10000463,Büdingen (Wildgehege),Deutschland
10000464,Edertal-Hemfurth (Wildtierpark Edersee),Deutschland
10000465,Frankenberg (Wildpark),Deutschland
10000466,Kassel (Zoo am Rammelsberg),Deutschland
10000467,Homberg (Efze)-Allmuthshausen (Naturzentrum Wildpark Knüll),Deutschland
10000468,Melsungen-Röhrenfurth (Tierpark Rose),Deutschland
10000469,Meißner-Germerode (Wild- und Erholungspark),Deutschland
10000471,Fulda-Neuenberg (Tiergarten),Deutschland
10000472,Bebra-Asmushausen (Wildpark Elferstaler Teiche),Deutschland
10000473,Fulda (Aquarium Scalare und Tümpelgarten),Deutschland
10000474,Bad Liebenstein (Tierpark),Deutschland
10000475,Ilmenau (Tiergehege),Deutschland
10000476,Arnstadt (Tierpark),Deutschland
10000477,Zella-Mehlis (Meeresaquarium - ehem. Thüringer Meeresaquarium),Deutschland
10000478,Suhl (Tierpark),Deutschland
10000479,Oberhof (Exotarium),Deutschland
10000480,Sonneberg (Schauaquarium Nautiland),Deutschland
10000481,Sonneberg-Neufang (Tiergarten),Deutschland
10000482,Tambach (Wildpark Schloss Tambach),Deutschland
10000483,Coburg (Sea-Star Aquarium - geschlossen 2011),Deutschland
10000484,Neumarkt/Oberpfalz (Jura-Zoo - geschlossen 2020),Deutschland
10000486,Teublitz (Wildpark Höllohe),Deutschland
10000487,Eslarn (Vogelpark),Deutschland
10000488,Eslarn (Wildpark Stückberg),Deutschland
10000489,Hof (Zoologischer Garten),Deutschland
10000490,Schönwald-Grünhaid (Vogel- und Tierpark - geschlossen 2009),Deutschland
10000491,Neuenmarkt-Wirsberg (idea DschungelParadies - geschlossen 2014),Deutschland
10000492,Bayreuth (Tierpark Röhrensee),Deutschland
10000493,Ahorntal (Falknerei Burg Rabenstein),Deutschland
10000494,Pegnitz (Wildgehege Hufeisen),Deutschland
10000495,Egloffstein (Wildpark Hundshaupten),Deutschland
10000496,Geiselwind (Freizeitpark),Deutschland
10000497,Mitterteich-Großbüchlberg (Vogelpark),Deutschland
10000498,Heroldsbach (Erlebnispark Schloss Thurn),Deutschland
10000499,Bad Mergentheim (Wildpark),Deutschland
10000500,Sommerhausen (Wildpark),Deutschland
10000501,Schweinfurt (Wildpark an den Eichen),Deutschland
10000502,Bad Kissingen (Wildpark Klaushof),Deutschland
10000503,Bad Orb (Spessart-Wildpark),Deutschland
10000504,Freudenberg (Rauch-Zoo),Deutschland
10000505,Schollbrunn (Tierpark),Deutschland
10000506,Gaukönigshofen (Arche Noah),Deutschland
10000507,Heigenbrücken (Wildpark),Deutschland
10000508,Steinau (Erlebnispark),Deutschland
10000509,Darmstadt (Zoo Vivarium),Deutschland
10000510,Hanau-Klein-Auheim (Wildpark Alte Fasanerie),Deutschland
10000511,Offenbach (Waldzoo),Deutschland
10000512,Frankfurt/Main (Kobelt-Zoo),Deutschland
10000513,Groß-Gerau (Tiergarten),Deutschland
10000515,Wiesbaden (Tier- und Pflanzenpark Fasanerie),Deutschland
10000516,Mainz (Wildpark Gonsenheim),Deutschland
10000517,Wiesbaden (Tierpark Mainz-Kastel),Deutschland
10000518,Darmstadt (Vogelpark Exokan),Deutschland
10000519,Mainz (Tieranlagen im Stadtgarten),Deutschland
10000520,Eimsheim (Gifttierhaus),Deutschland
10000521,Pfungstadt (Tiergarten - geschlossen 2011),Deutschland
10000522,Kronberg (Opel-Zoo),Deutschland
10000523,Schmitten (Falkenhof Großer Feldberg),Deutschland
10000524,Weilrod-Hasselbach (Vogelburg),Deutschland
10000525,Rüdesheim-Assmannshausen (Greifenwarte Niederwalddenkmal),Deutschland
10000526,Wehrheim/Taunus (Freizeitpark Lochmühle),Deutschland
10000527,Hofheim am Taunus (Wildpark),Deutschland
10000528,Rheinböllen (Tierpark / ehem. Hochwildschutzpark Hunsrück),Deutschland
10000529,Trier (Wildfreigehege Weißhauswald),Deutschland
10000530,Kempfeld (Wildfreigehege Wildenburg),Deutschland
10000531,Birkenfeld (Tierpark Schönewald),Deutschland
10000532,Weiskirchen-Rappweiler (Wildpark),Deutschland
10000533,Neunkirchen (Zoo),Deutschland
10000534,Saarbrücken-St. Johann (Wildpark),Deutschland
10000535,Merzig (Tierpark),Deutschland
10000536,Merzig (Werner-Freund-Wolfspark),Deutschland
10000537,Saarburg (Greifvogelpark),Deutschland
10000538,Freisen (Wildpark),Deutschland
10000539,Saarwellingen (Wildfreigehege Wolfsrath),Deutschland
10000540,Völklingen (Wildpark),Deutschland
10000541,Wadgassen-Differten (Wildpark),Deutschland
10000542,Mettlach-Orscholz (Tier- und Märchenpark Cloef - geschlossen ca. 2011),Deutschland
10000543,Landau (Zoo),Deutschland
10000544,Landau (Reptilium),Deutschland
10000545,Silz (Wild- und Wanderpark),Deutschland
10000546,Wachenheim an der Weinstraße (Kurpfalz-Park),Deutschland
10000547,Kaiserslautern (Zoo),Deutschland
10000548,Kaiserslautern (Wildpark),Deutschland
10000549,Föckelberg (Wildpark Potzberg),Deutschland
10000550,Kaiserslautern (Aquarium),Deutschland
10000551,Heidelberg (Zoo - vormals Tiergarten),Deutschland
10000552,Mannheim (Luisenpark),Deutschland
10000553,Ludwigshafen/Rhein (Wildpark Rheingönheim),Deutschland
10000554,Ludwigshafen/Rhein (Tiergehege im Ebertpark),Deutschland
10000555,Mannheim (Tiergehege im Herzogenriedpark),Deutschland
10000556,Mannheim-Gartenstadt (Waldvogelpark und Wildgehege Karlstern),Deutschland
10000557,Groß-Rohrheim (Vogelpark),Deutschland
10000558,Viernheim (Vogelpark),Deutschland
10000560,Biebesheim am Rhein (Vogelpark - geschlossen 2013),Deutschland
10000561,Bensheim (Vogelpark - geschlossen 2009),Deutschland
10000562,Heppenheim (Vogelpark - geschlossen 2021),Deutschland
10000563,Lampertheim (Vogelpark),Deutschland
10000564,Worms (Tiergarten),Deutschland
10000565,Birkenheide/Pfalz (Tierpark),Deutschland
10000566,Schifferstadt (Tierpark),Deutschland
10000567,Speyer (Sea Life),Deutschland
10000568,Bobenheim-Roxheim (Vogelpark),Deutschland
10000569,Böhl-Iggelheim (Kleintierzucht-Anlage und Vogelpark - geschlossen 2017),Deutschland
10000570,Haßloch (Vogelpark),Deutschland
10000571,Neuhofen (Vogelpark),Deutschland
10000572,Forst (Tier- und Vogelpark),Deutschland
10000573,Eggenstein-Leopoldshafen (Vogelpark),Deutschland
10000574,Weingarten (Vogelpark am alten Friedhof),Deutschland
10000575,Bruchsal-Untergrombach (Vogelpark),Deutschland
10000576,Karlsdorf-Neuthard (Vogelpark),Deutschland
10000577,Karlsdorf (Vogelpark Erlenwald),Deutschland
10000578,Karlsruhe (Vogelpark Neureut),Deutschland
10000579,Linkenheim-Hochstetten (Vogelpark),Deutschland
10000580,Bruchsal-Büchenau (Vogelpark),Deutschland
10000581,Stutensee (Vogelpark Friedrichstal),Deutschland
10000582,Stutensee (Vogelpark Blankenloch),Deutschland
10000583,Stutensee (Vogelpark Staffort),Deutschland
10000584,Pfinztal-Berghausen (Vogelpark),Deutschland
10000585,Bettembourg (Parc Merveilleux),Luxemburg
10000586,Walzbachtal-Jöhlingen (Vogelpark),Deutschland
10000587,Wörth am Rhein (Vogelpark des Vogelzucht- & Waldvogelliebhabervereins),Deutschland
10000588,Malsch bei Wiesloch (Letzenberg-Tierpark),Deutschland
10000589,Walldorf/Baden (Tierpark),Deutschland
10000590,Dielheim-Balzfeld (Vogelpark),Deutschland
10000591,Dettenheim-Liedolsheim (Vogelpark),Deutschland
10000592,Graben-Neudorf (Tier und Vogelpark),Deutschland
10000593,Heddesheim (Vogelpark),Deutschland
10000594,Hockenheim (Vogelpark - geschlossen 2016),Deutschland
10000595,Oberhausen-Rheinhausen (Vogelpark Oberhausen),Deutschland
10000597,Östringen (Vogelpark),Deutschland
10000598,Plankstadt (Vogelpark),Deutschland
10000599,Reilingen (Vogelpark),Deutschland
10000600,St. Leon-Rot (Kleintierzuchtanlage Rot),Deutschland
10000602,Karlsruhe (Tierpark Oberwald),Deutschland
10000603,Karlsruhe (Vivarium im Staatlichen Museum für Naturkunde),Deutschland
10000604,Karlsruhe (Zoologischer Stadtgarten),Deutschland
10000605,Malsch bei Karlsruhe (Tierpark),Deutschland
10000606,Muggensturm (Wildgehege),Deutschland
10000607,Rheinstetten-Forchheim (Kleintier-Zuchtanlage),Deutschland
10000608,Fürth-Erlenbach (Bergtierpark),Deutschland
10000609,Michelstadt-Eulbach (Englischer Garten),Deutschland
10000610,Schwarzach (Wildpark),Deutschland
10000611,Walldürn (Wildgehege Marsbachtal),Deutschland
10000612,Erbach/Odenwald (Wildpark Brudergrund),Deutschland
10000613,Nürnberg (Sea Life - geschlossen seit 2007),Deutschland
10000614,Stein (Freiland-Terrarium),Deutschland
10000615,Stödtlen-Gaxhardt (Pfauengarten),Deutschland
10000616,Eichstätt (Jura-Museum),Deutschland
10000617,Eichstätt (Wildpark zum Geländer),Deutschland
10000618,Colmberg (Wildgehege Schloss - vormals Wildpark - geschlossen),Deutschland
10000619,Crailsheim (Vogelpark),Deutschland
10000620,Riedenburg (Falkenhof Schloss Rosenburg),Deutschland
10000621,Lohberg (Bayerwald-Tierpark),Deutschland
10000622,Grafenau (Tierfreigelände I des Nationalparks Bayerischer Wald),Deutschland
10000623,Lindberg-Ludwigsthal (Tierfreigelände II des Nationalparks Bayerischer Wald),Deutschland
10000624,Furth im Wald-Sengebühl (Wildgehege Steinbruchsee),Deutschland
10000625,Bernried-Buchet (Hirschpark),Deutschland
10000626,Frauenau (Wildgehege),Deutschland
10000627,Bad Füssing (Falknerei Koltik - geschlossen 2015),Deutschland
10000628,Straubing (Tiergarten),Deutschland
10000629,Ortenburg-Irgenöd (Tierpark (ehemals: Vogelpark)),Deutschland
10000630,Ortenburg (Wildpark Schloss Ortenburg),Deutschland
10000631,Reisbach-Fellbach (Bayernpark),Deutschland
10000632,Abensberg (Vogelpark),Deutschland
10000633,Ulm (Aquarium/Tiergarten Friedrichsau),Deutschland
10000634,Göppingen (Der Kleine Tierpark),Deutschland
10000635,Heidenheim/Brenz (Wildpark Eichert),Deutschland
10000636,Reutlingen (Exotarium - geschlossen 2020),Deutschland
10000637,Meßstetten (Wildgehege),Deutschland
10000638,Albstadt-Ebingen (Alb-Aquarium),Deutschland
10000639,Balingen-Roßwangen (Tiergehege Plettenberghof - geschlossen ca. 2000),Deutschland
10000641,Tübingen (Aquarium Friedrichsau),Deutschland
10000642,Esslingen/Neckar (Tierpark Nymphaea),Deutschland
10000643,Ludwigsburg (Blühendes Barock),Deutschland
10000644,Beilstein (Burgfalknerei Hohenbeilstein),Deutschland
10000645,Schwaigern (Leintalzoo),Deutschland
10000646,Cleebronn (Wildparadies Tripsdrill - vormals Wildparadies Stromberg),Deutschland
10000647,Haßmersheim-Neckarmühlbach (Deutsche Greifenwarte Burg Guttenberg),Deutschland
10000648,Bretten/Baden (Waldtierpark),Deutschland
10000649,Öhringen (Tiergehege im Hofgarten),Deutschland
10000650,Sindelfingen (Vogeltierpark),Deutschland
10000651,Stuttgart (Wildgehege an der Solitude),Deutschland
10000652,Zuzenhausen (Vogelpark - geschlossen 2016),Deutschland
10000653,Sinsheim-Eschelbach (Vogel- und Tierpark Schönblick - geschlossen 2012),Deutschland
10000654,Pforzheim (Wildpark),Deutschland
10000655,Lahr/Schwarzwald (Stadtpark),Deutschland
10000656,Waldkirch (Schwarzwaldzoo),Deutschland
10000657,Freiburg/Breisgau (Tiergehege Mundenhof),Deutschland
10000658,Steinen-Hofen (Vogelpark Wiesental),Deutschland
10000659,Oberried (Steinwasenpark),Deutschland
10000660,Löffingen (Zoo und Freizeitpark Tatzmania - vormals Schwarzwaldpark),Deutschland
10000661,Salem (Affenberg),Deutschland
10000662,Waldshut-Tiengen (Wildpark),Deutschland
10000663,Lörrach (Tiergehege Rosenfels-Park),Deutschland
10000664,Unterkirnach (Vogelpark),Deutschland
10000665,Villingen-Schwenningen (Wildgehege Natzental),Deutschland
10000666,Baden-Baden (Wildgehege am Merkur),Deutschland
10000667,Neuweiler-Gaugenwald (Wildpark),Deutschland
10000668,Unteruhldingen (Reptilienhaus),Deutschland
10000669,Allensbach (Wild- und Freizeitpark),Deutschland
10000670,Insel Mainau (Blumeninsel),Deutschland
10000671,Konstanz (Sea Life),Deutschland
10000673,Bad Wurzach (Alpakahof - geschlossen 2009),Deutschland
10000674,Pfullendorf (Erlebnistierpark Jägerhof - geschlossen 2018),Deutschland
10000677,Augsburg (Zoo),Deutschland
10000678,Ingolstadt (Kleinzoo Wasserstern),Deutschland
10000679,Ingolstadt (Tiergehege am Baggersee),Deutschland
10000680,Olching (Vogelpark),Deutschland
10000681,München (Sea Life),Deutschland
10000682,Poing (Wildpark),Deutschland
10000684,Unterreith (Wildfreizeit Oberreith),Deutschland
10000685,Oberammergau (Reptilienhaus),Deutschland
10000686,Landsberg/Lech (Wildpark),Deutschland
10000687,Lenggries-Wegscheid (Falkenhof und Alpenwildpark - geschlossen 2018),Deutschland
10000688,Marquartstein (Märchen-Erlebnispark),Deutschland
10000689,München (Tierpark Hellabrunn),Deutschland
10000690,Grünwald (Tiergehege),Deutschland
10000691,Angermünde (NABU-Naturerlebniszentrum Blumberger Mühle),Deutschland
10000692,Aulendorf (Wildgehege),Deutschland
10000694,Bad Blankenburg (Falknerei Burg Greifenstein),Deutschland
10000695,Bad Brückenau (Tierpark Schloßgärtnerei - geschlossen 2024),Deutschland
10000696,Bad Driburg (Damhirschgehege),Deutschland
10000697,Bad Dürrenberg (Wildgehege),Deutschland
10000698,Bad Köstritz (Tiergehege),Deutschland
10000699,Bad Wiessee (Aquadom),Deutschland
10000700,Bad Windsheim (Fränkisches Freilandmuseum),Deutschland
10000701,Berlin (Naturhof Malchow),Deutschland
10000702,Berlin (Bärenzwinger - geschlossen 2015),Deutschland
10000703,Bernbeuren (Wildgehege),Deutschland
10000704,Blankenburg/Harz (Ritterlicher Adler- und Falkenhof Burg Regenstein - geschlossen 2017),Deutschland
10000705,Born am Darß (Natureum),Deutschland
10000706,Bünde-Randringhausen (Wildgehege - geschlossen),Deutschland
10000707,Burg/Spreewald (Biberhof & Aquarium),Deutschland
10000708,Burg/Spreewald (Tiergehege Welfenkönig - geschlossen),Deutschland
10000709,Selm (Wildpark am Schloss Cappenberg - geschlossen 2008),Deutschland
10000710,Chemnitz (Tiergehege im Botanischen Garten),Deutschland
10000711,Carlsberg (Wildpark),Deutschland
10000712,Deschka (Vogelpark Kunschmann),Deutschland
10000713,Dischingen (Wildgehege Schloss Duttenstein),Deutschland
10000714,Frauenau-Spiegelhütte (Wildgehege),Deutschland
10000715,Fremdiswalde (Ziegenhof - geschlossen 2012),Deutschland
10000716,Gmeinweiler-Kaisersbach (Schwaben-Park),Deutschland
10000717,Hagen-Wehringhausen (Wildgehege),Deutschland
10000718,Großrosseln-Karlsbrunn (Wildgehege),Deutschland
10000719,Hainichen (Tiergehege),Deutschland
10000720,Hambrücken (Vogel- und Walderholungspark),Deutschland
10000722,Hausen (Rhönhof - geschlossen 2008),Deutschland
10000724,Berlin (Heimattiergarten),Deutschland
10000725,Herzberg/Elster (Tierpark),Deutschland
10000726,Hetzdorf (Schulbauernhof),Deutschland
10000727,Heusweiler-Obersalbach (Wildfreigehege Kallenborn),Deutschland
10000728,Laar-Eschebrügge (Haustierpark),Deutschland
10000729,Lauchhammer-West (Tiergehege),Deutschland
10000730,Lohberg (Hörnchenzuchthof - geschlossen 2018),Deutschland
10000731,Lorsch (Vogelpark Birkengarten),Deutschland
10000732,Lübbenau-Lehde (Spreewaldaquarium),Deutschland
10000733,Magdeburg (Gruson-Gewächshäuser),Deutschland
10000734,Meckenbeuren (Spieleland Ravensburger),Deutschland
10000735,Meerbusch (Arche Noah),Deutschland
10000736,Meißen-Siebeneichen (Tierpark - geschlossen 2021),Deutschland
10000737,Faßberg (Wildpark Müden),Deutschland
10000738,Oelde (Vier-Jahreszeiten-Park),Deutschland
10000739,Oesterwurth-Wesselburen (Erlebnispark - geschlossen 2012),Deutschland
10000740,Pforzheim (Wildgehege Büchenbronn),Deutschland
10000741,Köln (Wildgehege & Greifvogelstation Gut Leidenhausen),Deutschland
10000742,Potsdam (Biosphäre),Deutschland
10000743,Prätenow (Wisentpark Insel Usedom),Deutschland
10000744,Putbus (Wildgehege),Deutschland
10000745,Raesfeld (Tiergarten am Schloss),Deutschland
10000746,Schwentinental (Wildpark im Schwentinepark Raisdorf),Deutschland
10000747,Schwentinental (Vogelpark Villa Fernsicht - geschlossen 2010),Deutschland
10000748,Rheurdt (Wildgehege Oermter Berg),Deutschland
10000749,Ronneburg (Falknerei),Deutschland
10000750,Rotenburg/Fulda (Wildgehege),Deutschland
10000751,Rülzheim (Streichelzoo),Deutschland
10000752,Saalfeld (Tiergehege),Deutschland
10000753,Salzwedel (Tiergarten im Friedenspark),Deutschland
10000754,Scheidegg (Reptilienzoo),Deutschland
10000756,Schladen (Schlangenfarm),Deutschland
10000757,Schongau (Märchen- und Tierpark),Deutschland
10000758,Schwetzingen (Volieren im Schloßgarten),Deutschland
10000759,Sigmaringen (Wildpark Josefslust),Deutschland
10000760,Spremberg (Tiergehege),Deutschland
10000761,Stuttgart (Höhenpark Killesberg),Deutschland
10000762,Wuppertal-Langerfeld (Wildgehege Ehrenberg),Deutschland
10000763,Wunsiedel (Falknerei und Gehege Katharinenberg),Deutschland
10000764,Wredenhagen (Adler- und Greifenwarte - geschlossen 2009),Deutschland
10000765,Westerstede (Ammerländer Vogel- und Landschaftspark - geschlossen 2012),Deutschland
10000766,Trossingen (Wildgehege im Gauger),Deutschland
10000767,Tannheim (Wildgehege Oyhof),Deutschland
10000769,Hamburg (Wildgehege im Bergedorfer Gehölz - geschlossen 2007),Deutschland
10000770,Hamburg (Niendorfer Gehege),Deutschland
10000771,Essen (Wildgehege Heissiwald),Deutschland
10000772,Blindham-Aying (Bergtierpark),Deutschland
10000773,Lonau (Auerhuhngehege),Deutschland
10000774,Plock (Zoo),Polen
10000775,Krakow (Zoo),Polen
10000776,Ljubljana (Zoo),Slowenien
10000777,Zagreb (Zoo),Kroatien
10000778,Kardemomme (Kristiansand Dyrepark),Norwegen
10000779,Bardu (Polar Park),Norwegen
10000780,Ambert (Parc Zoologique du Bouy - geschlossen 2015),Frankreich
10000781,Amneville (Aquarium),Frankreich
10000782,Ardes sur Couze (Parc Animalier d Auvergne),Frankreich
10000783,Argeles sur Mer (Vogelpark - geschlossen),Frankreich
10000784,Arnay sous Vitteaux (Parc de l` Auxois),Frankreich
10000785,Audierne (L´Aquashow),Frankreich
10000786,Auriol (Ferme animalière dAuriol),Frankreich
10000787,Autréche (Réserve de Beaumarchais),Frankreich
10000788,Beauvoir (Aligator Bay),Frankreich
10000789,Biarritz (Aquarium),Frankreich
10000790,Boulogne sur Mer (Aquarium Nausicaa),Frankreich
10000791,Le Breil sur Merize (Domaine Zoologique Pescheray),Frankreich
10000792,Brest (Océanopolis Aquarium),Frankreich
10000793,Cap d´Agde (Aquarium Marin du Cap d´Agde - geschlossen 2020),Frankreich
10000794,Casteil (Parc Animalier de Casteil),Frankreich
10000795,Chauvigny (Les Géants du Ciel),Frankreich
10000796,Cherbourg-Octeville (La Cité de la Mer),Frankreich
10000797,Clères (Le Parc de Clères),Frankreich
10000798,Courzieu (Parc animalier de Courzieu),Frankreich
10000799,Hermival les Vaux (CERZA Lisieux),Frankreich
10000800,Deux-Chaises (Parc animalier),Frankreich
10000801,Fontenay les Louvets (Vogelpark),Frankreich
10000802,Fort Mardyck (Bio-Topia - vormals Zoo),Frankreich
10000803,Frejus (Zoo),Frankreich
10000804,Gramat (Parc Animalier),Frankreich
10000805,Jurques (Zoo),Frankreich
10000807,La Bastide de Sérou (La Ferme des Reptiles),Frankreich
10000808,La Boissière du Doré (Zoo),Frankreich
10000809,La Flèche (Zoo),Frankreich
10000810,La Londe (Jardin zoologique tropical),Frankreich
10000812,La Rochelle (Aquarium),Frankreich
10000813,La Teste de Buch (Zoo du Bassin dArcachon),Frankreich
10000814,La Trimouille (Vivarium - geschlossen),Frankreich
10000815,Labenne (Reptilarium - geschlossen 2022),Frankreich
10000816,Le Bouillon (Parc animalier dEcouves),Frankreich
10000817,Le Croisic (Aquarium),Frankreich
10000818,Le Grau du Roi (Seaquarium),Frankreich
10000819,Le Guerno (Parc de Branféré),Frankreich
10000821,Le Vigen (Parc Zoo du Reynou),Frankreich
10000822,Les Abrets (Domaine des Fauves),Frankreich
10000823,Les Angles (Parc animalier),Frankreich
10000824,Les Mathes (Zoo de La Palmyre),Frankreich
10000825,Les Sables d´Olonne (Zoo),Frankreich
10000826,Les Saintes Maries de la Mer (Vogelpark Pont-de-Gau),Frankreich
10000827,Lille (Zoo),Frankreich
10000829,Lyon (Zoo),Frankreich
10000830,Martel en Quercy (Reptiland),Frankreich
10000831,Maubeuge (Zoo),Frankreich
10000832,Mervent (Zoo - geschlossen 1998),Frankreich
10000833,Montaigu la Brisette (Parc Animalier Saint Martin),Frankreich
10000834,Montpellier (Zoo),Frankreich
10000835,Mulhouse (Zoo),Frankreich
10000836,Lumigny-Nesles-Ormeaux (Lumigny Safari Reserve - ehemals Le parc des Felins / Terre de Singes),Frankreich
10000838,Obterre (Espace Animalier de la Haute-Touche),Frankreich
10000839,Orlu (La Maison des Lours),Frankreich
10000840,Ottrott (Aquarium les 3 Vagues - geschlossen),Frankreich
10000841,Ozoir la Ferrière (Zoo du Bois dAtilly),Frankreich
10000842,Paris (Ménagerie/Jardin des Plantes),Frankreich
10000843,Paris (Aquarium tropical - Palais de la Porte Dorée),Frankreich
10000844,Peaugres (Safaripark),Frankreich
10000845,Pessac (Zoo de Bordeaux),Frankreich
10000846,Pierrelatte (La Ferme aux Crocodiles),Frankreich
10000847,Plaisance du Touch (African Safari),Frankreich
10000848,Pleugueneuc (Zoo la Bourbansais),Frankreich
10000849,Plouagat (Terrarium & Vivarium de Kerdanet),Frankreich
10000850,Pont-Scorff (Les Terres de Nataé),Frankreich
10000851,Port-Saint-Père (Planète Sauvage),Frankreich
10000853,Romagne (La Vallée des Singes),Frankreich
10000854,Saint-Clément-des-Baleines (Parc Amazonia - vormals Arche de Noé),Frankreich
10000855,Saint Martin la Plaine (Zoo),Frankreich
10000856,Saint Quentin en Tourmont (Vogelpark),Frankreich
10000857,Sainte Eulalie de Cernon (Le Reptilarium du Larzac),Frankreich
10000858,Saint-Malo (Aquarium),Frankreich
10000859,Salles La Source (Zoo - geschlossen 2017),Frankreich
10000860,Sanary-sur-Mer (ZOA Parc),Frankreich
10000861,Sigean (Réserve Africaine),Frankreich
10000862,Strasbourg (Zoo/Orangerie - geschlossen 2022),Frankreich
10000863,Thoiry (Safari),Frankreich
10000864,Treffendel (Zoo),Frankreich
10000865,Upie (Le Jardin aux Oiseaux),Frankreich
10000866,Villars les Dombes (Parc des Oiseaux),Frankreich
10000867,Villedieu-les-Poêles (Zoo de Champrépus),Frankreich
10000869,Villiers-en-bois (Zoodyssée),Frankreich
10000870,Carrigtwohill (Fota Wildlife Park),Irland
10000871,Dublin (Zoo),Irland
10000872,Apeldoorn (Apenheul),Niederlande
10000873,Arnhem (Burgers Zoo),Niederlande
10000874,Emmen (Dierenpark - geschlossen 2015),Niederlande
10000875,Harderwijk (Dolfinarium),Niederlande
10000876,Hilvarenbeek (Safaripark Beekse Bergen),Niederlande
10000877,Kerkrade (GaiaZoo),Niederlande
10000878,Leeuwarden (Aquazoo),Niederlande
10000880,Rhenen (Ouwehands Dierenpark),Niederlande
10000881,Alphen aan den Rijn (Vogelpark Avifauna),Niederlande
10000882,Veldhoven (Zoo - vormals Nederlands Opvangcentrum voor Papegaaien),Niederlande
10000883,Lodz (Zoo),Polen
10000884,Chorzów (Silesian Zoological Garden),Polen
10000885,Wroclaw (Zoo),Polen
10000886,Warszawa (Zoo),Polen
10000887,Poznan (Stare Zoo),Polen
10000888,Algoz (Krazy World),Portugal
10000889,Lagos (Zoo),Portugal
10000890,Lisboa (Oceanario),Portugal
10000891,Monchique (Omega Parque Jardim Zoologico - geschlossen seit 2007),Portugal
10000892,Vila Nova St Andre (Badoca Safari Park),Portugal
10000893,Boras (Djurpark),Schweden
10000894,Stockholm (Zoo/Skansen),Schweden
10000895,Bojnice (Zoo),Slowakei
10000896,Košice (Zoo),Slowakei
10000897,Stropkov (Zoopark),Slowakei
10000898,Spišská Nová Ves (Zoo),Slowakei
10000899,Bratislava (Zoo),Slowakei
10000900,Albinyana (Aqualeón - geschlossen 2015),Spanien
10000901,Barcelona (Zoo),Spanien
10000902,Benidorm (Aquapark Mundomar),Spanien
10000903,Castellar de la Frontera (Zoo),Spanien
10000904,El Vergel (Safaripark - geschlossen 2010),Spanien
10000905,Fuengirola (Bioparc),Spanien
10000906,Jerez (Zoobotanico),Spanien
10000907,Estepona (Selwo Aventura),Spanien
10000908,Benalmádena (Selwo Marina Delfinarium),Spanien
10000909,Matapozuelos (Valwo Parque de la Naturaleza - geschlossen 2007),Spanien
10000910,Peñáguila (Safari Aitana),Spanien
10000911,Santillana del Mar (Zoo y Parque Cuaternario),Spanien
10000912,Guillena (MundoPark),Spanien
10000913,Valencia (L Oceanografic),Spanien
10000914,Chomutov (Zoopark),Tschechien
10000915,Decin (Rajske Ostrovy),Tschechien
10000916,Decin (Zoo),Tschechien
10000917,Dvur Kralove (Zoo),Tschechien
10000918,Hodonin (Zoo),Tschechien
10000919,Liberec (Zoo),Tschechien
10000920,Ostrava (Zoo),Tschechien
10000921,Ústí nad Labem (Zoologická zahrada),Tschechien
10000922,Vyskov (Zoopark),Tschechien
10000923,Zlin (Zoologická zahrada Zámek Lešná),Tschechien
10000924,Budapest (Zoo - Fővárosi Állat- és Növénykert),Ungarn
10000925,Pécs (Állatkert és Akvárium-Terrárium),Ungarn
10000926,Szeged (Vadaspark),Ungarn
10000927,Veszprém (Kittenberger Kálmán Növény és Vadaspark / Zoo),Ungarn
10000929,Bekesbourne (Howletts Wild Animal Park),Vereinigtes Königreich
10000930,Bristol (Zoo - geschlossen 2022),Vereinigtes Königreich
10000931,Broxbourne (Hertfordshire Zoo - vormals Paradise Wildlife Park),Vereinigtes Königreich
10000932,Colchester (Zoo),Vereinigtes Königreich
10000933,Dudley (Zoo),Vereinigtes Königreich
10000934,Banham (Banham Zoo),Vereinigtes Königreich
10000935,Hamerton (Zoo),Vereinigtes Königreich
10000936,Kessingland (Africa Alive!),Vereinigtes Königreich
10000937,Linton (Zoo),Vereinigtes Königreich
10000938,Lympne (Port Lympne Wild Animal Park),Vereinigtes Königreich
10000939,Newquay (Zoo),Vereinigtes Königreich
10000940,Torquay (Living Coasts - geschlossen 2020),Vereinigtes Königreich
10000941,Sandwich (Wildlife Park / vormals Rare Species Conservation Centre - geschlossen 2021),Vereinigtes Königreich
10000942,Weyhill (The Hawk Conservancy - vormals Weyhill Wildlife Park),Vereinigtes Königreich
10000943,Winchester (Marwell Zoo),Vereinigtes Königreich
10000944,Belfast (Zoo),Vereinigtes Königreich
10000945,Inha (Ähtärin eläinpuisto),Finnland
10000946,Helsinki (Korkeasaari Zoo),Finnland
10000947,Ranua (Wildlife Park),Finnland
10000948,Cambron-Casteau (Pairi Daiza - vormals Parc Paradisio),Belgien
10000949,Deigne-Aywaille (Monde Sauvage Zoo),Belgien
10000950,Olmen Balen (Pakawi Park - vormals Zoo),Belgien
10000951,Theux (Forestia / vormals Parc Animalier de la Reid),Belgien
10000952,Han-sur-Lesse (La Grotte de Han),Belgien
10000953,Genk (Zoo - geschlossen 1997),Belgien
10000954,Asnaes (Odsherred Zoo),Dänemark
10000955,Balle (Munkholm Zoo),Dänemark
10000956,Bandholm (Knuthenborg Safari Park),Dänemark
10000957,Blavand (Zoo),Dänemark
10000958,Nykobing Mors (Jesperhus JungleZoo),Dänemark
10000959,Ebeltoft (Ree Park Safari),Dänemark
10000960,Eskilstrup (Krokodille Zoo),Dänemark
10000962,Hirtshals (Nordsøen Oceanarium),Dänemark
10000963,Kolind (Skandinavisk Dyrepark),Dänemark
10000964,Grenaa (Kattegatcentret/Aquarium),Dänemark
10000965,Givskud (Zoo),Dänemark
10000966,Lintrup (Glad Zoo - ehem. Safaripark),Dänemark
10000968,Riga (Zoo),Lettland
10000969,Mykolayiv (Zoopark),Ukraine
10000970,Sankt-Peterburg (Leningradskiy zoopark),Russland
10000971,Belpasso (Parco Zoo di Sicilia - geschlossen),Italien
10000972,Bussolengo-Verona (Parco Natura Viva),Italien
10000973,Valbrembo-Bergamo (Parco Faunistico Le Cornelle),Italien
10000974,Falconara Marittima (Parco Zoo Falconara),Italien
10000975,Fasano (Zoosafari Fasanolandia),Italien
10000976,Genova (Aquarium),Italien
10000977,Lignano Sabbiadoro (Parco Zoo Punta Verde),Italien
10000978,Milano (Aquarium),Italien
10000979,Murazzano (Parco Safari delle Langhe),Italien
10000981,Napoli (Zoo),Italien
10000982,Napoli (Aquarium),Italien
10000983,Perugia (Citta Della Domenica),Italien
10000984,Pinerolo (Parco Martinat - geschlossen 2010),Italien
10000985,Pombia (Safari Park Lago Maggiore),Italien
10000986,Roma (Bioparco - vormals Zoo),Italien
10000987,Sofia (Zoo),Bulgarien
10000988,Soltau (Heidepark - Tierhaltung geschlossen seit 2011),Deutschland
10000990,Kyjiw (Zoopark),Ukraine
10000991,Fellbach (Wildgehege),Deutschland
10000992,Overloon (ZooParc),Niederlande
10000994,Tournai (Musee d Histoire Naturelle),Belgien
10000995,Vissenbjerg (Terrarium),Dänemark
10000996,Jeruschalajim (The Tisch Family Zoological Gardens),Israel
10000997,Kfar Daniel (IPSF Ben Shemen Forest),Israel
10000998,Ramat Gan (Zoological Center Tel-Aviv),Israel
10000999,Agrate Conturbia (Parco Faunistico La Torbiera),Italien
10001001,Kaunas (Zoo),Litauen
10001002,Gdansk-Oliwa (Miejski Ogrod Zoologiczny Wybrzeza Gdansk),Polen
10001003,Opole (Zoo),Polen
10001004,Swierkocin (Zoo Safari - geschlossen 2017),Polen
10001005,Kaliningrad (Zoopark),Russland
10001006,Perm (Zoopark),Russland
10001007,Rostov-na-Donu (Zoopark),Russland
10001008,Seversk (Zoopark prirodnyy park),Russland
10001009,Eskilstuna (Parken Zoo),Schweden
10001010,Furuvik (Furuviksparken),Schweden
10001011,Hunnebostrand (Nordens Ark),Schweden
10001012,Järvsö (Vildriket - ehemals Järvzoo AB),Schweden
10001013,Kolmarden (Tierpark),Schweden
10001014,Wissel (Dierenpark - geschlossen seit 2015),Niederlande
10001016,Tilburg (Dierenpark De Oliemeulen),Niederlande
10001017,Best (BestZoo),Niederlande
10001018,Bergen aan Zee (Zee Aquarium),Niederlande
10001019,Blankenberge (Serpentarium - geschlossen 2021),Belgien
10001022,Brugge (Boudewijn Seapark - vormals Boudewijnpark),Belgien
10001023,Blankenberge (Sea Life),Belgien
10001024,Aberford (Lotherton Wildlife World / vormals Bird Garden),Vereinigtes Königreich
10001025,Alfriston (Drusillas Zoo Park),Vereinigtes Königreich
10001026,Ballaugh (Curraghs Wildlife Park),Vereinigtes Königreich/Isle of Man
10001028,Bourton-on-the-Water (Birdland Park & Gardens),Vereinigtes Königreich
10001029,Burford (Cotswold Wildlife Park),Vereinigtes Königreich
10001030,Chard (Cricket St Tomas Wildlife Park - geschlossen 2009),Vereinigtes Königreich
10001031,Chessington (World of Adventures - bis 1987 Zoo),Vereinigtes Königreich
10001032,Chester (Zoo),Vereinigtes Königreich
10001033,Colwyn Bay (Welsh Mountain Zoo),Vereinigtes Königreich
10001035,Dundee (Camperdown Wildlife Centre),Vereinigtes Königreich
10001036,Glasgow (Zoo - geschlossen 2003),Vereinigtes Königreich
10001037,Hayle (Paradise Park),Vereinigtes Königreich
10001038,Kingussie (Highland Wildlife Park),Vereinigtes Königreich
10001039,Trinity (Jersey Zoo - vormals Durrell Wildlife Conservation Trust),Vereinigtes Königreich/Bailiwick of Jersey
10001040,Milnthorpe (Lakeland Wildlife Oasis),Vereinigtes Königreich
10001041,Leeds (Harewood Bird Garden - geschlossen 2023),Vereinigtes Königreich
10001042,London (Hanwell Zoo - vormals Brent Lodge Park Animal Centre),Vereinigtes Königreich
10001043,London (Battersea Park Childrens Zoo),Vereinigtes Königreich
10001044,Maidstone (Leeds Castle Enterprises Ltd. - geschlossen 2012),Vereinigtes Königreich
10001045,Cilfrew (Penscynor Wildlife Park - geschlossen 1998),Vereinigtes Königreich
10001046,Southport (Zoo and Conservation Trust - geschlossen 2004),Vereinigtes Königreich
10001048,Twycross (Zoo),Vereinigtes Königreich
10001049,Dunstable (ZSL Whipsnade Zoo),Vereinigtes Königreich
10001051,Clingen (Tierpark),Deutschland
10001052,Willingen/Upland (Wild- und Freizeitpark),Deutschland
10001053,Metelen (DinoZoo - vormals Vogelpark / Abenteuerzoo / Zoopark),Deutschland
10001055,Gelsenkirchen (Zoom-Erlebniswelt - vormals Ruhr-Zoo),Deutschland
10001056,Hamburg (Zoo / zuletzt Vogelpark - geschlossen 1931),Deutschland
10001057,Zürich (Zoo),Schweiz
10001058,Langnau am Albis (Wildnispark Langenberg),Schweiz
10001059,Winterthur (Wildpark Bruderhaus),Schweiz
10001060,Zürich (Voliere Mythenquai),Schweiz
10001061,Wallenwil (Schlangenzoo Eschlikon),Schweiz
10001062,Wila (Vivarium Tablat),Schweiz
10001063,Gossau (Walter Zoo AG / vormals Abenteuerland Walter-Zoo),Schweiz
10001064,Eichberg (Erlebniszoo - geschlossen 2011),Schweiz
10001065,St. Gallen (Wildpark Peter und Paul),Schweiz
10001066,Bad Ragaz (Zoo Leopard - geschlossen 2015),Schweiz
10001067,Rapperswil (Knies Kinderzoo),Schweiz
10001068,Frauenfeld (Plättli-Zoo),Schweiz
10001069,Kreuzlingen (Tierpark Seeburg),Schweiz
10001070,Lipperswil (Connyland),Schweiz
10001071,St. Gallen (Voliere - geschlossen 2025),Schweiz
10001072,Unteriberg (Tierpark Hoch-Ybrig),Schweiz
10001073,Basel (Zoo),Schweiz
10001074,Basel (Tierpark Lange Erlen),Schweiz
10001075,Reinach (Tierpark),Schweiz
10001076,Augst (Römischer Haustierpark),Schweiz
10001077,Aarau (Wildpark Roggenhausen),Schweiz
10001078,Rüfenach (Zoo Hasel),Schweiz
10001079,Bad Zurzach (Tierpark Zurziberg),Schweiz
10001080,Langenthal (Tierpark),Schweiz
10001081,Olten (Wildpark Mühletäli),Schweiz
10001082,Olten (Stadtvoliere - geschlossen 2026),Schweiz
10001083,Solothurn (Voliere),Schweiz
10001084,Zofingen (Wildpark Heitern),Schweiz
10001085,Goldau (Natur- und Tierpark),Schweiz
10001086,Rothenburg (Tonis Zoo),Schweiz
10001087,Sempach (Schweizerische Vogelwarte),Schweiz
10001088,Altdorf (Blumen- und Vogelpark Moosbad - geschlossen 2021),Schweiz
10001089,Luzern (Hirschpark),Schweiz
10001090,Luzern (Voliere),Schweiz
10001091,Stansstad (Voliere),Schweiz
10001092,Zug (Voliere),Schweiz
10001093,Zug (Hirschgarten),Schweiz
10001094,Kandergrund (Tierpark Riegelsee - geschlossen 2012),Schweiz
10001095,Interlaken (Alpenwildpark),Schweiz
10001096,Bern (Tierpark),Schweiz
10001097,Kerzers (Papiliorama),Schweiz
10001098,Studen (Erlebniswelt Seeteufel),Schweiz
10001099,Bern (BärenPark / ehem. Bärengraben),Schweiz
10001100,Bern-Bethlehem (Tiergehege Gäbelbach - geschlossen),Schweiz
10001101,Kallnach (Johns kleine Farm - geschlossen 2024),Schweiz
10001102,Lützelflüh (Tierpark Sonnhalde),Schweiz
10001103,Biel (Tierpark Bözingerberg),Schweiz
10001104,La Chaux-de-Fonds (MUZOO - vormals Parc Zoologique du Bois du Petit Château),Schweiz
10001106,Crémines (Zoo Jurassien Siky-Ranch),Schweiz
10001107,Gampelen (Zoo Rothaus - geschlossen),Schweiz
10001108,Servion (Zoo),Schweiz
10001109,Lausanne (Vivarium - geschlossen 2015),Schweiz
10001110,Nyon (Aquarium Museé de Léman),Schweiz
10001111,Le Vaud (Zoo la Garenne),Schweiz
10001112,Le Pont-Vallorbe (Juraparc),Schweiz
10001113,Genève (Conservatoire et Jardin Botaniques),Schweiz
10001114,Salvan (Zoo des Marécottes),Schweiz
10001115,Fiesch (Tierpark - geschlossen 2021),Schweiz
10001116,Grimselpass (Murmeltierpark),Schweiz
10001117,Grindelwald (Alpenvogelpark Ischboden),Schweiz
10001118,Neggio (Zoo Al Maglio),Schweiz
10001119,Lugano (Parco Tassino - geschlossen),Schweiz
10001120,Konstanz (Terrarium und Aquarium der Universität Konstanz),Deutschland
10001122,Tabernas (Oasys Mini Hollywood),Spanien
10001123,Plzen (AkvaTera),Tschechien
10001124,Rübeland (Hermannshöhle),Deutschland
10001125,Überlingen-Bambergen (Haustierhof Reutemühle / Bodensee-Zoo),Deutschland
10001126,"Shaldon (Wildlife Trust, Teignmouth)",Vereinigtes Königreich
10001127,Bewdley (West Midland Safari Park),Vereinigtes Königreich
10001130,Mierlo (Eindhoven Zoo - vormals Dierenrijk),Niederlande
10001131,Grünhain-Beierfeld (Natur- und Wildpark Waschleithe),Deutschland
10001133,Yekaterinburg (Zoopark),Russland
10001134,Zamosc (Ogrod Zoologiczny im. Stefana Milera),Polen
10001335,Höör (Skånes Djurpark),Schweden
10001336,Waghäusel (Vogelpark Kirrlach),Deutschland
10001337,Neu-Ulm (Schildkröten- und Reptilienzoo),Deutschland
10001338,Rhodes (Parc animalier de Sainte Croix),Frankreich
10001340,Romanèche-Thorins (Touroparc),Frankreich
10001341,Trégomeur (Zoo),Frankreich
10001342,Rüsselsheim (Tierheim),Deutschland
10001343,Bouillon (Parc Animalier),Belgien
10001344,Boekelo (Labyrinth Zoo - geschlossen 2012),Niederlande
10001345,Platschow (Elefantenhof),Deutschland
10001346,Dürrwangen-Haslach (Wille Kinderzoo),Deutschland
10001347,Benidorm (Terra Natura Park),Spanien
10001349,Castrop-Rauxel (Wildgehege Grutholz),Deutschland
10001350,Göttingen (Wildpark),Deutschland
10001351,Thermalbad Wiesenbad (Tiergehege Hohenwendel - geschlossen 2016),Deutschland
10001352,Obermaiselstein (Alpenwildpark),Deutschland
10001355,Schillingsfürst (Jagdfalkenhof),Deutschland
10001356,Bonn (Botanischer Garten),Deutschland
10001357,Wilhelmshaven (Vogelgarten - geschlossen 2014),Deutschland
10001359,Borkop (Skaerup Zoo),Dänemark
10001360,Arcachon (Musee Aquarium),Frankreich
10001361,Debrecen (Nagyerdei Kultúrpark / Zoo),Ungarn
10001362,Homburg/Saar (Wildgehege),Deutschland
10001363,Cabarceno (Parque de la Naturaleza),Spanien
10001364,Pelissane (Parc Zoologique de la Barben),Frankreich
10001365,Rieste (Arche Alfsee),Deutschland
10001366,Lussault-Sur-Loire (Grand Aquarium de Touraine),Frankreich
10001367,Friedberg-Ockstadt (Krokodilzoo),Deutschland
10001368,Regensburg (Reptilienzoo - geschlossen 2015),Deutschland
10001369,Delft (SERPO - vorübergehend geschlossen seit 2009),Niederlande
10001370,Paris (Aquarium de Paris - Cineaqua - ehemals Aquarium du Trocadéro),Frankreich
10001371,Palafolls (Marineland Catalunya),Spanien
10001372,Lourosa (Zoo / Parque Ornitologico),Portugal
10001373,La Mulatière (Aquarium du Grand Lyon),Frankreich
10001374,Benalmádena (Sea Life),Spanien
10001375,London (Sea Life - vormals Aquarium),Vereinigtes Königreich
10001376,Talmont Saint-Hilaire (Aquarium de Vendée - vormals Le Septième Continent),Frankreich
10001377,Antwerpen (Aquatopia - geschlossen 2017),Belgien
10001378,Münster (Westfälischer Zoologischer Garten - geschlossen 1973),Deutschland
10001379,Noirmoutier (Sealand-Aquarium - geschlossen 2022),Frankreich
10001380,Cumbernauld (Palacerigg Country Park),Vereinigtes Königreich
10001381,Wolfsburg (Tiergehege),Deutschland
10001382,Bad Karlshafen-Helmarshausen (Bergzoo - geschlossen 2003),Deutschland
10001384,Alfeld-Brunkensen (Freizeitzoo Fliegenpilz - geschlossen 2001),Deutschland
10001385,Hamburg (Wildgatter Hirschpark - geschlossen 2026),Deutschland
10001386,Erding (Stadtpark),Deutschland
10001387,Chleby (Zoo),Tschechien
10001388,Puerto de la Cruz (Loro Parque),Spanien
10001389,Barcelona (Aquarium),Spanien
10001391,Stockholm (Skansen/Akvariet),Schweden
10001392,Novosibirsk (Zoopark imeni R.A. Shilo),Russland
10001393,Ålesund (Atlanterhavsparken),Norwegen
10001394,Untergruppenbach (Greifenwarte - geschlossen 2004),Deutschland
10001395,Marne la Vallee (Sea Life Val dEurope),Frankreich
10001397,Esbjerg (Fiskeri- og Søfartsmuseet),Dänemark
10001398,Hannover (Regenwaldhaus - zum Sea Life umgebaut),Deutschland
10001399,Chapel-en-le-Frith (Chestnut Centre and Wildlife Park - geschlossen 2017),Vereinigtes Königreich
10001400,Groß-Gerau (Safariland - geschlossen 1985),Deutschland
10001401,Pistoia (Zoo),Italien
10001402,Kolmarden (Tropicarium),Schweden
10001403,Stuer (Bärenwald Müritz),Deutschland
10001404,Wassenaar (Dierenpark - geschlossen 1985),Niederlande
10001405,Spata (Attica Zoological Park),Griechenland
10001406,Torino (Giardino Zoologico Della Citta - geschlossen 1987),Italien
10001408,Elche (Rio Safari),Spanien
10001409,Osijek (Zoo),Kroatien
10001410,Woburn (Safari Park),Vereinigtes Königreich
10001412,Valencia (Bioparc),Spanien
10001413,Nykobing Falster (Pangea Park - ehemals Guldborgsund Zoo & Botaniske Have),Dänemark
10001414,Naestved (Zoopark Sydsjælland),Dänemark
10001415,Kobelev (Gron Verden - geschlossen 2010),Dänemark
10001416,Graested (Nordsjællands Fuglepark - geschlossen 2023),Dänemark
10001417,Tommerup (Frydenlund Fuglepark),Dänemark
10001418,Haunstrup (Jyllands Park-Zoo),Dänemark
10001419,Madrid (Faunia),Spanien
10001420,Massa Marittima (Centro Carapax - geschlossen),Italien
10001421,Cecina (Giardino zoologico Gallorose),Italien
10001422,Bremen (Tierpark Georg Munroe - geschlossen 1975),Deutschland
10001423,Leer-Logabirum (Ostfriesischer Zoo Onkel Heini - geschlosssen 1990),Deutschland
10001424,Rhede-Krechting (Tierpark Schloss Krechting - geschlossen ca. 1984),Deutschland
10001426,Beesd (Uilen- en dierenpark de Paay),Niederlande
10001427,Mervent (Natur´Zoo),Frankreich
10001428,Frossay (Grand Parc des Légendes),Frankreich
10001430,Görlitz (Vivarium des Senckenberg Museums für Naturkunde),Deutschland
10001431,Blain (La Ferme de l´Orme - geschlossen 2016),Frankreich
10001433,Leipzig (Haustier-Farm im Wildpark),Deutschland
10001434,Saint André des Eaux (Ker Anas - geschlossen 2015),Frankreich
10001438,Ingelheim/Rhein (Tiger-Garten Waldeck),Deutschland
10001439,Maspalomas (Palmitos Park),Spanien
10001440,Nyíregyháza (Sóstó Zoo),Ungarn
10001441,Sachsenhagen (Artenschutz-Station),Deutschland
10001442,Pafos (Zoo),Zypern
10001443,Winkhill (Peak Wildlife Park - vormals Blackbrook Zoological Park),Vereinigtes Königreich
10001444,Costa d´en Blanes (Marineland),Spanien
10001445,Los Cristianos (Las Águilas Jungle Park),Spanien
10001446,Kecskemét (Vadaskert),Ungarn
10001447,Györ (Xantus János Állatkert / Zoo),Ungarn
10001448,Miskolc (Állatkert - vormals Állatkert és Kultúrpark),Ungarn
10001449,Jászberény (Állat- és Növénykert),Ungarn
10001450,Budakeszi (Vadaspark),Ungarn
10001451,Abony (Magán Zoo - geschlossen 2015),Ungarn
10001452,Klötze (Tiergehege Arche Noah),Deutschland
10001453,Balatonszárszó (Krokodil Zoo - geschlossen 2015),Ungarn
10001454,Budapest (Tropicarium és Óceanárium),Ungarn
10001455,Protivin (Krokodýlí zoo),Tschechien
10001456,Reichenau (Reptilienzoo Nockalm),Österreich
10001457,Tuitjenhorn (Dierenpark Blanckendaell),Niederlande
10001458,Constanta (Delfinariu),Rumänien
10001459,Eriksberg (Eriksbergs Vilt- och Naturpark),Schweden
10001460,Mörrum (Laxens Hus),Schweden
10001461,Tilburg (Tilburgs Dierenpark - geschlossen 1973),Niederlande
10001462,Berlin (Aquarium unter den Linden - geschlossen 1910),Deutschland
10001463,Berlin (Tiergehege im Volkspark Hasenheide),Deutschland
10001464,Calviac (Réserve zoologique),Frankreich
10001465,Nicosia (Melios Pet Centre),Zypern
10001466,Wraxall (Noahs Ark Zoo Farm),Vereinigtes Königreich
10001468,Dvorec (Zoo),Tschechien
10001469,Brühl (Phantasialand - Tierhaltung geschlossen 1991),Deutschland
10001470,Sierksdorf (Hansa-Park),Deutschland
10001472,Bietigheim-Bissingen (Tiergehege im Stadtgarten),Deutschland
10001473,Lelystad (Natuurpark),Niederlande
10001474,Haarlem (Artisklas),Niederlande
10001475,Slimbridge (Wildfowl and Wetlands Trust),Vereinigtes Königreich
10001476,Civaux (Terre de Dragons),Frankreich
10001477,Hull (The Deep Aquarium),Vereinigtes Königreich
10001480,Konstanz (Voliere im Stadtgarten),Deutschland
10001481,Hürth (Erlebnisbauernhof Gertrudenhof),Deutschland
10001482,Morecambe (Winged World - geschlossen ca. 1978),Vereinigtes Königreich
10001483,Neuss (Kinderbauernhof und Wildgehege Selikum),Deutschland
10001484,Ashford (The Big Cat Sanctuary),Vereinigtes Königreich
10001485,Kallenkote (Taman Indonesia),Niederlande
10001486,Verden (Magic Park),Deutschland
10001489,Malaga (El Retiro Park - geschlossen 2007),Spanien
10001490,Chateau-Gontier (Refuge de lArche),Frankreich
10001491,Cadaujac (Ferme exotique),Frankreich
10001493,Ruinen (Vogel- en Dierenpark),Niederlande
10001494,Heeswijk-Dinther (Fazanterie de rooie hoeve - geschlossen 2016),Niederlande
10001496,Retford (Wetlands Wildlife Park - geschlossen 2017),Vereinigtes Königreich
10001497,Farnham (Birdworld / vormals Birdworld & Underwater World),Vereinigtes Königreich
10001498,Desford (Tropical Birdland),Vereinigtes Königreich
10001499,Nordhausen (Reptilienzoo - geschlossen 2014),Deutschland
10001500,Nexø (Bornholms Sommerfuglepark),Dänemark
10001501,Aakirkeby (NaturBornholm),Dänemark
10001502,Stralsund (Ozeaneum),Deutschland
10001503,Reykjavik (Fjölskyldu- og húsdýragarðinn),Island
10001504,Odesa (Zoopark),Ukraine
10001505,Yalta (Zoo),Ukraine/Krim
10001506,Haßloch (Holiday-Park),Deutschland
10001507,Gurnard (Bird Garden - geschlossen),Vereinigtes Königreich
10001509,Newchurch (Amazon World Zoo Park),Vereinigtes Königreich
10001510,Brasov (Zoo),Rumänien
10001511,Avintes (Park & Zoo Santo Inácio),Portugal
10001512,Toulon (Zoo du Mont-Faron),Frankreich
10001513,De Koog (Ecomare),Niederlande
10001514,Volkel (Zie-zoo),Niederlande
10001515,Exloo (Kabouterland),Niederlande
10001516,Born (Kasteelpark),Niederlande
10001517,Arcen (Kasteeltuinen),Niederlande
10001518,Zwolle (Ecodrome - geschlossen 04/2012),Niederlande
10001519,Rotterdam (Plaswijckpark),Niederlande
10001520,Göteborg (Aquarium Universeum),Schweden
10001521,Gotland (Djurpark - geschlossen 2005),Schweden
10001522,Färjestaden (Ölands Djur & Nöjespark),Schweden
10001523,Nolhaga (Djurpark),Schweden
10001524,Halmstad (Tropicarium - geschlossen seit 2009),Schweden
10001525,Helsingborg (Tropicariet),Schweden
10001526,Ystad (Djurpark),Schweden
10001527,Frösön (Djurpark - geschlossen 2019),Schweden
10001528,Stockholm (Fjärilshuset - Haga Ocean (ehemals: Tropical Garden)),Schweden
10001529,London (London Wetland Centre),Vereinigtes Königreich
10001530,Thrigby (Thrigby Hall Wildlife Gardens),Vereinigtes Königreich
10001531,Lower Basildon (Beale Wildlife Park),Vereinigtes Königreich
10001532,Newent (Centre for Birds of Prey - geschlossen 2022),Vereinigtes Königreich
10001533,Eschede (Filmtierpark - geschlossen 2024),Deutschland
10001535,Servion (Tropiquarium),Schweiz
10001536,Bochum (Wildgehege Jörgenstein),Deutschland
10001537,Orsa Grönklitt (Rovdjurspark / vormals Björnpark - geschlossen 2022),Schweden
10001538,Aylesbury (Waddesdon Manor Aviary),Vereinigtes Königreich
10001539,Helsingborg (Djurparken / ex. Fågelparken),Schweden
10001541,Knowsley (Safari Park - vormals Menagerie Earl of Derby),Vereinigtes Königreich
10001543,Warminster (Longleat Safari Park),Vereinigtes Königreich
10001544,Heythrop (Zoological Gardens / Amazing Animals - geschlossen 2026),Vereinigtes Königreich
10001545,Tamworth (Drayton Manor Theme Park),Vereinigtes Königreich
10001546,Les Epesses (Grand Parc Du Puy Du Fou),Frankreich
10001547,Montemor-o-Velho (Europaradise Parque Zoológico),Portugal
10001548,Moreton-in-Marsh (Cotswold Falconry Centre),Vereinigtes Königreich
10001549,Brno (Stálá akvarijní výstava Brno - geschlossen 2012),Tschechien
10001551,Torun (Zoo),Polen
10001552,Bratton Fleming (Exmoor Zoological Park),Vereinigtes Königreich
10001553,Bucuresti (Zoo),Rumänien
10001554,Sibiu (Gradina Zoologica),Rumänien
10001555,Le Bugue (Terre des Oiseaux - geschlossen 1999),Frankreich
10001556,Vigo (Zoo),Spanien
10001557,Pozzonovo (Parco Faunistico Valcorba),Italien
10001559,Kirkcudbright (Galloway Wildlife Conservation Park - geschlossen 2017),Vereinigtes Königreich
10001562,Malton (Flamingo Land),Vereinigtes Königreich
10001563,La Lajita (Oasis Park),Spanien
10001564,Altlußheim (Vogelpark),Deutschland
10001565,Ammerbuch (Wildgehege des Naturparks Schönbuch),Deutschland
10001567,Bad Herrenalb (Wildgehege im Dobeltal),Deutschland
10001568,Bad Oeynhausen (Wildgehege),Deutschland
10001569,Geeste-Groß Hesepe (Archehof Emsland-Moormuseum),Deutschland
10001570,Gersfeld/Rhön (Hochwildschutzpark Ehrengrund),Deutschland
10001571,Dresden (Tiergehege Albertpark),Deutschland
10001572,Sinzig (Schwanenteich Bad Bodendorf),Deutschland
10001573,Waltershausen-Winterstein (Falknerei am Rennsteig),Deutschland
10001574,Heidelberg (Tinnunculus Falknerei),Deutschland
10001575,Falkenhain (Tiergehege Dornreichenbach),Deutschland
10001576,Jabel (Wisentgehege Damerower Werder),Deutschland
10001577,Zell im Wiesental (Wildgehege),Deutschland
10001578,Wulften (Streichelzoo Ponyhof Küppers),Deutschland
10001579,Wiegboldsbur (NABU Schulbauernhof Woldenhof),Deutschland
10001580,Wetten (Tierpark Waldschlösschen - geschlossen 2008),Deutschland
10001581,Brighton (Sea Life),Vereinigtes Königreich
10001582,Bayramoglu (Faruk Yalcin Zoo - geschlossen 2026),Türkei
10001583,Klaipeda (Lithuanian Sea Museum - vormals Aquarium & Delphinarium),Litauen
10001584,Grutas (Gruto Parkas Zoo),Litauen
10001585,Krusata (Rigas Zoodarza filiale Ciruli),Lettland
10001586,Ligatne (Ligatnes dabas takas),Lettland
10001587,More (Salmini Mini Zoo - geschlossen 2017),Lettland
10001588,Nowy Tomyśl (Zoo),Polen
10001589,Bydgoszcz (Zoo / Ogrod Fauny Polskiej),Polen
10001590,Esch-sur-Alzette (Escher Déierepark),Luxemburg
10001591,Albufeira (Zoomarine - Mundo Aquatico),Portugal
10001592,Wolfurt (Doppelmayr Zoo),Österreich
10001595,Haibach (Wildpark Freinberg - geschlossen),Österreich
10001596,Gänserndorf (Safaripark - geschlossen 2005),Österreich
10001597,Windsor (Safari Park - geschlossen 1992),Vereinigtes Königreich
10001598,Rocamadour (Rocher des Aigles),Frankreich
10001599,Erkheim (Tierpark - geschlossen 1987),Deutschland
10001600,Kahl am Main (Vogelpark - geschlossen 2006),Deutschland
10001601,Schlitz (Schlitzerländer Tierfreiheit - geschlossen 1999),Deutschland
10001603,Manchester (Belle Vue Zoo - geschlossen 1977),Vereinigtes Königreich
10001604,Bursa (Zoo),Türkei
10001605,Izmir (Wildlife Park),Türkei
10001606,Uznach (Vogelpark - geschlossen),Schweiz
10001607,Subingen (Rene Stricklers Raubtierzoo - geschlossen 2017),Schweiz
10001608,El Paso (El Jardin de las aves - geschlossen),Spanien
10001609,Brena alta (Maroparque),Spanien
10001610,Malbun (Falknerei Galina),Liechtenstein
10001611,Mauren (Vogelparadies Birka),Liechtenstein
10001612,Grevenmacher (Jardin des Papillons),Luxemburg
10001613,Wasserbillig (Aquarium),Luxemburg
10001614,Middelburg (Utropia Vogelpark - geschlossen 2015),Niederlande
10001615,Vrouwenpolder (Deltapark Neeltje Jans),Niederlande
10001617,Monaco (Parc animalier),Monaco
10001618,Peschiera del Garda (Gardaland Zoo),Italien
10001619,Rimini (Delphinarium - geschlossen 2013),Italien
10001620,Torvaianica (Zoomarine Roma),Italien
10001621,Tüddern (Safaripark - geschlossen 1990),Deutschland
10001622,München (Schlangenschau im Nymphenburger Park - geschlossen 1983),Deutschland
10001623,München (Reptilienzoo - geschlossen 1983),Deutschland
10001624,Verona (Zoo - geschlossen seit 1998),Italien
10001625,Zandvoort (Dolfirama - geschlossen 1988),Niederlande
10001626,Newport (Robin Hill Country Park - geschlossen),Vereinigtes Königreich
10001627,Clacton Pier (Delphinarium - geschlossen 1985),Vereinigtes Königreich
10001628,Landgraaf (Wereldtuinen Mondo Verde),Niederlande
10001629,Anna Paulowna (Dierenpark Hoenderdaell),Niederlande
10001630,Sandown (Wildheart Animal Sanctuary / vormals Isle of Wight Zoo),Vereinigtes Königreich
10001631,Beograd (Zoo),Serbien
10001632,Cheptainville (Zooparc - geschlossen 2017),Frankreich
10001633,Bergen (Aquarium),Norwegen
10001634,Vlissingen (Reptielenzoo Iguana),Niederlande
10001635,Maribor (Akvarij-terarij),Slowenien
10001636,Nancy (Museum-Aquarium),Frankreich
10001637,Nancy (Espace animalier - Parc de la Pépinière),Frankreich
10001638,Great Yarmouth (Amazonia World of Reptiles - geschlossen ca. 2014),Vereinigtes Königreich
10001639,Buckfastleigh (Dartmoor Otters & Buckfast Butterflies),Vereinigtes Königreich
10001640,Lakeside (Lakes Aquarium),Vereinigtes Königreich
10001641,Shepreth (Wildlife Park),Vereinigtes Königreich
10001642,Krakow (Aquarium - geschlossen 2012),Polen
10001643,Kehl (Vivarium - geschlossen 1978),Deutschland
10001644,Kazan (Zoobotanicheskiy sad),Russland
10001647,Minsk (Zoo),Belarus
10001648,Grodno (Zoo),Belarus
10001649,Lieto (Zoolandia),Finnland
10001651,Ballymote (Eagles Flying Ballymote Sligo (ehemals: Irish Raptor Research Centre)),Irland
10001652,Weston (Baytree Owl and Wildlife Centre),Vereinigtes Königreich
10001654,Herne Bay (Wildwood Trust),Vereinigtes Königreich
10001655,Friskney (Lincolnshire Wildlife Park),Vereinigtes Königreich
10001656,Bad Abbach (Tiergehege),Deutschland
10001657,Woodhurst (Raptor Foundation),Vereinigtes Königreich
10001659,Murcia (Terra Natura),Spanien
10001660,Murcia (Aqua Natura),Spanien
10001661,Barcelona (Cosmocaixa Museum),Spanien
10001662,Bonnyrigg (Dalhousie Castle Falcon Centre),Vereinigtes Königreich
10001663,Brynsiencyn (Anglesey Sea Zoo),Vereinigtes Königreich
10001665,Birmingham (Wildlife Conservation Park - ehem. Nature Centre),Vereinigtes Königreich
10001666,Stirling (Blair Drummond Safari Park and Adventure Park),Vereinigtes Königreich
10001667,Newchapel (British Wildlife Centre),Vereinigtes Königreich
10001668,Göteborg (Slottsskogen Zoo),Schweden
10001669,Peñíscola (Refugio de Rapaces - geschlossen 2018),Spanien
10001670,Aitrach (Tonis Tierpark - geschlossen 2017),Deutschland
10001672,Bad Säckingen (Wildgehege),Deutschland
10001673,Bad Schönborn (Kleintierpark),Deutschland
10001674,Bad Soden-Salmünster (Wildpark),Deutschland
10001675,Bad Waldsee (Wildgehege und Kletterpark Tannenbühl),Deutschland
10001676,Bescheid (Wildgehege Forellenhof - geschlossen),Deutschland
10001677,Cavertitz-Schöna (Tiergehege),Deutschland
10001678,Dahlen-Schmannewitz (Tiergehege),Deutschland
10001680,Eningen unter Achalm (Wildgehege),Deutschland
10001681,Torgau (Bärengraben),Deutschland
10001682,Mehlmeisel (Wildgehege),Deutschland
10001683,Wareham (Monkey World),Vereinigtes Königreich
10001684,Kiryat Motzkin (Hai Park),Israel
10001685,Eilat (Underwater Observatory Marine Park),Israel
10001688,Düsseldorf (Zoologischer Garten - geschlossen 1944),Deutschland
10001690,Schweinfurt (Tiergarten - geschlossen 1944),Deutschland
10001691,Tel Aviv (Ganey haTeva bAbu Kabir - geschlossen 2016),Israel
10001692,Nahariyya (Zoo-Botanical Garden),Israel
10001693,Rishon LeZion (Hai Keif),Israel
10001695,Beer Scheva (Midbarium - vormals Negev Zoo),Israel
10001696,Carmel (Hai-Bar Nature Reserve),Israel
10001697,Hamat Gader (Crocodile Farm and Zoo),Israel
10001698,Nir David (Gan Garoo Australia Park),Israel
10001699,Petach Tikva (Zoo),Israel
10001700,Yotvata (Hai Bar),Israel
10001701,Tel Aviv (Meir Segals Garden University Zoo),Israel
10001702,Thermalbad Wiesenbad (Troparium Butterfly - geschlossen 2015),Deutschland
10001703,Frankfurt/Main (ARGUS - Freilandanlage),Deutschland
10001704,Neu Isenburg (Wildgehege StadtWaldHaus),Deutschland
10001705,Freudenstadt (Wildgehege am Bärenschlößle),Deutschland
10001706,Göppingen (Wildgehege an der Klinik am Eichert),Deutschland
10001708,Hannoversch Münden (Wildgehege),Deutschland
10001709,Hattersheim (Tiergehege),Deutschland
10001710,Hohenlinden (Wildgehege),Deutschland
10001711,Hettingen/Odenwald (Vogelpark),Deutschland
10001712,Kandern-Holzen (Storchengehege),Deutschland
10001713,Mannheim-Friedrichsfeld (Wildgehege Rheinau),Deutschland
10001714,München (Wildgehege im Hirschgarten),Deutschland
10001715,München (Zirkus Krone-Zoo),Deutschland
10001716,Neuenbürg (Tiergehege),Deutschland
10001717,Neunkirchen-Selbach (Wildgehege),Deutschland
10001718,Nufringen (Vogelpark),Deutschland
10001719,Guinate (Tropical Park - geschlossen 2016),Spanien
10001720,Haifa (Educational Zoo & Botanical Garden),Israel
10001721,Ansbach (Raubtier- und Exotenasyl),Deutschland
10001722,Oettingen/Bayern (Wildgehege Wörnitzinsel),Deutschland
10001723,Rotfelden im Schwarzwald (Freizeitpark Rotfelden),Deutschland
10001724,Rottenbuch-Schönegg (Streichelzoo),Deutschland
10001725,Rottweil-Horgen (Wildgehege),Deutschland
10001726,Seeg-Hack (Tierpark und Kamelfarm - geschlossen 2012),Deutschland
10001727,Seeg-Langegg (Tiergehege - geschlossen seit 2007),Deutschland
10001728,St. Blasien (Wildgehege),Deutschland
10001729,St. Ingbert-Hassel (Wildgehege),Deutschland
10001731,Tuttlingen-Möhringen (Wildgehege auf dem Mühlberg),Deutschland
10001732,Unterammergau (Tiergehege Streckenbergalm),Deutschland
10001733,Schramberg (Tiergehege Waldmössingen),Deutschland
10001735,Westerhamm (Familienpark - geschlossen),Deutschland
10001736,Oftersheim (Wildgehege),Deutschland
10001737,Pirmasens (Vogelpark Atzelbach - geschlossen),Deutschland
10001738,Ortenburg-Jaging (Aquarium - geschlossen 2006),Deutschland
10001739,Aabenraa (Dyrehaven - geschlossen 1980),Dänemark
10001740,Maria Laach (Terrarium im Naturkundemuseum - geschlossen 2009),Deutschland
10001741,Bad Segeberg (Noctalis - Welt der Fledermäuse),Deutschland
10001742,Völklingen-Ludweiler (Wildgehege),Deutschland
10001744,Ziegelroda-Hermannseck (Wildgehege),Deutschland
10001745,Ziegelroda-Hermannseck (Tierpark - geschlossen 1998),Deutschland
10001748,Hemsbach (Tierpark - geschlossen 1982),Deutschland
10001749,Lycksele (Djurpark),Schweden
10001751,Tzofar (Arava Antelope Farm),Israel
10001752,Tel Aviv (Bird Park Zapari - geschlossen 2017),Israel
10001753,Nantwich (Stapeley Water Gardens - geschlossen 2011),Vereinigtes Königreich
10001754,Gweek (Cornish Seal Sanctuary),Vereinigtes Königreich
10001755,Nice (Parc Phoenix),Frankreich
10001756,Seine-et-Marne (Les Félins d´Auneau - geschlossen 2006),Frankreich
10001758,Karlsruhe (Wildgehege Daxlanden),Deutschland
10001759,Häusern (Tiergehege Waldlust - geschlossen),Deutschland
10001760,Grafenhausen (Tiergehege Tannenmühle),Deutschland
10001761,Mössingen (NABU Vogelschutzzentrum),Deutschland
10001762,Langenthal (Schorenweiher / Voliere),Schweiz
10001763,Niederbipp (Tierpark - geschlossen),Schweiz
10001765,Rohrbach (Wildgehege),Schweiz
10001766,Willisau (Hirschpark),Schweiz
10001767,Schaffhausen (Hirschpark Munotgraben),Schweiz
10001768,Rapperswil (Hirschpark),Schweiz
10001769,Traunkirchen am Traunsee (Tiergehege Hochsteinalm),Österreich
10001770,Pelm bei Gerolstein (Adler- und Wolfspark Kasselburg),Deutschland
10001771,Krasnoyarsk (Roev Ruchey Zoopark),Russland
10001772,Tbilisi (Zoo),Georgien
10001773,Charkiw (Zoopark),Ukraine
10001774,Askaniya Nova (Zoopark - geschlossen 2024),Ukraine
10001775,Bolsherechye (Zoopark),Russland
10001776,Abakan (Zoopark),Russland
10001777,Lipetsk (Zoopark),Russland
10001778,Chita (Gorodskoy zoopark),Russland
10001779,Chelyabinsk (Zoopark),Russland
10001781,Penza (Zoopark),Russland
10001782,Khabarovsk (Zoosad Priamurskiy imeni V.P. Sysoyeva),Russland
10001783,Nalchik (Zoopark),Russland
10001784,Vesyoloe (Pitomnik Obezyan v Nachno-Issledovatelskiy Institut Meditsinskoy Primatologii),Russland
10001786,Oktemtsy (Yakutskiy zoopark Orto Doydu),Russland
10001787,Ivanovo (Zoopark),Russland
10001788,Komsomolsk-na-Amure (Zootsentr Piton),Russland
10001789,Chisinau (Zoo),Moldawien
10001790,Ulan-Ude (Etnograficheskiy muzey narodov Zabaykalya),Russland
10001791,Orol (Zoopark v Detskogo parka),Russland
10001792,Nizhniy Novgorod (Zoopark Limpopo),Russland
10001793,Natukhayevskaya (Park zhivoy prirody Do-Do),Russland
10001795,Rivne (Zoopark),Ukraine
10001796,Tula (Zooekzotarium),Russland
10001797,Belgorod (Zoopark),Russland
10001798,Yelizovo (Rayonnyy zoopark),Russland
10001799,Samara (Zoologicheskiy Park),Russland
10001800,Voronezh (Zoopark im. A.S.Popova),Russland
10001801,Odesa (Delfinariy y okeanaryum Nemo),Ukraine
10001802,Tambov (Zoopark TGU im. G. R. Derzhavina),Russland
10001803,"Omsk (Detskiy zoopark v Ekologo-biologicheskom tsentre dlya detey, MODOD)",Russland
10001804,Surgut (Mini-Zoopark),Russland
10001805,Yuzhno-Sakhalinsk (Zoobotanicheskiy Park),Russland
10001806,Smolensk (Zooekzotarium),Russland
10001807,Bassenthwaite (Lake District Wildlife Park),Vereinigtes Königreich
10001809,Limassol (Municipal Zoo),Zypern
10001810,Targu-Mures (Tirgu-Mures Zoo),Rumänien
10001811,Antalya (Zoo),Türkei
10001812,Tangen (Dyrepark),Norwegen
10001813,Risør (Aquarium),Norwegen
10001814,Arundel (Wildfowl and Wetlands Trust),Vereinigtes Königreich
10001815,Buynichy (Zoo Mahilyow),Belarus
10001816,Vitebsk (Zoo),Belarus
10001817,Zhlobin (Zoo),Belarus
10001818,Mainz (Botanischer Garten),Deutschland
10001819,Tulucesti (Zoo Galati - Garboavele),Rumänien
10001820,Onesti (Zoo - geschlossen),Rumänien
10001822,Barlad (Zoo),Rumänien
10001823,Slatina (Zoo - geschlossen ca. 2010),Rumänien
10001825,Baia Mare (Zoo - geschlossen 2013),Rumänien
10001827,Craiova (Gradina Zoologica a Parcului Nicolae Romanescu),Rumänien
10001828,Hunedoara (Zoo),Rumänien
10001829,Radauti (Zoo),Rumänien
10001830,Oradea (Zoo),Rumänien
10001831,Resita (Zoo),Rumänien
10001835,Targoviste (Zoo),Rumänien
10001836,Timisoara (Zoo - geschlossen 2021),Rumänien
10001837,Llanelli (WWT Llanelli Wetland Centre),Vereinigtes Königreich
10001838,Burscough (Martin Mere Wetland Centre),Vereinigtes Königreich
10001839,Allerford (Exmoor Falconary & Animal Farm - geschlossen),Vereinigtes Königreich
10001840,Knutsford (Gauntlet Birds of Prey),Vereinigtes Königreich
10001841,Saint Columb Major (Screech Owl Sanctuary),Vereinigtes Königreich
10001842,Kirby Wiske (Thirsk Bird of Prey Centre),Vereinigtes Königreich
10001843,Beamish (Beamish Wild Center of Birds of Prey - geschlossen 2020),Vereinigtes Königreich
10001844,East Ayton (Betton Birds of Prey Centre),Vereinigtes Königreich
10001845,Abergavenny (Black Mountains Falconry),Vereinigtes Königreich
10001847,Stonham Aspal (Suffolk Owl Sanctuary),Vereinigtes Königreich
10001848,Barry (Welsh Hawking - geschlossen 2020),Vereinigtes Königreich
10001849,Ravenglass (The Hawk & Owl Centre at Muncaster Castle - vormals Muncaster Castle Bird Gardens (bis 1988) bzw. World Owl Centre (bis 2015),Vereinigtes Königreich
10001850,Peckforton (Castle Falconary),Vereinigtes Königreich
10001852,Sparkwell (Dartmoor Zoological Park),Vereinigtes Königreich
10001853,Hamburg (Tierpark Hagenbeck am Neuen Pferdemarkt - geschlossen),Deutschland
10001854,Clovelly (North Devon Bird of Prey Centre),Vereinigtes Königreich
10001855,Golspie (Dunrobin Castle Falconry),Vereinigtes Königreich
10001857,Swinton (Swinton Park Birds of Prey at Swinton Estate),Vereinigtes Königreich
10001858,Crawley (Tilgate Nature Centre),Vereinigtes Königreich
10001859,Southend on Sea (Sea Life),Vereinigtes Königreich
10001860,Washington (Wildfowl and Wetlands Trust),Vereinigtes Königreich
10001862,Horsham (Huxleys Bird of Prey Centre),Vereinigtes Königreich
10001863,Camptown (Jedforest Deer and Farm Park - geschlossen 2014),Vereinigtes Königreich
10001864,Kielder (Bird of Prey Centre),Vereinigtes Königreich
10001865,Kirkleatham Village (Kirkleatham Owl Sanctuary),Vereinigtes Königreich
10001866,Lowther (The Lakeland Bird of Prey Centre - geschlossen 2023),Vereinigtes Königreich
10001867,Ringwood (Libertys Raptor and Reptile Centre),Vereinigtes Königreich
10001868,Ripon (Lightwater Valley Birds of Prey),Vereinigtes Königreich
10001870,Huntly (Falconry Centre),Vereinigtes Königreich
10001871,Leisnig (Heimattierpark - geschlossen 1990),Deutschland
10001872,Hamburg (Planten un Blomen),Deutschland
10001873,Branton (Yorkshire Wildlife Park),Vereinigtes Königreich
10001874,Begelly (Folly Farm Zoo),Vereinigtes Königreich
10001875,Jessen/Elster (Tiergehege am Schwanenteich),Deutschland
10001876,Coucy les Eppes (Zoo - geschlossen seit 1978),Frankreich
10001877,Boras (Tropikhus - geschlossen 2020),Schweden
10001878,Gelsenkirchen-Buer (Löwenpark Westerholt - geschlossen 1988),Deutschland
10001879,Umeå (Holmsunds Tropikhus - geschlossen 2015),Schweden
10001880,Falun (Moose Adventure - geschlossen),Schweden
10001881,Lima (Sälenfjällens Älgpark - geschlossen),Schweden
10001882,Grönåsen (Grönåsen Älg & Lantdjurspark),Schweden
10001883,Malmö (Reptilcenter),Schweden
10001884,Markaryd (Smålandets Älgsafari),Schweden
10001885,Hamndeda (Elinge Älgpark),Schweden
10001886,Lagan (Laganland Älgpark),Schweden
10001887,Dals Ed (Dalslands Moose Ranch),Schweden
10001888,Tromsø (Polaria),Norwegen
10001889,Kabelvåg (Lofotakvariet),Norwegen
10001890,Cuxhaven (Sea Life - geschlossen 2008),Deutschland
10001891,Junsele (Djurpark),Schweden
10001892,Flå (Vassfaret Bjørnepark),Norwegen
10001894,Snillfjord (Moa Besøksgård - geschlossen),Norwegen
10001895,Trones (Park Nordica - vormals Namsskogan Familiepark),Norwegen
10001896,Oslo (Reptilpark),Norwegen
10001897,Nesbyen (Langedrag Naturpark),Norwegen
10001899,Helsinki (Merimaailma Sea Life),Finnland
10001900,Puhos (Kiteen Eläinpuisto Oy),Finnland
10001901,Helsinki (Tropicario),Finnland
10001902,Scheveningen (Sea Life),Niederlande
10001903,Rhodos (Aquarium),Griechenland
10001904,Peschiera del Garda (Sea Life Gardaland),Italien
10001905,Porto (Sea Life),Portugal
10001906,Chessington (Sea Life),Vereinigtes Königreich
10001907,Bray (Sea Life - geschlossen 2023),Irland
10001908,Scarborough (Sea Life),Vereinigtes Königreich
10001909,Great Yarmouth (Sea Life),Vereinigtes Königreich
10001910,Weymouth (Sea Life),Vereinigtes Königreich
10001911,Birmingham (Sea Life),Vereinigtes Königreich
10001912,Blackpool (Sea Life),Vereinigtes Königreich
10001913,Buchs (Greifvogelpark),Schweiz
10001914,Guernsey (Zoo / Bird Gardens - geschlossen 1990),Vereinigtes Königreich/Bailiwick of Guernsey
10001915,Great Witchingham (The Animal Ark - vormals Norfolk Wildlife Park - geschlossen 2011),Vereinigtes Königreich
10001916,Olney (Flamingo Zoological Park - geschlossen 2001),Vereinigtes Königreich
10001917,Ilfracombe (Combe Martin Wildlife),Vereinigtes Königreich
10001918,Eynsford (Eagle Heights Wildlife Foundation),Vereinigtes Königreich
10001919,Warwick (Hawk Experience - vormals Warwick Castle Falconary),Vereinigtes Königreich
10001920,Stagsden (Bird Gardens - geschlossen 1994),Vereinigtes Königreich
10001921,Lagorce (Vogelpark - geschlossen),Frankreich
10001922,Aberdeen (Zoo - geschlossen 1977),Vereinigtes Königreich
10001923,Southampton (New Forest Wildlife Park),Vereinigtes Königreich
10001924,Sa Coma (Safari Zoo Mallorca),Spanien
10001925,Borth (Borth Wild Animal Kingdom),Vereinigtes Königreich
10001926,Polbeth (Five Sisters Zoo Park),Vereinigtes Königreich
10001928,Vilassar de Mar (Parc de les Aus - geschlossen 2005),Spanien
10001929,Rhyl (SeaQuarium - geschlossen 2023),Vereinigtes Königreich
10001931,Charlottenlund (Danmarks Akvarium - geschlossen 2012),Dänemark
10001932,Stockholm (Aquaria Vattenmuseum - geschlossen 2018),Schweden
10001933,Tampere (Särkänniemi),Finnland
10001935,Kelling (Kelling Park Aviaries - geschlossen ca. 1989),Vereinigtes Königreich
10001937,Paris (Jardin dAcclimatation - Zoobereich geschlossen),Frankreich
10001938,Bording (Smaskolen Christianshede Zoo),Dänemark
10001939,Hampstead Norreys (The Living Rainforest),Vereinigtes Königreich
10001940,Kilverstone (Wildlife Park - geschlossen 1992),Vereinigtes Königreich
10001941,Zájezd (Zoopark),Tschechien
10001942,Cromer (Amazona Zoo),Vereinigtes Königreich
10001943,Hannover (Berggarten),Deutschland
10001944,Neiße-Malxetal (Tiergarten Lausitz - vormals Affengehege Jocksdorf),Deutschland
10001945,Diera-Zehren (Elbepark Hebelei),Deutschland
10001946,Bremerhaven (Klimahaus),Deutschland
10001947,Köln (Botanischer Garten),Deutschland
10001948,Günzburg (Legoland),Deutschland
10001949,Rhodos (Farma of Rhodes),Griechenland
10001953,Bad Langensalza (Tiergarten - geschlossen 1994),Deutschland
10001954,Parchim (Tierpark - geschlossen),Deutschland
10001955,Jüterbog (Tierpark - geschlossen),Deutschland
10001956,Markkleeberg (Wildgehege AGRA-Park - geschlossen ca. 2004),Deutschland
10001957,Lyndhurst (New Forest Reptile Centre),Vereinigtes Königreich
10001958,Reuver (Cactus & Reptielenhuis De Drakenwereld - geschlossen 2010),Niederlande
10001960,Huy (Erholungspark Mont Mosan),Belgien
10001961,London (Golders Hill Zoo),Vereinigtes Königreich
10001962,Diss (Shorelands Wildlife Gardens - geschlossen 2022),Vereinigtes Königreich
10001963,Saint-Laurent die Autels (La Coulée du Cerf),Frankreich
10001964,Borce (Eco-Zoo - geschlossen),Frankreich
10001965,Würzburg (Vogelvolieren im Ringpark - geschlossen 2015),Deutschland
10001966,Emance (Reserve zoologique de Sauvage - geschlossen 2017),Frankreich
10001967,Bruz (Parc ornithologique de Bretagne),Frankreich
10001968,Rambouillet (Espace Rambouillet),Frankreich
10001970,Altentreptow (Heimattiergarten - geschlossen 1993),Deutschland
10001971,Paris (Cité des sciences et de l´industrie),Frankreich
10001972,Bad Elster (Tiergehege - geschlossen),Deutschland
10001973,Aarhus (Marselisborg Dyrehave),Dänemark
10001974,Hvide Sande (Fiskeriets Hus),Dänemark
10001975,Silkeborg (Aqua Ferskvands Akvarium & Dyrepark),Dänemark
10001976,Glücksburg/Ostsee (Wildschweingehege Friedeholz),Deutschland
10001977,Tolk bei Schleswig (Tolk-Schau),Deutschland
10001978,Trégastel (Aquarium Marine),Frankreich
10001979,Bergen (Hertenkamp),Niederlande
10001980,Dachsen (Damhirschgehege Schloss Laufen),Schweiz
10001982,Bitterfeld-Wolfen (Tiergehege am Piltzteich),Deutschland
10001983,Bad Zwischenahn (Nutztierpark Ammerland - geschlossen 2011),Deutschland
10001984,Detmold (Westfälisches Freilichtmuseum),Deutschland
10001985,Coburg (Palmenhaus im Rosengarten),Deutschland
10001986,Aschau/Chiemgau (Falknerei Burg Hohenaschau),Deutschland
10001987,Gleiritsch (Wildgehege Plassenberg),Deutschland
10001988,Dargun (Heimattierpark - geschlossen),Deutschland
10001989,Bendorf-Sayn (Garten der Schmetterlinge Schloss Sayn),Deutschland
10001990,Dortmund (Fredenbaumpark - geschlossen),Deutschland
10001991,Dortmund (Westfalenpark),Deutschland
10001992,Heringsdorf (Naturerlebniswelt Insel Usedom),Deutschland
10001993,Trassenheide (Wildlife Usedom),Deutschland
10001994,Kirchberg im Wald (Reptilienzoo - geschlossen),Deutschland
10001995,Amsterdamscheveld (Griendtsveenpark),Niederlande
10001997,Gardelegen (Tiergehege am Wall),Deutschland
10001998,Göcklingen (Froschhaus - geschlossen),Deutschland
10001999,Hameln (Zoo am Klüt - geschlossen),Deutschland
10002000,Palma (Aquarium),Spanien
10002001,Weimar (Tierpark des KZ Buchenwald - geschlossen seit 1945),Deutschland
10002002,Bad Rothenfelde (Vogelpark - geschlossen 2000),Deutschland
10002003,Langwedel (Tierpark Schloss Etelsen - geschlossen seit 1965),Deutschland
10002004,Kitzscher (Heimattiergarten - geschlossen ca. 1991),Deutschland
10002005,Stuttgart (Nills Tiergarten - geschlossen 1906),Deutschland
10002007,Rudolstadt (Tiergehege Königsee - geschlossen),Deutschland
10002008,Krumpa (Kleintieranlage - geschlossen),Deutschland
10002009,Plymouth (National Marine Aquarium),Vereinigtes Königreich
10002010,Berlin (Manfred-Kranzin-Schulzoo - geschlossen 2013),Deutschland
10002011,Güterglück (Tiergehege),Deutschland
10002012,Hobro (Nordisk Dyrepark),Dänemark
10002013,Herbolzheim-Tutschfelden (Vogelpark Biehler - geschlossen),Deutschland
10002014,Gengenbach (Tiergehege Schneckenmatt),Deutschland
10002015,Liestal (Tiergehege Weihermätteli),Schweiz
10002016,Nordhausen (Tiergehege im Stadtpark),Deutschland
10002017,Polleben (Tiergarten - geschlossen),Deutschland
10002019,Coesfeld (Vogelpark Münsterland - geschlossen),Deutschland
10002021,Birrhard (Arche-Hof Nidi),Schweiz
10002022,Rohdental (Wildgehege),Deutschland
10002023,Peterborough (Peakirk Wildfowl Trust - geschlossen),Vereinigtes Königreich
10002024,Seega (Tiergehege - geschlossen),Deutschland
10002025,Valkenburg (Grottenaquarium - geschlossen 2014),Niederlande
10002026,Ingelmunster (Aviflora - geschlossen seit 2015),Belgien
10002027,Ieper (Bellewaerdepark),Belgien
10002028,Bastogne (La Ferme des Bisons),Belgien
10002030,Comrie (Auchingarrich Wildlife Centre),Vereinigtes Königreich
10002031,Baħar iċ-Ċagħaq (Mediterraneo Marine Park - vormals Mediterraneo Bio Park),Malta
10002032,Valkenburg (Klants Zoo - geschlossen 1971),Niederlande
10002033,Billroda (Tiergehege - geschlossen),Deutschland
10002034,Greiz (Tiergehege - geschlossen),Deutschland
10002035,Granschütz (Tiergehege - geschlossen),Deutschland
10002036,Augsburg (Wildgehege im Stadtwald),Deutschland
10002037,Rechtenstein (Wildgehege),Deutschland
10002038,Kirchberg-Sinningen (Zwergenfarm - geschlossen 2015),Deutschland
10002039,Haldenwang-Konzenberg (Greifvogelpark Menter),Deutschland
10002040,Buckenhof (Aquarium Toxotes),Deutschland
10002041,Bad Berka-München (Thüringer Streichelzoo),Deutschland
10002042,Schkeuditz-Wehlitz (Schulzoo),Deutschland
10002043,Moosbach (Wildgehege im Kurpark),Deutschland
10002044,Bath (Rode Bird Garden - geschlossen 2001),Vereinigtes Königreich
10002045,Hunawihr (NaturOparC),Frankreich
10002046,Montpellier (Planet Ocean World (ehemals:Aquarium Mare-Nostrum:),Frankreich
10002047,Beaucens (Donjon des Aigles),Frankreich
10002048,Irkutsk (Zoogalereya),Russland
10002050,Poitiers (Parc animalier des Bois de Saint-Pierre),Frankreich
10002051,Poitiers (Parc de Blossac),Frankreich
10002052,Bren (Parc des Perroquets),Frankreich
10002053,Labenne (Pinède des singes - geschlossen 2017),Frankreich
10002054,Labenne (Zoo de Labenne / vormals Oceafaunia),Frankreich
10002055,Rocamadour (La forêt des singes),Frankreich
10002056,Kintzheim (La volerie des aigles),Frankreich
10002057,Kintzheim (La montagne des singes),Frankreich
10002058,La Puebla del Rio (Canada de los Pajaros),Spanien
10002059,Bristol (Bristol Aquarium),Vereinigtes Königreich
10002060,Berlin (Voliere auf der Pfaueninsel - vormals Menagerie auf der Pfaueninsel),Deutschland
10002061,Goldenstedt (Tierpark - geschlossen 2003),Deutschland
10002062,Morecambe (Marineland - geschlossen 1990),Vereinigtes Königreich
10002063,Scarborough (Zoo and Marineland - geschlossen 1984),Vereinigtes Königreich
10002064,London (Dolphinarium - geschlossen 1971),Vereinigtes Königreich
10002065,Margate (Queen´s Motel Dolphinarium - geschlossen 1977),Vereinigtes Königreich
10002066,Heraklion (CRETAquarium Thalassókosmos),Griechenland
10002067,Akatovo (Park ptits Vorobi – vormals Ornitopark Vorobji),Russland
10002068,Granville (Le Roc des Curiosités Musée & Aquarium),Frankreich
10002069,Monaco (Musée Océanographique de Monaco),Monaco
10002070,Leeds (Tropical World),Vereinigtes Königreich
10002071,Wingham (Wingham Wildlife Park),Vereinigtes Königreich
10002072,Bochum (Botanischer Garten),Deutschland
10002073,Nürnberg (Tiergarten/Dutzendteich - geschlossen 1939),Deutschland
10002075,Billesholm (Djurpark Tamarin - geschlossen seit 2011),Schweden
10002077,Hagley (Falconry Centre),Vereinigtes Königreich
10002079,Palermo (I Giardini del Palazzo Orléans),Italien
10002080,London (Butterfly House - geschlossen),Vereinigtes Königreich
10002081,Washford (Tropiquaria Zoo),Vereinigtes Königreich
10002082,Essex (Tropical Wings Zoo - geschlossen 2017),Vereinigtes Königreich
10002083,North Anston (Tropical Butterfly House Wildlife Conservation Park),Vereinigtes Königreich
10002085,Plailly (Parc Astérix),Frankreich
10002086,St. Florence (Manor Wildlife Park),Vereinigtes Königreich
10002087,Kirchheim (Naturerlebnispark),Deutschland
10002088,Mitspe Ramon (Bio Ramon - geschlossen),Israel
10002089,Balloch (Loch Lomond Sea Life Centre),Vereinigtes Königreich
10002090,Izhevsk (Gosudarstvennyy zoologicheskiy park Udmurtii),Russland
10002091,Stavropol (Zoopark),Russland
10002092,Yaroslavl (Zoopark),Russland
10002093,Calarasi (Zoo),Rumänien
10002094,Ploiesti (Gradina Zoologica Bucov),Rumänien
10002095,Pitesti (Zoo),Rumänien
10002096,Piatra Neamt (Zoo - geschlossen 2021),Rumänien
10002097,Turda (Zoo - geschlossen 2021),Rumänien
10002101,North Petherwin (Tamar Otter Sanctuary - geschlossen 2020),Vereinigtes Königreich
10002102,Comber (Castle Espie Wildfowl & Wetlands Trust),Vereinigtes Königreich
10002103,Hamburg (Thiergarten Gasthaus Zum letzten Heller - geschlossen seit 1845),Deutschland
10002104,Los Cristianos (Monkey Park),Spanien
10002105,Poole (Poole Park Zoo - geschlossen 1978),Vereinigtes Königreich
10002106,London (Gatwick Zoo - geschlossen 2002),Vereinigtes Königreich
10002108,Plymouth (Zoo - geschlossen 1978),Vereinigtes Königreich
10002109,Hunstanton (Sea Life Sanctuary),Vereinigtes Königreich
10002110,Oban (Scottish Sea Life Sanctuary - geschlossen 2018),Vereinigtes Königreich
10002111,Rushden (Ravensden Zoo - geschlossen 1999),Vereinigtes Königreich
10002112,London (Syon Parks Tropical Forest - geschlossen 2012),Vereinigtes Königreich
10002113,Agüimes (Parque de los Cocodrilos),Spanien
10002115,Riccione (Parco Oltremare),Italien
10002116,Varna (Dolphinarium),Bulgarien
10002117,La Pineda (Aquopolis Vilaseca),Spanien
10002118,Kyjiw (Delfinariy Nemo - geschlossen 2017),Ukraine
10002119,Charkiw (Delfinariy y okeanaryum Nemo),Ukraine
10002120,Koktebel (Delfinariy),Ukraine/Krim
10002121,Feodosiya (Dolphinarium Nemo),Ukraine/Krim
10002122,Sevastopol (Delfinariy Krayina Delfiniya - geschlossen 2022),Ukraine/Krim
10002123,Sevastopol (Derzhavny okeanarium Ukrayiny - geschlossen ca. 2014),Ukraine/Krim
10002124,Yevpatoriya (Delfinariy),Ukraine/Krim
10002126,Nilmoguba / Kandalakshskiy zaliv (Delfinariy Polyarnyy krug),Russland
10002127,Utrish (Anapskiy delfinariy),Russland
10002128,Sochi (Sochinskiy delfinariy v parke Rivyera),Russland
10002129,Moskva (Delfinariy - geschlossen 2009),Russland
10002130,Funchal (Jardim dos Loiros - geschlossen),Portugal
10002131,Yalta (Aquatoria - geschlossen 2023),Ukraine/Krim
10002132,Vladivostok (Okeanarium Akvamir),Russland
10002133,Rostov-na-Donu (Delfinariy),Russland
10002134,Sankt-Peterburg (Delfinariy - geschlossen 2020),Russland
10002135,Coventry (Zoo - geschlossen 1980),Vereinigtes Königreich
10002136,Seaburn (Ocean Park - geschlossen 1975),Vereinigtes Königreich
10002137,Weymouth (Dolphinarium - geschlossen 1971),Vereinigtes Königreich
10002138,Brean Down (Dolphinarium - geschlossen 1974),Vereinigtes Königreich
10002139,London (Battersea Park Dolphinarium - geschlossen 1973),Vereinigtes Königreich
10002140,Cleethorpes (Zoo and Marineland - geschlossen 1974),Vereinigtes Königreich
10002141,Sandown (Dolphinarium - geschlossen 1974),Vereinigtes Königreich
10002142,Rhyl (Dolphinarium - geschlossen 1974),Vereinigtes Königreich
10002143,Porthcawl (Dolphinarium - geschlossen 1974),Vereinigtes Königreich
10002144,Bitola (Zoo),Nordmazedonien
10002145,Weston-super-Mare (SeaQuarium - geschlossen 2019),Vereinigtes Königreich
10002146,Bournemouth (Oceanarium),Vereinigtes Königreich
10002147,Tynemouth (Aquarium),Vereinigtes Königreich
10002148,Hastings (Blue Reef Aquarium),Vereinigtes Königreich
10002149,Portsmouth (Blue Reef Aquarium),Vereinigtes Königreich
10002150,Newquay (Blue Reef Aquarium),Vereinigtes Königreich
10002151,Southampton (Zoo - geschlossen 1985),Vereinigtes Königreich
10002152,Trentham (Monkey Forest),Vereinigtes Königreich
10002153,Skegness (Natureland Seal Sanctuary),Vereinigtes Königreich
10002154,Springvale Seaview (Seaview Wildlife Encounter / Flamingo Park - geschlossen 2015),Vereinigtes Königreich
10002156,Eccleshall (Gentleshaw Wildlife Centre),Vereinigtes Königreich
10002157,Tatsfield (Beaver Water World - geschlossen 2017),Vereinigtes Königreich
10002158,Inverness (Black Isle Wildlife Park - geschlossen 2017),Vereinigtes Königreich
10002159,Lowestoft (Pleasurewood Hills Leisure Park),Vereinigtes Königreich
10002160,Caehopkin (Wales Ape & Monkey Sanctuary),Vereinigtes Königreich
10002161,Widdington (Mole Hall Wildlife Park - geschlossen 2008),Vereinigtes Königreich
10002162,Netherseal (Grangewood Zoo - geschlossen 2008),Vereinigtes Königreich
10002163,Newport (Owl & Monkey Haven),Vereinigtes Königreich
10002165,Huisduinen (Aquarium Fort Kijkduin),Niederlande
10002166,Wellingborough (Zoo Park - geschlossen 1970),Vereinigtes Königreich
10002167,Cupar (Scottish Deer Centre),Vereinigtes Königreich
10002168,Fakenham (Pensthorpe Natural Park),Vereinigtes Königreich
10002169,Irchenrieth (Tierpark Gleitsbachtal),Deutschland
10002170,Lisboa (Aquario Vasco da Gama),Portugal
10002171,Sant Alessio con Vialone (Parco Faunistico Oasi di Sant Alessio),Italien
10002172,Merano (Gärten von Schloss Trauttmansdorff),Italien
10002173,Bad Lauchstädt (Volieren im Kurpark - geschlossen ca. 2013/2014),Deutschland
10002174,Barnsley (Cannon Hall Farm),Vereinigtes Königreich
10002175,Liverpool (Croxteth Home Farm),Vereinigtes Königreich
10002176,Blackhall Colliery (Tweddle Childrens Animal Farm),Vereinigtes Königreich
10002177,St. Andrews (St. Andrews Aquarium),Vereinigtes Königreich
10002178,Olfen (Grimpinger Hof - vormals Gut Eversum),Deutschland
10002179,Axminster (Axe Valley Wildlife Park - geschlossen 2025),Vereinigtes Königreich
10002180,Treesmill (Wingz Bird & Animal Sanctuary - geschlossen),Vereinigtes Königreich
10002181,Guilsborough (Guilsborough Grange Wildlife Park - geschlossen 1999),Vereinigtes Königreich
10002182,Dörverden (Wolfcenter),Deutschland
10002183,Gelendzhik (Delfinariy),Russland
10002184,Partenit (Delfinariy),Ukraine/Krim
10002185,London (Crystal Palace Park Zoo),Vereinigtes Königreich
10002186,Campolongo Maggiore (Tiger Experience),Italien
10002190,Duisburg-Rheinhausen (Damwildgehege im Volkspark),Deutschland
10002193,Padstow (Tropical Bird Gardens - geschlossen ca. 1990),Vereinigtes Königreich
10002194,Looe (The Monkey Sanctuary),Vereinigtes Königreich
10002195,Pratolino (Parco di Villa Demidoff),Italien
10002196,Rauenberg (Tierpark),Deutschland
10002197,Leimen (Wildgehege),Deutschland
10002198,Aldea del Fresno (Safari Madrid),Spanien
10002199,Bridlington (Sewerby Park Zoo),Vereinigtes Königreich
10002200,Ludwigshafen/Rhein (Vogelpark an der Vogelwiese Rucheim),Deutschland
10002201,Liverpool (Zoo - geschlossen),Vereinigtes Königreich
10002202,Gent (Zoo - geschlossen 1905),Belgien
10002203,Bruxelles (Zoo - geschlossen 1878),Belgien
10002205,Weingarten (Vogelpark Waldbrücke),Deutschland
10002206,Wigan (Haigh Hall Zoo - geschlossen 1994),Vereinigtes Königreich
10002207,Lausanne (Volieren im Parc Mon-Repos),Schweiz
10002208,Lausanne (Parc de Sauvabelin),Schweiz
10002209,Oundle (Lilford Park - geschlossen 1990),Vereinigtes Königreich
10002210,Hersonissos (Aquaworld Aquarium & Reptile Rescue Centre),Griechenland
10002211,Osterode (Wildvogelstation),Deutschland
10002212,Romsey (Paultons Park Home of Peppa Pig World),Vereinigtes Königreich
10002213,Antrim (Causeway Safari Park - geschlossen 1995),Vereinigtes Königreich
10002214,Marseille (Jardin des zoologique - geschlossen 1987),Frankreich
10002216,Kwadendamme (Berkenhofs Tropical Zoo & Vlindertuin),Niederlande
10002218,Gelendzhik (Safari-park),Russland
10002219,Bad Rappenau (Tiergehege im Kurpark),Deutschland
10002221,Galdar (Parque Reptilandia - geschlossen),Spanien
10002222,Bognor Regis (Hotham Park Zoo - geschlossen 1984),Vereinigtes Königreich
10002223,Norderstedt (Tierpark - geschlossen 1984),Deutschland
10002225,Castillo De Las Guardas (Reserva Natural Castillo De Las Guardas),Spanien
10002226,Frankfurt/Main (Palmengarten),Deutschland
10002227,Kiel (Zoologisches Museum der Universität - Tierhaltung geschlossen seit 2008)),Deutschland
10002228,Kiel (Botanischer Garten der Universität Kiel),Deutschland
10002230,Kiel (Tiergehege Hasseldieksdamm),Deutschland
10002231,Kiel (Tiergehege Suchsdorf),Deutschland
10002232,Kiel (Tiergehege Tannenberg),Deutschland
10002233,Kiel (Tiergehege Uhlenkrog),Deutschland
10002236,Yessentuki (Delfinariy Madi - geschlossen 2004),Russland
10002238,Kiel (Schrevenpark),Deutschland
10002239,Olomouc (Flora),Tschechien
10002240,Margam (Margam Country Park),Vereinigtes Königreich
10002241,Fife (Zoo - vormals Animal Trust),Vereinigtes Königreich
10002242,Skopje (Zoo),Nordmazedonien
10002244,Oviedo (Núcleo Zoológico de El Bosque),Spanien
10002246,Praha (Morský svet),Tschechien
10002247,Ter Apel (Wonderwereld),Niederlande
10002248,Dresden (Senckenberg Naturhistorische Sammlung - Tierhaltung geschlossen),Deutschland
10002249,Silves (Quinta Pedagógica de Silves),Portugal
10002250,Cabecao (Fluviário de Mora),Portugal
10002251,Ramalhal (Zoo-Oeste - geschlossen),Portugal
10002252,Gouveia (Parque Zoológico de Gouveia),Portugal
10002253,Lamego (Parque Biológico da Serra das Meadas),Portugal
10002254,Arcozelo (Estação Litoral da Aguda),Portugal
10002255,Avintes (Parque Biologico de Gaia),Portugal
10002256,Montemor-o-Novo (Monte Selvagem),Portugal
10002257,Oporto (Zoo da Maia),Portugal
10002258,Mablethorpe (Seal Sanctuary & Wildlife Centre),Vereinigtes Königreich
10002259,Carmona (Zoo -geschlossen seit 2006),Spanien
10002260,Valls (Zoo Alt Camp - geschlossen),Spanien
10002261,Almuñécar (Parque de la Naturaleza de Peña Escrita - geschlossen 2017),Spanien
10002262,Antequera (Lobo Park),Spanien
10002263,München (Zoo im Englischen Garten - geschlossen seit 1865),Deutschland
10002264,Almería (Parque de Rescate de Fauna Sahariana),Spanien
10002265,Sankt-Peterburg (Okeanarium),Russland
10002266,Saint-Jean-Cap-Ferrat (Zoo - geschlossen 2009),Frankreich
10002267,Ermenonville (Zoo Jean Richard dé Ermenonville - geschlossen 1991),Frankreich
10002270,Râmnicu Vâlcea (Gradina Zoologica),Rumänien
10002271,Nizhniy Novgorod (Zoopark Shveytsaria),Russland
10002272,Nizhniy Novgorod (Ekzotarium),Russland
10002273,Agde (Zoo Deffreffes - geschlossen),Frankreich
10002274,Zleby (Obora),Tschechien
10002275,Habrkovice (Ringelland),Tschechien
10002276,Tabor (Zoo),Tschechien
10002281,Vero (A Cupulatta),Frankreich
10002282,Carnoules (Le Village Des Tortues),Frankreich
10002283,Argeles Gazost (Parc Animalier des Pyrénées),Frankreich
10002284,Saint Jacut les Pins (Tropical Parc),Frankreich
10002285,Saint-Leger-de-Peyre (Les Loups du Gévaudan),Frankreich
10002286,Leipzig (Schulzoo Binzer Straße - geschlossen 2006),Deutschland
10002287,Malmö (Aquarium & Tropicarium / Malmöhus),Schweden
10002288,Darmstadt (Aquarium Hottonia),Deutschland
10002289,Haibach (Wildpark),Deutschland
10002290,Overton (Laverstoke Park Farm),Vereinigtes Königreich
10002291,Lovech (Zoo),Bulgarien
10002292,Estourmel (Parc animalier - geschlossen 2013),Frankreich
10002293,Clohars-Carnoet (Parc animalier du Quinquis),Frankreich
10002294,Nantes (Museum dHistoire Naturelle - Vivarium geschlossen),Frankreich
10002296,Carentoir (Ferme du Monde),Frankreich
10002297,Vannes (Aquarium de Vannes - geschlossen 2020),Frankreich
10002298,La Possonière (Le Jardin des kangourous),Frankreich
10002299,Carcassonne (Le parc australien),Frankreich
10002300,Genève (Zoo - geschlossen),Schweiz
10002302,Weißenhäuser Strand (Tiergehege Columbus-Park - geschlossen 2013),Deutschland
10002303,Weißenhäuser Strand (Abenteuer Dschungelland),Deutschland
10002305,Sant Feliu de Codines (Cim d Aligues),Spanien
10002308,Donetsk (Minizoo - geschlossen),Ukraine
10002309,North Queensferry (Deep Sea World),Vereinigtes Königreich
10002310,Frýdek-Místek (Zoo - geschlossen 1977),Tschechien
10002311,Kladno (Zoo - geschlossen 1970),Tschechien
10002312,Vlkovice (Zoo am Berg - geschlossen 1951),Tschechien
10002313,Milano (Zoo - geschlossen 1992),Italien
10002315,Genova (Zoo - geschlossen),Italien
10002319,Praha (Stanice přírodovědců - dům dětí a mládeže hl. m. Prahy),Tschechien
10002321,Cineves (Ptaci raj / Bird Paradise),Tschechien
10002322,Braila (Zoo),Rumänien
10002323,Pardubice (Zookoutek PKO - geschlossen seit 1970),Tschechien
10002325,Penrith (Eden Ostrich world - geschlossen 2011),Vereinigtes Königreich
10002326,Vrchlabí (Zoo - geschlossen seit 1992),Tschechien
10002327,Bítov (Zoo barona Haase - geschlossen seit 1945),Tschechien
10002328,Ústí nad Labem (Vetruse - geschlossen seit 1910),Tschechien
10002330,Zlin (Zoologická zahrada (Baťova zoo) - geschlossen seit 1942),Tschechien
10002331,Brno (Zookoutek - geschlossen 1941),Tschechien
10002332,Chomutov (Akvárium - geschlossen),Tschechien
10002333,Olomouc (Zookoutek ve Smetanových sadech - geschlossen 1954),Tschechien
10002334,Praha (Minizoo Malá Chuchle),Tschechien
10002335,Porfell (Porfell Wildlife Park and Sanctuary),Vereinigtes Königreich
10002337,Novy Dvur (Arboretum - geschlossen 1999),Tschechien
10002339,Tännäs (Myskoxcentrum),Schweden
10002340,Dolni Brezany (Zookoutek Zbraslav) - geschlossen 2020,Tschechien
10002341,Radonice (ZOOPark),Tschechien
10002342,Kutná Hora (Zookoutek - geschlossen 1974),Tschechien
10002343,Holesov (Zookoutek - geschlossen 1996),Tschechien
10002344,Kromeriz (Zookoutek),Tschechien
10002345,Motherwell (Discover Amazonia),Vereinigtes Königreich
10002346,Ostrava (Mořské Akvárium - geschlossen 2013),Tschechien
10002347,Wolfstein-Nußbach (Hochwildschutzpark Königsland - geschlossen 1998),Deutschland
10002348,Claythorpe (Watermill & Wildfowl Garden),Vereinigtes Königreich
10002349,Blackpool (Tower Aquarium - geschlossen 2010),Vereinigtes Königreich
10002350,Nottingham (Sherwood Zoo - geschlossen 1976),Vereinigtes Königreich
10002351,Durham (Lambton Lion Park - geschlossen 1980),Vereinigtes Königreich
10002353,Iserlohn (Volieren am Seilersee),Deutschland
10002354,Le Bugue (Aquarium du Périgord Noir),Frankreich
10002355,Rutland (Falconry and Owl Centre - geschlossen 2025),Vereinigtes Königreich
10002356,Gaziantep (Zoo),Türkei
10002357,Tübingen (Mannheims Tiergarten - geschlossen 1915),Deutschland
10002358,Brienz (Wildpark),Schweiz
10002359,Deltebre (Deltarium),Spanien
10002360,Peñíscola (Jardín del Papagayo),Spanien
10002361,Grafenwiesen (Greifvogelpark),Deutschland
10002362,Landshut (Tiergehege),Deutschland
10002363,Ashbourne (Emerald Park - vormals Tayto Park),Irland
10002364,St. Gallen (Naturmuseum),Schweiz
10002365,Swindon (Studely Grange),Vereinigtes Königreich
10002367,Roetgen (Wildschweingehege),Deutschland
10002368,Mülheim/Ruhr (Haus Ruhrnatur),Deutschland
10002369,Bolzano (Naturmuseum Südtirol),Italien
10002370,Aarau (Naturama),Schweiz
10002371,Piran (Akvarij),Slowenien
10002373,Postojna (Postojnska jama & Vivarium Proteus),Slowenien
10002378,Praha (Terárium Dubeč - geschlossen 2019),Tschechien
10002382,Hilden (Flamingopark - geschlossen 1965),Deutschland
10002383,Orøstrand (Dyreparken),Dänemark
10002384,Torvastad (Haugaland Zoo),Norwegen
10002385,Clacton-on-Sea (SeaQuarium Clacton Pier - geschlossen 2022),Vereinigtes Königreich
10002386,Matlock Bath (Aquarium),Vereinigtes Königreich
10002387,Augsburg (Vivarium im Naturmuseum),Deutschland
10002388,Jesolo (Sea Life Aquarium - geschlossen),Italien
10002389,Adeje (Siam Park),Spanien
10002390,Puerto Del Carmen (Rancho Texas Park),Spanien
10002391,Peine (Tier- und Ökogarten),Deutschland
10002392,Bad Oeynhausen (Vogelpark Dehme - geschlossen 2003),Deutschland
10002393,Gummersbach (Tierpark - geschlossen),Deutschland
10002394,Schleusingen (Vivarium - geschlossen 1992),Deutschland
10002395,Viechtach (Vogelpark - geschlossen 2001),Deutschland
10002396,Zofingen (Voliere Trottenweiher),Schweiz
10002397,Thun (Voliere Schwäbis - geschlossen 2024),Schweiz
10002398,Hofstetten (Schweizerisches Freilichtmuseum Ballenberg),Schweiz
10002399,Santa Eugenia (Natura Parc),Spanien
10002400,Poole (Aquarium and Serpentarium - geschlossen 2002),Vereinigtes Königreich
10002401,Achern (Tiergehege im Stadtgarten - geschlossen 2007),Deutschland
10002402,Aalen (Tierpark Hollandgärtner - geschlossen ca. 2000),Deutschland
10002403,Anger (Haustierpark Ramsauerhof - geschlossen ca. 1994),Deutschland
10002404,Deisel (Vogelpark - geschlossen 1998),Deutschland
10002406,Freilassing (Kleinzoo - geschlossen ca. 2000),Deutschland
10002407,Gadenstedt (Vogelpark - geschlossen ca. 1999),Deutschland
10002408,Geltow (Tierpark - geschlossen 2006),Deutschland
10002409,Geretsried (Vivaria Korallenaquarium - geschlossen 2003),Deutschland
10002410,Gladbeck (Aquarium am Museum - geschlossen),Deutschland
10002411,Hermannseck (Tierpark - geschlossen 2000),Deutschland
10002412,Herxheim (Tierpark - geschlossen 2003),Deutschland
10002413,Herzogenaurach (Wildgehege - geschlossen 2001),Deutschland
10002414,Himbergen (Tiergehege Göhrde - geschlossen ca. 1965),Deutschland
10002415,Höheischweiler (Tivolipark - geschlossen 1984),Deutschland
10002416,Kassel (Naturkundemuseum im Ottoneum),Deutschland
10002417,Kassel (Vogelgehege - geschlossen ca. 1980),Deutschland
10002418,Kriftel (Vogelparadies Main-Taunus - geschlossen),Deutschland
10002419,Lippstadt (Tierpark - geschlossen 2002),Deutschland
10002420,Löbau (Heimattierpark - geschlossen),Deutschland
10002421,Lübbenau (Heimattierpark - geschlossen),Deutschland
10002422,Mägdesprung (Tierpark Selkemühle - geschlossen),Deutschland
10002423,Marburg (Tierpark - geschlossen 1970er),Deutschland
10002425,Mühlhausen/Thüringen (Heimattierpark - geschlossen),Deutschland
10002426,Mutterstadt (Vogelpark - geschlossen 1988),Deutschland
10002427,Nienburg/Weser (Tiergehege - geschlossen),Deutschland
10002428,Pahlsdorf (Tierpark - geschlossen),Deutschland
10002429,Pegnitz (Vogelpark am Buchauer Berg - geschlossen 1994),Deutschland
10002430,Raisdorf (Reptilienzoo - geschlossen 1998),Deutschland
10002431,Rottach-Egern (Alpenwildpark - geschlossen),Deutschland
10002432,Großenkneten-Sage (Tierpark Sagerheide - geschlossen),Deutschland
10002433,Schwalmtal-Waldniel (Tierpark Veken - geschlossen 2001),Deutschland
10002434,Schirmeke (Wildpark - geschlossen ca. 1985),Deutschland
10002435,Schwalbach-Griesborn (Tierpark - geschlossen ca. 1993),Deutschland
10002436,Seesen (Tierpark - geschlossen ca. 1985),Deutschland
10002437,Siedelsbrunn (Tierpark - geschlossen),Deutschland
10002438,Zell/Mosel (Tropenzoo - geschlossen 2006),Deutschland
10002439,Tangerhütte (Tierpark im Schloßpark - geschlossen ca. 1995),Deutschland
10002440,Fieberbrunn (Kleintierpark),Österreich
10002441,Forchtenstein (Reptilienzoo),Österreich
10002442,Großgmain (Wildpark Wolfschwangalm),Österreich
10002443,"Preding (Tier-, Wild- und Spielpark)",Österreich
10002444,St. Leonhard / Freudenthal (Oberösterreichischer Jagdfalkenhof - geschlossen 2014),Österreich
10002445,Cumbria (Predator Experience),Vereinigtes Königreich
10002446,Engelsbrand-Grunbach (Damwildgehege),Deutschland
10002447,Kürnbach (Wildschweingehege - geschlossen),Deutschland
10002448,Brijuni (Safari Park),Kroatien
10002449,Irkutsk (Akvarium baykalskoy nerpy),Russland
10002450,Brize Norton (Crocodiles of the World),Vereinigtes Königreich
10002451,Puigpunyent (La Reserva Puig de Galatzó),Spanien
10002452,Earnley (Earnley Butterflies/Birds and Beasts),Vereinigtes Königreich
10002453,Limoges (Aquarium du Limousin),Frankreich
10002454,Omsk (Nautilus v Dom detskogo tvorchestva),Russland
10002455,Dülmen (Wildpark),Deutschland
10002456,Dülmen (Wildpferdebahn Merfelder Bruch),Deutschland
10002457,Saransk (Zoopark),Russland
10002459,Cherkasy (Zoo),Ukraine
10002460,Moreton-in-Marsh (Sleepy Hollow Farm Park - geschlossen 1999),Vereinigtes Königreich
10002461,Bocholt (Wildgehege im Stadtwald),Deutschland
10002462,A Coruña (Aquarium Finisterrae),Spanien
10002463,Yaroslavl (Aquarium - geschlossen),Russland
10002464,Svaneke (Brandesgardshaven / vormals Joboland Bornholm),Dänemark
10002465,Basildon (Zoo - geschlossen 2002),Vereinigtes Königreich
10002466,Cleethorpes (The Jungle Zoo - geschlossen 2022),Vereinigtes Königreich
10002467,Ellesmere Port (Blue Planet Aquarium),Vereinigtes Königreich
10002468,Vizille (Parc Animalier du Chateau de Vizille),Frankreich
10002469,Mönchengladbach (Vogelvoliere - Bunter Garten),Deutschland
10002470,Valencia (Zoo - geschlossen 2007),Spanien
10002471,Castolovice (Zámecký zvěřinec Častolovice),Tschechien
10002472,Borysew (Zoo Safari Borysew),Polen
10002473,Rosengarten-Ehestorf (Freilichtmuseum am Kiekeberg),Deutschland
10002475,Benalmádena (Parque de la Paloma),Spanien
10002477,Guadalest (El Arca Wildlife Sanctuary - geschlossen),Spanien
10002478,Kronburg-Illerbeuren (Schwäbisches Bauernhofmuseum),Deutschland
10002480,Dingle (Dingle Oceanworld Aquarium),Irland
10002481,Karlsruhe (Städtisch Botanischer Garten),Deutschland
10002482,Würzburg (Botanischer Garten),Deutschland
10002483,Kraichtal-Münzesheim (Streichelzoo beim Therapiezentrum),Deutschland
10002484,Stutensee (Wildschweingehege Friedrichstal – geschlossen 2009),Deutschland
10002485,Phillipsburg (Wildschweingehege),Deutschland
10002486,Bleckede (Biosphaerium Elbtalaue),Deutschland
10002487,Oranienbaum (Biberschaugehege im Biosphärenreservat),Deutschland
10002488,Vienau (Tier-Oase - geschlossen 2015),Deutschland
10002489,Bad Rippoldsau-Schapbach (Wolf- und Bärenpark Schwarzwald),Deutschland
10002491,Bitterfeld-Wolfen (Tiergehege Greppin),Deutschland
10002492,Bitterfeld-Wolfen (Tiergehege Reuden),Deutschland
10002493,Bremen (botanika),Deutschland
10002495,Palic (Zoo),Serbien
10002496,Mistelbach (Tiergehege),Österreich
10002497,Albaek (Farm Fun),Dänemark
10002498,Bindslev (Ornereservatet),Dänemark
10002499,Perm (Terrakvarium),Russland
10002500,Long Sutton (Long Sutton Butterfly Park - geschlossen 2012),Vereinigtes Königreich
10002501,Timsbury (Endangered Madagascar - geschlossen 2013),Vereinigtes Königreich
10002502,Kirkley Hall (Northumberland College Zoo - vormals Kirkley Hall Zoological Gardens),Vereinigtes Königreich
10002503,Linstead (Oasis Camel Centre),Vereinigtes Königreich
10002504,Deining-Großalfalterbach (Eulenhof - seit 2018 nicht mehr öffentlich zugänglich),Deutschland
10002505,Jesolo (Tropicarium Park),Italien
10002506,Lübeck (Zoo - geschlossen),Deutschland
10002507,East Kilbride (Calderglen Country Park),Vereinigtes Königreich
10002508,Gryfow Slaski (Hirschpark - geschlossen),Polen
10002509,Clyst St Mary (Crealy Theme Park & Resort),Vereinigtes Königreich
10002510,Reaseheath (College Zoo),Vereinigtes Königreich
10002511,Avesta (Visentpark),Schweden
10002512,Frederikshavn (Bangsbo Dyrehave),Dänemark
10002513,Aarhus (Zoologisk Have - geschlossen 1960),Dänemark
10002514,Houghton Hall (Deer Park),Vereinigtes Königreich
10002515,Montredon-Labessonnié (Zoo - geschlossen 2025),Frankreich
10002516,Løkken (Family Farm Fun Park),Dänemark
10002517,Hirtshals (Fun-Park),Dänemark
10002518,Hadsund (Dyrehave),Dänemark
10002519,Hjortdal (Dyrefarm - geschlossen 2022),Dänemark
10002520,Nørre Vorupør (Nordsø Akvariet),Dänemark
10002521,Fjerritslev (Rogegard Jagdfarm),Dänemark
10002522,Liege (Aquarium de l`Universite),Belgien
10002523,Beenham (Wolf Conservation Trust - geschlossen 2018),Vereinigtes Königreich
10002524,Bruxelles (Aquarium - geschlossen 2018),Belgien
10002525,Herne (Minizoo Eickel),Deutschland
10002526,Berlin (Tiergehege im Volkspark Jungfernheide - geschlossen 2025),Deutschland
10002527,London (Royal Aquarium - geschlossen 1903),Vereinigtes Königreich
10002528,Brighton (Brighton Aquarium & Dolphinarium - geschlossen 1990),Vereinigtes Königreich
10002529,Zaragoza (Zaragoza Fluvial Aquarium),Spanien
10002530,Carini (Bioparco di Sicilia),Italien
10002531,Umhausen (Ötzi-Dorf),Österreich
10002532,Genève (Parc aux animaux du Bois-de-la-Bâtie),Schweiz
10002533,Torino (Zoom Torino),Italien
10002534,Ilbjerge (Skovlunds Dyr - geschlossen 2017),Dänemark
10002535,Berlin (Wildgehege im Tegeler Forst),Deutschland
10002536,Alton (Alton Towers Resort Sharkbait Reef by SeaLife),Vereinigtes Königreich
10002541,Bridgmere (Wildlife Park - geschlossen 1992),Vereinigtes Königreich
10002542,Chipping (Bowland Wild Boar Park),Vereinigtes Königreich
10002544,Bournemouth (Gardens Aviary),Vereinigtes Königreich
10002545,Trakovice (Tropicky svet - geschlossen 2013),Slowakei
10002546,Chaumont-sur-Tharonne (Parc Zoologique de Montévran - geschlossen 1981),Frankreich
10002547,Graben (Kleintierzuchtanlage e.V.),Deutschland
10002548,Waren/Müritz (Pension Zur Fledermaus),Deutschland
10002549,Modrová (Zoo farma),Slowakei
10002550,Lindlar (LVR-Freilichtmuseum),Deutschland
10002551,Sottrum (Familienpark),Deutschland
10002552,Longueil Sainte Marie (Parc animalier du Marais),Frankreich
10002553,Heckmondwike (Ponderosa Rural Therapeutic Centre),Vereinigtes Königreich
10002554,Wien-Hirschstetten (Zoologischer Garten in den Blumengärten),Österreich
10002555,Hiesse (La Colline Enchantée),Frankreich
10002556,Saint Hilaire la Palud (Les oiseaux du Marais Poitevin),Frankreich
10002557,Cromer (Birdland - geschlossen 1983),Vereinigtes Königreich
10002558,Sontra (Terrazoo),Deutschland
10002559,Helsingor (Oresundsakvariet),Dänemark
10002563,Einbeck (Charles Knie Circus-Land),Deutschland
10002564,Wellen (Mauppertuus Park - geschlossen 1969),Belgien
10002565,Hosingen (Wildpark - geschlossen),Luxemburg
10002566,Stein (Dolfirado -geschlossen 1987),Niederlande
10002567,Scharendijke (Dolfirodam - geschlossen 1980),Niederlande
10002568,Rotterdam (Dolfirodam - geschlossen 1973),Niederlande
10002570,Eindhoven (Vogel- en apenpark Animali - geschlossen 1994),Niederlande
10002571,Gijon (Acuario de Gijon),Spanien
10002572,San Sebastián (Aquarium Donostia),Spanien
10002573,Costa Teguise (Lanzarote Aquarium),Spanien
10002574,Getxo (Getxo Aquarium - geschlossen 2020),Spanien
10002575,Thessaloniki (Zoo),Griechenland
10002576,Moskva (Moskvarium),Russland
10002577,Riber (Riber Castle Wildlife Park - geschlossen 2000),Vereinigtes Königreich
10002578,Thorney (Thorney Wildlife Park - geschlossen 1982),Vereinigtes Königreich
10002579,Penrith (Lowther Wildlife Country Park - geschlossen 2000),Vereinigtes Königreich
10002580,Erfurt (Crocworld - geschlossen 2016),Deutschland
10002581,Manchester (Vivarium im Museum),Vereinigtes Königreich
10002582,Sciez (Les Aigles du Leman),Frankreich
10002583,Biel (Voliere Schwanenkolonie),Schweiz
10002584,Arbon (Voliere im Stadtpark),Schweiz
10002585,Gdynia (Akwarium Gdynskie MIR),Polen
10002586,Kadzidlowo (Park Dzikich Zwierzat),Polen
10002588,Knutsford (Hillside Bird Oasis - geschlossen 2002),Vereinigtes Königreich
10002589,Wolverhampton (Wickid Pets Animal Adventure - geschlossen 2012),Vereinigtes Königreich
10002590,Amrum (Vogelkoje),Deutschland
10002592,Hafnarfjörður (Zoo - geschlossen 1987),Island
10002593,Lüneburg (Arche-Park - vormals Wildgehege Kreideberg),Deutschland
10002594,Bad Birnbach (Wildpark),Deutschland
10002595,Bad Bramstedt (Kurpark - Zoobereich geschlossen 1979),Deutschland
10002596,Bad Griesbach/Rottal (Kurpark - Tierhaltung seit 2014 geschlossen),Deutschland
10002597,Billund (Legoland - Atlantis by SeaLife & Penguin Bay),Dänemark
10002598,Großweil (Freilichtmuseum Glentleiten),Deutschland
10002599,Knaresborough (Zoo - geschlossen 1985),Vereinigtes Königreich
10002600,Cloppenburg (Museumsdorf),Deutschland
10002601,Provins (Les Aigles des Remparts),Frankreich
10002602,Hamburg (Tier- und Pflanzenhaus Steilshoop),Deutschland
10002603,Lindow/Mark (Vogelpark),Deutschland
10002604,Agia Napa (Ayia Napa Marine Park - geschlossen 1998),Zypern
10002605,Filey (Bird Garden & Animal Park),Vereinigtes Königreich
10002606,Isla Cristina (Terra Exotica Crocodile Park - geschlossen),Spanien
10002607,O Grove (Aquarium Galicia),Spanien
10002609,Crikvenica (Aquarium),Kroatien
10002610,Dubrovnik (Aquarium),Kroatien
10002611,Rovinj (Aquarium),Kroatien
10002612,Trieste (Acquario Marino),Italien
10002613,Cattolica (Acquario Le Navi),Italien
10002614,Marina di Campo (Acquario dell Elba),Italien
10002615,Balestrand (Sognefjord Akvarium),Norwegen
10002616,Drøbak (Aquarium),Norwegen
10002617,Ankara (Zoo - geschlossen),Türkei
10002618,Istanbul (Sea Life Akvaryum Turkuazoo - geschlossen 2024),Türkei
10002619,Mena (Zoopark),Ukraine
10002620,Empuriabrava (Butterfly Park),Spanien
10002621,München (Botanischer Garten Nymphenburg),Deutschland
10002622,Varna (Aquarium),Bulgarien
10002623,Outeiro de Rei (Avifauna),Spanien
10002624,Meyrin (Vivarium Elapsoidea),Schweiz
10002625,Bellevue (Bioparc Genève Pierre Challandes),Schweiz
10002626,Montreux (Marmottes Paradis),Schweiz
10002627,Beilrode-Döbrichau (Welt der Reptilien - Der Zoo),Deutschland
10002628,Sundebru (Den Lille Dyrehage),Norwegen
10002629,Bosovice (Papageienzoo),Tschechien
10002630,Bielefeld (Bürgerpark),Deutschland
10002631,La Muela (Aviapark),Spanien
10002632,Santo Domingo (Zoo Koki),Spanien
10002633,Torremolinos (Crocodile Park),Spanien
10002634,Hinojosa de San Vicente (Zoo Safari Park),Spanien
10002635,Arguedas (Sendaviva),Spanien
10002636,St. Ottilien (Voliere),Deutschland
10002637,Cartigliano (Parco Faunistico Cappeller),Italien
10002638,Montegrotto Terme (Butterfly Arc - Casa delle Farfalle),Italien
10002639,Oberwiesenthal (Meeresaquarium),Deutschland
10002640,Mechernich-Kommern (Rheinisches Freilichtmuseum),Deutschland
10002641,Lüneburg (Vogelpark des Geflügelzuchtvereins),Deutschland
10002642,Hanau (Tümpelgarten),Deutschland
10002643,Bad Sobernheim (Rheinland-Pfälzisches Freilichtmuseum),Deutschland
10002644,Rietz-Neuendorf / OT Birkholz (Wildgehege Gut Hirschaue),Deutschland
10002645,Neschwitz (Volieren der Naturschutzstation),Deutschland
10002646,Bad Schandau (Tierpark - geschlossen 2015),Deutschland
10002647,Sarbsk (Sea Park Sarbsk),Polen
10002648,Schenkenberg (Wildgehege Golz / Elch- und Rentierfarm),Deutschland
10002649,Nottingham (King Cobra Sanctuary - geschlossen 2011),Vereinigtes Königreich
10002650,Manningtree (Mistley Place Park Animal Rescue Centre - geschlossen 2019),Vereinigtes Königreich
10002651,Den Haag (Haagse Dierentuin - geschlossen 1943),Niederlande
10002652,Rambow / Moltzow (Haustierhof Am Bars See),Deutschland
10002653,St. Magdalena (Wildgehege Zans),Italien
10002654,Pradinas (Parc animalier),Frankreich
10002655,Barrow-in-Furness (The Owl Sanctuary - vormals Furness Owl Centre),Vereinigtes Königreich
10002657,Jerez (Kariba - Granja de Cocodrilos),Spanien
10002658,Wiltshire (Lackham college Zoological Garden),Vereinigtes Königreich
10002659,Doha (Zoo - geschlossen 2013),Katar
10002660,Kuwait City (Zoo - geschlossen 2020),Kuwait
10002661,Salmiya (The Scientific Center),Kuwait
10002662,Almaty (Zoo),Kasachstan
10002663,Shymkent (Zoo),Kasachstan
10002664,Karaganda (Zoo),Kasachstan
10002665,Temirtau (Aquapark of Children`s Park - geschlossen),Kasachstan
10002666,Al Ain (Zoo),Vereinigte Arabische Emirate
10002667,Abu Dhabi (Emirates Park Zoo),Vereinigte Arabische Emirate
10002668,Dubai (Dubai Aquarium & Underwater Zoo),Vereinigte Arabische Emirate
10002669,Dubai (Dolphinarium),Vereinigte Arabische Emirate
10002670,Dubai (The Lost Chambers Aquarium),Vereinigte Arabische Emirate
10002671,Dubai (Zoo - geschlossen 2017),Vereinigte Arabische Emirate
10002672,Sharjah (Aquarium),Vereinigte Arabische Emirate
10002673,Sharjah (Arabia`s Wildlife Centre),Vereinigte Arabische Emirate
10002674,Umm Al Quwain (Marine Research Centre and Aquarium),Vereinigte Arabische Emirate
10002676,Galway (Atlantaquaria),Irland
10002677,Gowran (The National Reptile Zoo - geschlossen 2020),Irland
10002678,Killarney (Coolwood Wildlife Park - geschlossen 2018),Irland
10002679,Ballyvaughan (Burren Birds Of Prey Centre),Irland
10002680,Liscannor (Moher Hill Open Farm),Irland
10002681,Randalstown (World of Owls),Vereinigtes Königreich
10002682,Edinburgh (Butterfly & Insect World - geschlossen 2021),Vereinigtes Königreich
10002683,Warrington (Walton Hall Childrens Zoo),Vereinigtes Königreich
10002684,Outeiro de Rei (Parque Zoologico Marcelle Natureza),Spanien
10002685,Argir (Føroya Sjósavn - Aquarium),Dänemark/Färöer
10002686,Lahinch (Seaworld and Leisure Centre - geschlossen),Irland
10002687,Kilcornan (Stonehall Visitor Farm),Irland
10002688,Kiltimagh (Kiltimagh Pet Farm - geschlossen 2019),Irland
10002690,Tirana (Zoopark),Albanien
10002691,Sarajevo (Zoo Pionirska dolina),Bosnien-Herzegowina
10002692,Stresa (Parco Villa Pallavicino),Italien
10002693,Beverstedt (Tierpark CUX-Art),Deutschland
10002694,Hamm (Schmetterlingshaus im Maximilianpark),Deutschland
10002695,Leipzig (Tiergehege am Stadtgut Mölkau - geschlossen),Deutschland
10002696,Bojná (Ranč pod Babicou),Slowakei
10002697,Amersfoort (Het Groene Huis),Niederlande
10002698,Breda (Reptielenhuis de Aarde),Niederlande
10002699,Landskrona (Karlslunds Djurpark),Schweden
10002700,Saint-Jean-du-Gard (Aquarium de Saint-Jean-du-Gard - geschlossen),Frankreich
10002701,Isaberg (Isaberg Moose Park),Schweden
10002702,Målilla (Målilla Älgpark),Schweden
10002703,Umeå (Älgens Hus),Schweden
10002704,Tingsryd (Älgriket),Schweden
10002705,Vimmerby (Virum Älgpark),Schweden
10002706,Hissmossa (Ingelbo Moosepark - geschlossen),Schweden
10002707,Långshyttan (Långshyttans Älgpark),Schweden
10002708,Eringsboda (Räntemåla Gård),Schweden
10002709,Anneröd (Moose af Anneröd),Schweden
10002710,Ekshärad (Värmlands Moose Park),Schweden
10002711,Vittangi (Vittangi Älgpark - geschlossen 2014),Schweden
10002712,Heby (Gårdsjö Älgpark),Schweden
10002713,Valbo (Kybacka Älgpark - geschlossen),Schweden
10002714,Ockelbo (Älgparken),Schweden
10002715,Niksic (Zoo - geschlossen),Montenegro
10002716,Berane (Zoo - geschlossen 2010),Montenegro
10002717,Podgorica (Konjički klub Pony i Mini Zoo - geschlossen 2025),Montenegro
10002718,Plavnica (Zoo - geschlossen ca. 2011),Montenegro
10002719,Kyjiw (EKZOland),Ukraine
10002720,Saru (Alaveski Loomapark),Estland
10002721,Elistvere (Loomapark),Estland
10002722,Pärnu (Mini Zoo),Estland
10002723,Miedzyzdroje (Rezerwat Zubrow),Polen
10002724,Haskovo (Zoo),Bulgarien
10002725,Plovdiv (Zoopark - geschlossen 2021),Bulgarien
10002726,Blagoevgrad (Zoo),Bulgarien
10002727,Stara Zagora (Zoo),Bulgarien
10002728,Danemoor (Malvern Hills Childrens Zoo - geschlossen 1999),Vereinigtes Königreich
10002729,Berlin (Britzer Garten),Deutschland
10002730,Bedale (Thorp Perrow Arboretum Bird of Prey & Mammal Centre),Vereinigtes Königreich
10002731,Lutherstadt Wittenberg (Alaris Schmetterlingspark),Deutschland
10002732,Belitsa (Bear Sanctuary - vormals Dancing Bears Park),Bulgarien
10002734,Ranis / Brandenstein (Wisentgehege),Deutschland
10002735,Val de Reuil (Biotropica),Frankreich
10002736,Razgrad (Zoo),Bulgarien
10002737,Ribnitz-Damgarten (Freilichtmuseum Klockenhagen),Deutschland
10002738,La Gaude (Éco-Musée Vivant de Provence),Frankreich
10002739,Saint-Lary Soulan (La Maison de lOurs),Frankreich
10002740,Trassenheide (Schmetterlingsfarm),Deutschland
10002741,Pavlikeni (Zoo),Bulgarien
10002742,Ajtos (Zoopark),Bulgarien
10002743,Mescoules (Zoo),Frankreich
10002744,Shumen (Zoo),Bulgarien
10002745,Karnobat (Zoo - geschlossen 2009),Bulgarien
10002746,Dobrich (Zoo Centre),Bulgarien
10002747,Gabrovo (Zoo - geschlossen 2019),Bulgarien
10002748,Montrozier (Le jardin des bêtes),Frankreich
10002749,Cheltenham (Cotswold Farm Park),Vereinigtes Königreich
10002750,Antalya (Aquarium),Türkei
10002751,Hortobágy (Pusztai Állatpark),Ungarn
10002752,Hortobágy (Madárpark),Ungarn
10002753,Hortobágy-Malomhaza (Pusztaszafari - Hortobágyi Vadaspark),Ungarn
10002754,Karlshamn (Blekinge Exotiska Värld - geschlossen 2019),Schweden
10002756,Knezha (Zoopark Gergana),Bulgarien
10002757,Kubrat (Zoo - geschlossen 2007),Bulgarien
10002758,Pleven (Zoo),Bulgarien
10002759,Targovishte (Zoopark - geschlossen ca. 2007),Bulgarien
10002760,Miranda do Corvo (Parque Biologico da Serra da Lousa),Portugal
10002761,Malveira (Centro de Recuperação do Lobo Ibérico),Portugal
10002762,Birmingham (Zoo - geschlossen 1974),Vereinigtes Königreich
10002763,Moskva (Ekzoopark v Rio),Russland
10002764,Stavros dis Psokas (Forststation),Zypern
10002765,Stadt Hasselfelde (Westernstadt Pullman City Harz),Deutschland
10002766,Eigeltingen (Erlebnisbauernhof Lochmühle),Deutschland
10002767,Schömberg (Tiergehege Waldschenke),Deutschland
10002768,Niedereschach-Kappel (Tiergehege),Deutschland
10002769,Dietingen (Wildgehege),Deutschland
10002770,Rocca San Giovanni (Zoo d´Abruzzo - vormals Safari Parc d´Abruzzo),Italien
10002772,Dortmund (Schulzoo Hörde - geschlossen 1929),Deutschland
10002773,Cleebronn (Erlebnispark Tripsdrill),Deutschland
10002774,Praha (Vivárium Leknín - geschlossen 1944),Tschechien
10002775,Vilnius (LMNSC - vormals Lithuania´s Young Naturalists´Centre - geschlossen),Litauen
10002776,Jonusai (Klaipeda Zoo),Litauen
10002777,Chemnitz (Zoologischer Garten - geschlossen 1930),Deutschland
10002778,Bastad (Norrviken Trädgardars Fagelpark - geschlossen in den 1980er Jahren),Schweden
10002779,Quellen zur Artinformation,
10002780,Hörselberg-Hainich (Wildkatzendorf Hütscheroda),Deutschland
10002781,Rudolfingen (Tropical Paradise - geschlossen),Schweiz
10002782,Hull (Animal Education Centre),Vereinigtes Königreich
10002783,Hatton (Hatton Country World),Vereinigtes Königreich
10002784,Stratford-upon-Avon (Stratford Butterfly Farm),Vereinigtes Königreich
10002785,Vladivostok (Primorskiy okeanarium),Russland
10002786,Sandiway (Cheshire Falconry Centre),Vereinigtes Königreich
10002787,Bellingwolde (Kleindierpark - geschlossen 2019),Niederlande
10002788,Orlík nad Vltavou (Akvárium Orlík),Tschechien
10002789,Kraichtal-Bahnbrücken (Schmidts Alpakalodge),Deutschland
10002790,Macduff (Macduff Marine Aquarium),Vereinigtes Königreich
10002791,Birmingham (Botanical Gardens),Vereinigtes Königreich
10002792,London (Horniman Museum & Aquarium/Gardens),Vereinigtes Königreich
10002793,London (Hounslow Urban Farm),Vereinigtes Königreich
10002797,Medenychi (Zoopark Limpopo),Ukraine
10002798,Cordoba (Zoo),Spanien
10002799,Orvelte (Bizar Zoo),Niederlande
10002800,Arnhem (Openluchtmuseum),Niederlande
10002801,Pafos (Aquarium - geschlossen 2010),Zypern
10002802,Manchester (Manchester Aquarium - geschlossen),Vereinigtes Königreich
10002803,Penkridge (Rodbaston Animal Zone),Vereinigtes Königreich
10002804,Torino (Parco Faunistico LOasi degli Animali),Italien
10002805,Kastrup (Den Bla Planet Aquarium),Dänemark
10002806,Rivolta dAdda (Parco della Preistoria),Italien
10002807,Poggio San Lorenzo (Giardino Faunistico di Piano dellAbatino),Italien
10002808,Vlasim (ParaZoo),Tschechien
10002809,Olbramovice (Ekocentrum a farma Čapí hnízdo),Tschechien
10002810,Introd (Parc Animalier d Introd),Italien
10002811,Poppi (Parco Zoo della Fauna Europea),Italien
10002812,Villa Pompeiana (Parco Ittico Paradiso),Italien
10002813,Aberdeen (Hazelhead Park),Vereinigtes Königreich
10002814,Whitburn (Scottish Owl Centre),Vereinigtes Königreich
10002815,Santander (Magdalenas Marine Park),Spanien
10002816,Vleteren (Dierenpark De Zonnegloed),Belgien
10002817,Valle de Carranza (Karpin Abentura),Spanien
10002818,Blean (Bird Park - geschlossen),Vereinigtes Königreich
10002819,Almería (Acuario de Roquetas de Mar),Spanien
10002820,Ayamonte (Parque Zoologico Prudencio Navarro - geschlossen),Spanien
10002821,Pravia (El Rincón de las aves),Spanien
10002822,Cangas de Onís (Zoo La Grandera - geschlossen 2020),Spanien
10002823,Piedrafita de Jaca (Parque Faunístico Lacuniacha),Spanien
10002824,Molló (Molló Parc),Spanien
10002825,Masquefa (Centre de Fauna Salvatge La Coma - geschlossen),Spanien
10002826,Plasencia (Parque Ornitológico Los Pinos),Spanien
10002827,El Escorial (Cañada Real Open Center - vorübergehend geschlossen 2019),Spanien
10002828,Guernica (Basondo Refugio de Fauna de Urdaibai),Spanien
10002829,Riopar (Centro de educación ambiental La Dehesa),Spanien
10002830,Jandia (Zoo Stella Canaris - geschlossen),Spanien
10002832,Benalmádena (Mariposario Benalmádena),Spanien
10002833,Larnaca (Voliere - geschlossen),Zypern
10002834,Kouklia (Snake Park),Zypern
10002835,Kathikas (Trakkos Donkey Farm),Zypern
10002836,Roma (Safari park di Latina),Italien
10002837,Wernigerode (Tiergehege im Bürgerpark),Deutschland
10002838,Berdyansk (Zoopark Safari),Ukraine
10002839,Porec (Aquarium),Kroatien
10002840,Umag (Aquarium - geschlossen 2020),Kroatien
10002841,Pula (Aquarium Fort Verudela),Kroatien
10002842,Heidenheim/Brenz (Greifvogelstation und Falknerei),Deutschland
10002843,Bad Schussenried (Museumsdorf Kürnbach),Deutschland
10002844,Gualdo Cattaneo (Leopark),Italien
10002845,Paleokastritsa (Corfu Aquarium),Griechenland
10002846,Lutten (Vogel en pluimvee park De Lorkeershoeve),Niederlande
10002847,Ruinen (Park Oikos - geschlossen 2016),Niederlande
10002848,Bristol (Zoo Project - vormals Wild Place),Vereinigtes Königreich
10002849,Toblach / Dobbiaco (Wildpark Gustav Mahler),Italien
10002850,Athens (National Garden Zoo - vormals Athens Royal Menagerie),Griechenland
10002851,Luttelgeest (Pantropica - vormals De Orchideeënhoeve),Niederlande
10002852,Karlsruhe (Falknerei),Deutschland
10002853,Helmsley (National Centre for Birds of Prey),Vereinigtes Königreich
10002854,Il-Qawra (Malta National Aquarium),Malta
10002855,Nieuwe Niedorp (Roofvogeltuin - geschlossen),Niederlande
10002856,Nieuw-Scheemda (Swieneparredies - geschlossen 2019),Niederlande
10002857,Petergof (Prud Menazhernyy),Russland
10002858,Modrá (Živá vodá),Tschechien
10002859,Norden (Waloseum),Deutschland
10002860,Neuhausen ob Eck (Freilichtmuseum Neuhausen),Deutschland
10002861,Kernhof (Kameltheater und Weisser Zoo),Österreich
10002862,Staryy Oskol (Zoopark),Russland
10002863,Semey (Semey Biological Center - vormals Semey Regional Children's Biological Center),Kasachstan
10002864,Solnechnyy (Voronezhskiy Okeanarium),Russland
10002865,Sochi (Akvarium-terrarium),Russland
10002866,Krasnodar (Yunnatskiy zoopark v Ekologo-biologicheskiy Tsentr),Russland
10002868,Arhara (Stantsiya reintroduktsii redkikh vidov ptits),Russland
10002869,Syktyvkar (Zoopark),Russland
10002870,Kirkkolakhti (Karelskiy zoopark),Russland
10002871,Barnaul (Zoopark),Russland
10002872,Adler (Adlerskiy delfinariy),Russland
10002873,Sochi-Lazarevskoye (Pingvinariy v Morskaya Zvezda),Russland
10002874,Telford (Hoo Zoo and Dinosaur World),Vereinigtes Königreich
10002875,Troisdorf (Wildgehege),Deutschland
10002876,Göteborg (Sjöfartsmuseet Akvariet),Schweden
10002877,West Knoyle (Bush Farm Bison Centre - geschlossen 2023),Vereinigtes Königreich
10002878,Droyßig (Bärengehege im Schloßpark),Deutschland
10002879,Leipzig (Wildgehege am Cospudener See),Deutschland
10002880,Neapoli (Amazonas Park),Griechenland
10002881,Bruxelles (Museum des Sciences naturelles - Vivarium 2017 geschlossen),Belgien
10002882,Jimena de la Frontera (Pequeña Africa),Spanien
10002883,Keszthely (Festetics Imre Állatpark),Ungarn
10002884,Keszthely (Festetics Madárpark - geschlossen),Ungarn
10002885,Keszthely (Múzeum Zoo - geschlossen),Ungarn
10002886,Coton (Coton Manor Gardens),Vereinigtes Königreich
10002887,Scarborough (Playdale Farm Park),Vereinigtes Königreich
10002888,Volgograd (Okeanarium),Russland
10002889,Lisne (Feldman Ecopark),Ukraine
10002890,Bad Lauterberg (Wildpark Berghotel Stöberhai - geschlossen vor 1975),Deutschland
10002891,Bottrop (Tierpark im Stadtgarten - geschlossen in den 1950er Jahren),Deutschland
10002892,Blankenburg/Harz (Thiepark - geschlossen),Deutschland
10002893,Aachen (Tier- und Pflanzengarten - geschlossen 1944),Deutschland
10002894,Aachen (Zoologischer Garten - geschlossen 1905),Deutschland
10002895,Hull (Pearson Park Conservatory),Vereinigtes Königreich
10002896,Hull (Pickering Park Aviaries),Vereinigtes Königreich
10002897,Hull (West Park Aviaries),Vereinigtes Königreich
10002898,Juist (Küstenmuseum - geschlossen ca. 1965),Deutschland
10002899,Hamburg (Gasthaus zum Wattkorn - geschlossen),Deutschland
10002900,Bremen (Aquarium des Überseemuseums - geschlossen ca. 1985),Deutschland
10002901,Bruchhausen-Vilsen (Dohrmanns Kaffeegarten - geschlossen),Deutschland
10002902,Hövelhof (Wildpark Bredemeiers Fichten - geschlossen),Deutschland
10002903,Köln (Sülzer Kleinzoo - geschlossen ca. 1995),Deutschland
10002904,Götzenkirchen-Horrem (Kleintierzoo - geschlossen),Deutschland
10002905,Rodheim-Bieber (Kleintierzoo Biebertal - geschlossen),Deutschland
10002906,Mainz (Nieblings Tierpark - geschlossen 1968),Deutschland
10002907,Amlishagen (Bürgers Naturwildfreigehege - geschlossen),Deutschland
10002908,Konstanz (Kleinzoo Kammerer am See - geschlossen),Deutschland
10002909,Bad Nauheim (Heimattierpark - geschlossen),Deutschland
10002910,Heiden (Vogelpark),Deutschland
10002911,Bridgnorth (Midland Bird Garden - geschlossen 1984),Vereinigtes Königreich
10002913,Newball (Lincoln Zoo - vormals Woodside Wildlife & Falconry Park),Vereinigtes Königreich
10002914,Dortmund (Tierschau Steinerne Brücke - geschlossen 1934),Deutschland
10002915,Lysekil (Havets Hus),Schweden
10002916,Maastricht (Stadspark - vormals Dierenpark),Niederlande
10002917,Ibbenbüren (Naturerlebnispark NaturaGart),Deutschland
10002918,Oosterend (Texel Zoo - vormals Vogelbush Eureka),Niederlande
10002919,Leerdam (Aqua Zoo),Niederlande
10002920,Waltersdorf (Tier-Erlebnispark),Deutschland
10002921,Hamburg (Wilde Weiden Höltigbaum),Deutschland
10002922,Boitzenburg (Wisentzucht im Tiergarten - geschlossen 1945),Deutschland
10002923,Liberec (Botanická zahrada),Tschechien
10002924,Essen (Wildgehege Schonnebeck - geschlossen 2020),Deutschland
10002925,Goch (Tiergehege),Deutschland
10002926,Werne-Wessel (Rotwildgehege des Landgasthof Heidekrug),Deutschland
10002927,Kerkrade (Stadspark),Niederlande
10002928,La Roche-en-Ardenne (Le Parc à Gibier de La Roche),Belgien
10002929,Saint-Hubert (Parc à Gibier de Saint-Hubert),Belgien
10002930,Taufkirchen / Vils (Urzeitmuseum - Tierhaltung 2026 beendet),Deutschland
10002931,Lichtenau (Sonnenlandpark),Deutschland
10002932,Lorch (Stauferfalknerei),Deutschland
10002933,Bad Rippoldsau (Tier- und Wildgehege),Deutschland
10002934,Almuñécar (Parque Ornitológico Loro Sexi),Spanien
10002935,Doolin (Doolin Cave - Nature Trail),Irland
10002936,Muckross (Traditional Farms),Irland
10002937,Benesov (Castle Konopiste),Tschechien
10002938,Zákupy (Zámecké medvědárium - geschlossen 2020),Tschechien
10002939,Tocnik (Medvědín hradu),Tschechien
10002940,Náchod (Zámek),Tschechien
10002941,Ilfracombe (Ilfracombe Zoo Park - geschlossen 1973),Vereinigtes Königreich
10002943,Poroszlo (Tisza-tavi Ökocentrum),Ungarn
10002944,Sevastopol (Zoopark),Ukraine/Krim
10002945,Thyborøn (JyllandsAkvariet),Dänemark
10002946,Wörlitz (Falknerei am Wörlitzer Park),Deutschland
10002947,Manchester (Sea Life),Vereinigtes Königreich
10002952,Alphen aan den Rijn (Stichting Schildpaddencentrum),Niederlande
10002953,Beverwijk (Animal Farm),Niederlande
10002955,Heimaey (Saeheimar Aquarium - geschlossen 2019),Island
10002956,Bradnop (Beaver Hall Farm Park),Vereinigtes Königreich
10002957,Alaior (Zoo Lloc de Menorca),Spanien
10002958,St. Catherines Island (Tenby Zoo - geschlossen 1979),Vereinigtes Königreich
10002959,Bad Liebenstein (Tiergehege im Elisabethpark - geschlossen ca. 1991),Deutschland
10002960,Budapest (Belvárosi Akvárium és Terrárium - geschlossen 1988),Ungarn
10002961,Milovice (Mirakulum),Tschechien
10002962,Praha (Krokodyli Zoo),Tschechien
10002964,Shavington cum Gresty (Zoo - geschlossen 1931),Vereinigtes Königreich
10002965,Kaliningrad (FGBUK Muzey Mirovogo okeana),Russland
10002970,Volzhskiy (Mini-Zoopark),Russland
10002971,Stockton-on-Tees (Wild Animal Adventures - geschlossen 2018),Vereinigtes Königreich
10002972,Lünen (Stadtpark Rundsporthalle - Tierhaltung geschlossen),Deutschland
10002973,Feldatal (Greifvogelwarte),Deutschland
10002974,Chamonix-Mont-Blanc (Parc de Merlet),Frankreich
10002975,Leens (Doezoo Insectenwereld),Niederlande
10002976,Belek (Troy Aqua & Dolphinarium),Türkei
10002977,Henndorf am Wallersee (Gut Aiderbichl),Österreich
10002978,Gänserndorf (Gut Aiderbichl Affen-Refugium),Österreich
10002979,Maryport (Lake District Coast Aquarium),Vereinigtes Königreich
10002980,Niedereschach-Schabenhausen (Weißers Floraparadies),Deutschland
10002981,Bebra-Asmushausen (Alpaka-Park Waldhessen),Deutschland
10002983,Canet-en-Roussillon (Aquarium),Frankreich
10002984,Santa Pola (Aquarium Municipal),Spanien
10002985,Banyuls-sur-Mer (Biodiversarium),Frankreich
10002986,Loudun (Aquarium),Frankreich
10002987,Nes (Natuurcentrum Ameland),Niederlande
10002988,Praha (Aquarium Pod hladinou Vltavy - geschlossen 2015),Tschechien
10002989,Novyy Urengoy (Mini-zoopark iz DES),Russland
10002990,Rochehaut (Parc animalier de Rochehaut),Belgien
10002991,Zelenogorsk (Prirodnyy zoologicheskiy park),Russland
10002992,Giggleswick (Settle Falconary - vormals Yorkshire Dales Falconry Centre),Vereinigtes Königreich
10002993,Zheleznogorsk (Zoosad v Parka kultury i otdykha imeni S.M. Kirova),Russland
10002994,Vranjic (Aquarium Split - geschlossen),Kroatien
10002995,Brandenburg (Reptilienschutzzentrum aktion tier Brandenburg),Deutschland
10002996,Hammerbach (Lindenhof),Deutschland
10002997,Oisterwijk (Vogelpark Eurobird - geschlossen 2003),Niederlande
10002998,Dortmund (Sea Life - geschlossen 2004),Deutschland
10002999,Wilstead (Herrings Green Activity Farm & Bird of Prey Centre),Vereinigtes Königreich
10003000,Destelbergen (Familiepark Harry Malter),Belgien
10003001,Portaferry (Exploris Aquarium),Vereinigtes Königreich
10003002,Groombridge (The Raptor Centre - geschlossen 2018),Vereinigtes Königreich
10003003,Karlshuld (Freilichtmuseum Haus im Moos),Deutschland
10003004,Honfleur (Naturospace),Frankreich
10003005,Halle (Botanischer Garten),Deutschland
10003006,Hankensbüttel (Vogelpark - geschlossen 2017),Deutschland
10003007,Almaty (Nursery of Birds of Prey Sunkar),Kasachstan
10003008,Langenhagen (Vogelschutzgehölz),Deutschland
10003009,Marseille (Aquarium du Conseil Général),Frankreich
10003010,Inveraray (Argyll Wildlife Park - geschlossen 2004),Vereinigtes Königreich
10003011,Silkeborg (Sminge Safari Parken - geschlossen),Dänemark
10003012,Newtownards (The Ark Open Farm),Vereinigtes Königreich
10003013,Matlock (Matlock Farm Park),Vereinigtes Königreich
10003015,Flörsheim-Weilbach (Weilbacher Kiesgruben),Deutschland
10003016,"Hannover (Waldstation Eilenriede seit 2004, vormals Vogelschutzgehölz)",Deutschland
10003017,Almuñécar (Aquarium),Spanien
10003018,Wüstenrot (Greifvogelanlage am Spatzenwald),Deutschland
10003019,Horní Pěna (Zoopark Na Hrádečku),Tschechien
10003020,Sydower Fließ (Wildkatzenzentrum Felidae),Deutschland
10003021,Kobenhavn (Tivoli Aquarium),Dänemark
10003022,Valencia (Jardines del Real),Spanien
10003023,Basel (Botanischer Garten),Schweiz
10003024,Borova Lada (Soví Voliéry),Tschechien
10003025,Burg (Schmetterlingspark Fehmarn),Deutschland
10003026,Porto Cristo (Acuario de Mallorca - geschlossen 2006),Spanien
10003027,Möhnesee (Tierpark Haus Müller - geschlossen)),Deutschland
10003029,Fairseat (Hemsley Conservation Centre),Vereinigtes Königreich
10003030,Guadalajara (Zoo),Spanien
10003031,Barcelona (Museu Blau - seit 2016 keine Tierhaltung mehr),Spanien
10003032,Huby (York Bird Of Prey Centre / Minster Falconry),Vereinigtes Königreich
10003033,Stezery (Zoopark),Tschechien
10003034,Wriezen (Wildgehege),Deutschland
10003035,Sutivan (Park prirode),Kroatien
10003036,Split (Zoološki vrt),Kroatien
10003037,Kington (Small Breeds Farm Park and Owl Centre),Vereinigtes Königreich
10003038,Porto Moniz (Aquario da Madeira),Portugal
10003040,Funchal (Museu de Historia Natural),Portugal
10003041,Allex (Aquarium),Frankreich
10003042,Rottleberode (Tierpark - geschlossen 2016),Deutschland
10003043,Sevilla (Acuario de Sevilla),Spanien
10003044,Livorno (Aquarium),Italien
10003045,Halle (Nutztiergarten am Goldberg),Deutschland
10003046,Rostock-Warnemünde (Marine Science Center),Deutschland
10003047,Scheidegg (Tiergehege an den Wasserfällen),Deutschland
10003048,Mariefred (Gripsholms hjorthage),Schweden
10003049,Schwedt/Oder-Criewen (Aquarium im Nationalparkhaus),Deutschland
10003050,Ludwigsburg (Wildgehege Favorite Park),Deutschland
10003051,Heilbronn (Voliere im Pfühlpark),Deutschland
10003052,Stit (Animal Park Rabina - vormals Biopark - geschlossen),Tschechien
10003053,Dorf Tirol (Pflegezentrum für Vogelfauna),Italien
10003054,Pocklington (Burnby Hall Gardens and Museum),Vereinigtes Königreich
10003055,Windsor (Legoland),Vereinigtes Königreich
10003056,Victoria (Festival Park Owl Sanctuary - vormals Ebbw Vale Owl Sanctuary),Vereinigtes Königreich
10003057,Rockenhausen (Tierpark Donnersberg - geschlossen 2026),Deutschland
10003058,Hechingen (Streichelzoo Hofgut Domäne),Deutschland
10003059,San Marino (Reptilarium-Aquarium - geschlossen 2013),San Marino
10003060,Möhnesee (Landschaftsinformationszentrum Wasser und Wald),Deutschland
10003061,Möhnesee (Wildpark Völlinghausen),Deutschland
10003062,Petershausen (Alpaka-Ranch),Deutschland
10003063,Hiddenhausen (Biologiezentrum Bustedt),Deutschland
10003064,Bolton (Bolton Museum),Vereinigtes Königreich
10003065,Saint Peter Port (Guernsey Aquarium - geschlossen 2019),Vereinigtes Königreich/Bailiwick of Guernsey
10003066,Sehnde (Schulzoo - geschlossen),Deutschland
10003067,Bonn (Schulzoo Augustinum – geschlossen 1971),Deutschland
10003068,Bonn (Schulzoo am Collegium Josephinum),Deutschland
10003069,Sparsholt (Sparsholt College),Vereinigtes Königreich
10003070,Demydiv (Zoopark XII misyatsiv),Ukraine
10003071,Magdeburg (Wildgehege im Elbauenpark),Deutschland
10003072,Magdeburg (Schmetterlingshaus im Elbauenpark),Deutschland
10003073,Macouria (Zoo de Guyane),Frankreich/Französisch-Guayana
10003074,Bouillante (Zoo de Guadeloupe - Parc des Mamelles),Frankreich/Guadeloupe
10003075,Le Carbet (ZOO de Martinique),Frankreich/Martinique
10003076,Södertälje (Torekällbergets Friluftsmuseum),Schweden
10003077,Männedorf (Fischottergehege - geschlossen 2023),Schweiz
10003078,Wyk (Nationalpark-Haus Föhr),Deutschland
10003079,Graz (Turtle Island),Österreich
10003080,Weißenhäuser Strand (WaWaCo / Streichelgehege),Deutschland
10003081,Bell (Tiererlebnispark),Deutschland
10003086,Emmen (Wildlands Adventure Zoo),Niederlande
10003087,Rettenberg-Brackenberg (Tier- und Streichelzoo Zum Paradies - geschlossen 2012),Deutschland
10003088,Sankt Englmar (Waldwipfelweg),Deutschland
10003089,Zarnesti (Rezervația de urși Libearty),Rumänien
10003090,Potsdam (Krongut Bornstedt),Deutschland
10003091,Lübbenau (Spreeweltenbad),Deutschland
10003092,Ravenna (Safari Ravenna),Italien
10003093,Hel (Fokarium),Polen
10003094,Cala Gonone (Aquarium),Italien
10003095,Alghero (Aquarium),Italien
10003096,Giba (Parco Degli Angeli),Italien
10003097,Scano di Montiferro (Il Parco degli Uccelli),Italien
10003098,Pula (Aquarium Laguna di Nora),Italien
10003100,Tel Aviv (Dolphinarium - geschlossen 1985),Israel
10003101,Nieuwe-Tonge (Faunapark Flakkee),Niederlande
10003102,Menai Bridge (Pili Palas Nature World),Vereinigtes Königreich
10003103,Emsbüren (Emsflower),Deutschland
10003104,Vlissingen (Het Arsenaal - geschlossen 2021),Niederlande
10003106,Den Haag (Koekamp),Niederlande
10003108,Bad Neuenahr-Ahrweiler (Ahrquarium),Deutschland
10003109,Schönau/Rottal (Erlebnispark Voglsam),Deutschland
10003110,Bad Sassendorf (Wildpark Freiherr-von-Wintzingerode-Park),Deutschland
10003111,Bad Sassendorf (Volieren im Kurpark),Deutschland
10003112,Schopfheim (Vogelvoliere im Stadtpark),Deutschland
10003113,Gütersloh (Stadtpark - Voliere im Botanischen Garten),Deutschland
10003114,Malente (Wildpark),Deutschland
10003115,Bestwig (FORT FUN Abenteuerland),Deutschland
10003116,Möhnesee (von Donnerscher Wildpark - geschlossen ca. 1946),Deutschland
10003117,Marsberg-Essentho (Ausgewöhnungsstation für Greifvögel & Eulen),Deutschland
10003118,Bad Berleburg (Wisent-Wildnis am Rothaarsteig),Deutschland
10003119,Boxberg-Uhyst (Safariwildrevier am Bärwalder See),Deutschland
10003121,Pleinfeld (Sommerrodelbahn Erlebnispark),Deutschland
10003122,Braunschweig (Wildgehege Riddagshausen),Deutschland
10003123,Krausnick (Tropical Islands),Deutschland
10003124,Lancaster (Williamson Park Butterfly House),Vereinigtes Königreich
10003125,Plasy (Fantasy Golf Plasy),Tschechien
10003126,Wheathampstead (Zoo - geschlossen),Vereinigtes Königreich
10003127,Skegness (Aquarium),Vereinigtes Königreich
10003128,Someren (Klein Costa Rica - geschlossen 2022),Niederlande
10003129,Marburg (Botanischer Garten),Deutschland
10003131,Nitra (Univerzitné vivárium),Slowakei
10003132,Bergheim (Tierpark Quadrath-Ichendorf),Deutschland
10003133,Gibraltar (Alameda Wildlife Park),Vereinigtes Königreich/Gibraltar
10003134,Sant Julià de Lòria (Natureland - vormals Naturlandia 2000),Andorra
10003135,Banja Luka (Zoo park Trapisti - geschlossen 2012),Bosnien-Herzegowina
10003137,Imavere (Sassi Talu Jaanalinnufarm),Estland
10003138,Madala (Jaaniraotu Linnupark - geschlossen 2015),Estland
10003139,Kata (Polli Loomaaed),Estland
10003140,Nautse (Muhu Jaanalind),Estland
10003142,Sigaste (Raja Talu Miniloomad - geschlossen 2010),Estland
10003143,Povoação (Parque Zoológico - geschlossen 2020),Portugal/Azoren
10003144,Baska (Akvarij),Kroatien
10003145,Bregana (Bio Park Divlje Vode),Kroatien
10003146,Brijuni (Zoološki vrt - geschlossen 1990,Kroatien
10003147,Cerna (ZOO vrt Miško),Kroatien
10003148,Grabovac (Lovacki muzej i zoološki vrt - geschlossen),Kroatien
10003149,Hvar (ZOO vrt - geschlossen),Kroatien
10003150,Kravarsko (Zoo Park Izletište Ključić brdo),Kroatien
10003152,Krk (Aquarium Terrarium),Kroatien
10003153,Krk (Tropski Akvarij),Kroatien
10003154,Kuterevo (Utocište Medvjeda Kuterevo - Refugium Ursorum Kuterevo),Kroatien
10003155,Markovac Nasicki (Zoološki vrt Bizik),Kroatien
10003156,Obrovac (Hobi Zoo - geschlossen),Kroatien
10003157,Opatija (Aquarium Sankt Jacobi - geschlossen),Kroatien
10003158,Orehovec (Križevacko cuvalište tigrova),Kroatien
10003159,Rijeka (Akvarij),Kroatien
10003160,Rijeka (Akvárium a Governo Marittimo palotabán Fiume - geschlossen 1918),Kroatien
10003161,Rijeka (Akvárium Edoardo Castiane - geschlossen 1928),Kroatien
10003162,Rijeka (ZOO vrtić - geschlossen 1962),Kroatien
10003163,Ruscica (Centar za zbrinjavanje zaštićenih životinja - vormals Zoo Park obitelji Milec),Kroatien
10003164,Šibenik (Aquarium Terrarium - geschlossen),Kroatien
10003165,Split (Morski akvarij - geschlossen 1986),Kroatien
10003166,Vodice (Akvarij & muzej pomorske tradicije),Kroatien
10003167,Calden-Meimbressen (Serpentarium),Deutschland
10003168,Great Amwell (Ventura Wildlife Park - geschlossen 2020),Vereinigtes Königreich
10003169,Furth im Wald (Wildgarten),Deutschland
10003170,Aschersleben (Tiergarten - geschlossen 1958),Deutschland
10003171,Achern (Tiergehege Gartencenter Decker),Deutschland
10003172,Amberg (Gaststättenzoo Lustgarten Alafberg - geschlossen ca. 1975),Deutschland
10003173,Aulendorf (Ferienhof Tiergarten),Deutschland
10003174,Sülzetal (Tierpark Altenweddingen - geschlossen 2008),Deutschland
10003175,Zeihen (Vogelpark Ambigua),Schweiz
10003176,Lennestadt-Meggen (Galileo-Park),Deutschland
10003177,Pesco Sannita (Zoo delle Maitine),Italien
10003178,Riva del Garda (Reptiland),Italien
10003179,Valeggio Sul Mincio (Parco Giardino Sigurtà),Italien
10003180,Vrigstad (Älgpark - geschlossen),Schweden
10003181,Chester (Chester Cathedral Falconry - geschlossen 2020),Vereinigtes Königreich
10003182,Zvole (Kontaktní Zoopark - geschlossen),Tschechien
10003183,Füssen (Reptilienzoo Allgäu),Deutschland
10003184,Saterland (Schulvivarium),Deutschland
10003185,Beli (Visitors and Rescue Centre for Griffon vulture / vormals Eko-Centar),Kroatien
10003187,Weil (Reit- und Wildpark),Deutschland
10003188,Granada (Parque de las Ciencias),Spanien
10003189,Winterthur (Stadtvolière Lindengut),Schweiz
10003190,Zürich (Voliere Seebach),Schweiz
10003191,Ustek (Vodní svět),Tschechien
10003192,Hulice (Vodní dům),Tschechien
10003193,Ostrov u Veliše (Farma Blaník - geschlossen 2021),Tschechien
10003194,Vodnany (Rybarske muzeum),Tschechien
10003195,Votice (Motýlárium),Tschechien
10003196,Cesky Krumlov (Akvarium - geschlossen 2017),Tschechien
10003197,Kharoshae (Private ZOO Khoroshee),Belarus
10003199,Laichingen (Wildgehege Westerlau),Deutschland
10003200,Karlsruhe (Naturschutzzentrum Rappenwört),Deutschland
10003201,Episkopi (Straußenfarm),Griechenland
10003202,Bobbington (Wild Zoological Park),Vereinigtes Königreich
10003203,Felsőlajos (Magán Zoo),Ungarn
10003204,Pieterburen (Zeehondencentrum),Niederlande
10003205,Benalmádena (Valle de las Águilas/Teleférico),Spanien
10003206,Praha (Akvárium Galerie Butovice - geschlossen 2010),Tschechien
10003207,Gartow (Wildgatter Falkenmoor),Deutschland
10003208,Hitzacker (Wildgatter),Deutschland
10003209,Reutlingen-Rappertshofen (Tiergehege am LMV),Deutschland
10003210,Hamfelde (Tierpark Gasthof Waldeslust),Deutschland
10003211,Zdiby (Cats Paradise - geschlossen 2020),Tschechien
10003212,Lany u Rakovnika (Skolni zemedelsky podnik),Tschechien
10003213,Lany u Rakovnika (Ukázková obůrka ),Tschechien
10003214,Yarmouth (Fort Victoria Marine Aquarium - geschlossen 2015),Vereinigtes Königreich
10003215,Is-Siġġiewi (Montekristo Animal Park - 2015 für Öffentlichkeit geschlossen),Malta
10003216,Nouméa (Parc zoologique et forestier Michel-Corbasson),Frankreich/Neukaledonien
10003217,Nouméa (Aquarium des Lagons),Frankreich/Neukaledonien
10003218,Torquay (Aqualand - geschlossen ca. 1995),Vereinigtes Königreich
10003219,Arcidosso (Parco Faunistico del Monte Amiata),Italien
10003220,Cherkasy (Tropic World Angkor-Vat),Ukraine
10003221,Löffingen (Wallisers Raubtierhof - geschlossen 2017),Deutschland
10003222,Oostende (Pastoor Pype Aquarium - geschlossen ca. 1967),Belgien
10003223,Oostende (Noordzeeaquarium - geschlossen 2019),Belgien
10003224,Oostende (Aquarium - geschlossen 1928),Belgien
10003226,Blankenberge (Aquarama - geschlossen 1999),Belgien
10003227,Amougies (Amosafari - geschlossen),Belgien
10003228,Pristina (Mini ZOO Te Ariu - geschlossen),Kosovo
10003229,Prizren (Zoo Kopshti Shqiponja - geschlossen),Kosovo
10003230,Novo Selo (Bear Sanctuary Prishtina),Kosovo
10003231,Rrushkull (Kopshti Zoologjik - geschlossen),Albanien
10003232,Tirana (Minizoo Bar Restorant Sofra e Ariut - geschlossen),Albanien
10003233,Spathar (Kompleksi DEA - geschlossen),Albanien
10003234,Shkodër (Mini ZOO Restorant Shqiponja - geschlossen),Albanien
10003235,Nartë (Kavalona ZOO Park - geschlossen 2015),Albanien
10003236,Mbrostar (Safari Park ZOO Fier - geschlossen 2018),Albanien
10003237,Germenj (Kopesht zoologjik Vila Germenj Jorgo - geschlossen),Albanien
10003238,Grabovica (Mini-Zoo von Eco-selo Grabovica),Bosnien-Herzegowina
10003239,Liminka (Kukka-ja eläinpuisto Escurial),Finnland
10003240,Kotka (Maretarium),Finnland
10003241,Feanwâlden (Sanjes Safari – vormals Dierenpark Sanjeszoo),Niederlande
10003242,Delfzijl (MuzeeAquarium),Niederlande
10003243,Den Haag (Mappa Mundia in Avonturia de Vogelkelder),Niederlande
10003244,Hilversum (AquaExpo - geschlossen ca. 2017),Niederlande
10003245,Leidschendam (Vlinders aan de Vliet),Niederlande
10003246,Marknesse (MeerZoo),Niederlande
10003247,Waarland (Vlindertuin Vlindorado),Niederlande
10003248,Burgas (Akvarium - terarium na Arheologicheski muzey),Bulgarien
10003249,Ruse (Ekomuzey s Akvarium),Bulgarien
10003250,Sejdol (Zookat na OU Videlina),Bulgarien
10003252,Stara Zagora (Wildlife Rehabilitation and Breeding Centre - Green Balkans),Bulgarien
10003253,Varna (Terrarium),Bulgarien
10003254,Varna (Zoopark),Bulgarien
10003255,Velingrad (Zookat na PGGS Hristo Botev),Bulgarien
10003256,Vlahi (Large Carnivore Education Centre),Bulgarien
10003257,Burgas (Zoo),Bulgarien
10003258,Byala (Zoopark Gorica),Bulgarien
10003259,Dimitrovgrad (Zoo),Bulgarien
10003260,Dupnitsa (Zookat na Park Rila Dupnitsa),Bulgarien
10003261,Ekzarh Yosif (Mini-Zoo),Bulgarien
10003262,Gorna Malina (Zoo kat Hidropark Vyatarnite melnitsi),Bulgarien
10003263,Gorno Sahrane (Zoopark - geschlossen 2004),Bulgarien
10003264,Hisarlaka (Zoo Kyustendil - geschlossen),Bulgarien
10003265,Nikolovo (Zookat Lipnik - geschlossen),Bulgarien
10003266,Pazardzhik (Zoopark),Bulgarien
10003267,Plovdiv (Akvarium na Regionalen prirodonauchen muzey),Bulgarien
10003268,Plovdiv (Terarium - geschlossen 2017),Bulgarien
10003269,Plovdiv (Zookat na DKC 1),Bulgarien
10003270,Plovdiv (Zookat Rila - geschlossen),Bulgarien
10003271,Constanta (Aquarium),Rumänien
10003273,Teplice (Botanická zahrada),Tschechien
10003274,Odesa (Biopark),Ukraine
10003275,Wimborne (Merley Bird Garden - geschlossen 1997),Vereinigtes Königreich
10003276,Hrachov (Centrum ochrany fauny CR),Tschechien
10003277,Dolni Cermna (Teracentrum - geschlossen),Tschechien
10003278,Dobris (Zamecka minizoo),Tschechien
10003279,Benice (Minizoo Favory),Tschechien
10003280,Beroun (Mestske medvedarium),Tschechien
10003281,Sestajovice (Minifarma Rodas),Tschechien
10003282,Zelcin (Zoopark),Tschechien
10003283,Olovnice (Zoopark),Tschechien
10003284,Brandysek (Zachranna stanice Aves),Tschechien
10003285,Moskva (Tropicheskiy Akvarium v Aviapark),Russland
10003286,Sirá (Farma Bukov - geschlossen ca. 2013),Tschechien
10003288,Blankenburg/Harz (Fasanengarten),Deutschland
10003289,Cvrcovice (Vodní park Cabárna - geschlossen 2024),Tschechien
10003290,Chynava (Statek U Merlina),Tschechien
10003293,Bad Schandau (Luchsgehege),Deutschland
10003294,Bad Wörishofen (Falknerei Adlerhost - geschlossen ca. 2005),Deutschland
10003295,Battenberg/Eder (Wildgehege Dodenau),Deutschland
10003298,Dnipro (Mini-Zoopark - geschlossen 2016),Ukraine
10003299,Dnipro (Aquarium),Ukraine
10003300,Ludwigslust (Heimtiergarten - geschlossen 2010),Deutschland
10003301,Bacau (Vivarium),Rumänien
10003302,Ilisesti (Gradina Zoologica Soimaru - geschlossen),Rumänien
10003303,Galati (Aquarium),Rumänien
10003304,Stickney (ARK Wildlife Park & Exotic Animal Sanctuary),Vereinigtes Königreich
10003305,Karlovac (Aquatika - Slatkovodni akvarij),Kroatien
10003307,Constanta (Expositie de Pasari Exotice - geschlossen ca. 2021),Rumänien
10003308,Constanta (Microrezervatie),Rumänien
10003309,Agay (Aquarium des Roches Rouges - geschlossen vor 2001),Frankreich
10003310,Ploiesti (Aquarium),Rumänien
10003311,Beilrode (Tiergehege im Stadtpark),Deutschland
10003312,Laubach (Grünes Meer),Deutschland
10003313,Jibou (Gradina botanica Vasile Fati),Rumänien
10003314,Brauneberg (Tierpark am Hotel Lindenhof),Deutschland
10003315,Brühl (Anlage des Kleintierzuchtverein 1912 Brühl e.V.),Deutschland
10003316,Dautphetal-Hommertshausen (Wildgehege - geschlossen 2007),Deutschland
10003317,Düsseldorf (Streichelzoo im Südpark),Deutschland
10003318,Almere (Jungle Dierenpark),Niederlande
10003319,Maasbree (Vogelpark Bonasia - geschlossen),Niederlande
10003320,Sankt-Peterburg (Ekzoopark v Rio),Russland
10003321,Nizhniy Novgorod (Madagaskar v Sormovskiy park),Russland
10003322,Neubrandenburg (Kulturpark),Deutschland
10003323,Gyöngyös (Gyöngyösi Állatkert),Ungarn
10003324,Teplice (Biopark in Gymnázium Teplice),Tschechien
10003325,Tel Aviv (Zoo - geschlossen 1980),Israel
10003326,San Eugenio (Aqualand Costa Adeje),Spanien
10003329,Ormskirk (Windmill Animal Farm),Vereinigtes Königreich
10003330,Vladivostok (Zoopark Sadgorod),Russland
10003331,Jonsdorf (Schmetterlingshaus),Deutschland
10003332,Moskva (Krokus Siti Okeanarium),Russland
10003333,Yodfat (Monkey Forest),Israel
10003334,Almaty (Kok-Tobe mini zoo),Kasachstan
10003335,Moskva (Okeanarium v Rio),Russland
10003336,Focsani (Expoziția de animale Muzeul Vrancei),Rumänien
10003337,Preston (Wild Discovery),Vereinigtes Königreich
10003338,Saint-Thibery (Parc zoologique Val dHerault nature - geschlossen 2015),Frankreich
10003339,Vanatori-Neamt (Zoo Dragos-Voda),Rumänien
10003341,Teplice (Minizoo v Zámecká zahrada),Tschechien
10003342,Dresden (Botanischer Garten),Deutschland
10003343,Cotebrook (Cotebrook Shire Horse Centre),Vereinigtes Königreich
10003344,Felton (Northumberland Country Zoo - vormals E shott Heugh Animal Park),Vereinigtes Königreich
10003345,St. Leon-Rot (Vogelpark),Deutschland
10003346,Wiesental (Waldvogelpark Waghäusel - geschlossen),Deutschland
10003347,Köln (Rolfs Streichelzoo),Deutschland
10003348,Etten-Leur (Exotisch tuincentrum de Evenaar - vormals De Eekhoorn Experience in De Evenaar),Niederlande
10003349,Fernwald-Steinbach (Kleintierpark),Deutschland
10003350,Waldbronn-Reichenbach (Kleintierzuchtanlage),Deutschland
10003351,Bialystok (Akcent Zoo),Polen
10003352,Czluchow (Zoo Canpol),Polen
10003353,Gliwice (Palmiarnia Miejska),Polen
10003354,Kolobrzeg Zieleniewo (Park Rozrywki),Polen
10003355,Leba (Leba Park),Polen
10003356,Legnica (Palmiarnia i Mini Zoo),Polen
10003357,Mieroszów (Zoo Laczna),Polen
10003358,Niemce (Zwierzyniec Park rozrywki - geschlossen),Polen
10003359,Nikielkowo (Zwierzyniec Warmiński),Polen
10003360,Pszczyna (Pokazowa Zagroda Zubrow),Polen
10003361,Raciborz (Mini Zoo),Polen
10003362,Mikolajowka (Podlaskie zoo),Polen
10003363,Sierakowice (Park Edukacyjny Zoo-Egzotyczne Kaszuby),Polen
10003364,Slupsk (Zoo Charlotta),Polen
10003365,Zakopane (Tatrzanskie Mini Zoo),Polen
10003366,Zielona Gora (Ogrod Botaniczny i Mini Zoo),Polen
10003367,Stegna/Jantarz (Mini Zoo),Polen
10003368,Wyk (Vogelgehege Elmeere e.V.),Deutschland
10003369,Stockton-on-Tees (Butterfly World),Vereinigtes Königreich
10003370,Is-Salina (Bird Park Malta),Malta
10003371,Siggiewi (Malta Falkonry Centre - temporär geschlossen),Malta
10003372,Ir-Rabat (Wildlife Park Malta),Malta
10003373,Marsaskala (LWS Animal Park - geschlossen),Malta
10003374,Victoria (Voliere im Gnien Villa Rundle Park),Malta
10003375,Shrewsbury (Battlefield Falconry Centre),Vereinigtes Königreich
10003376,Nyköping (Öster Malma Wildpark),Schweden
10003377,Maidenhead (Berkshire College Animal Management Centre),Vereinigtes Königreich
10003378,Greifswald (Welt der Gifte - geschlossen 2019),Deutschland
10003379,Südbrookmerland (Moormuseum Moordorf),Deutschland
10003380,Lewes (Bentley Wildfowl & Motor Museum - geschlossen 2018),Vereinigtes Königreich
10003381,St. Blazey (Eden Project),Vereinigtes Königreich
10003382,List (Erlebniswelt Naturgewalten),Deutschland
10003383,Hallig Hooge (Naturschutz-Station Wattenmeer),Deutschland
10003384,Maastricht (Daalhoeve),Niederlande
10003385,Sobrestany (Parc Animal de Sobrestany - geschlossen 2008),Spanien
10003386,Neukirch an der Thur (Kamelhof Olmerswil),Schweiz
10003387,Morton (Center Parcs Domaine du Bois aux Daims),Frankreich
10003389,Oberhausen-Rheinhausen (Vogelpark Rheinhausen),Deutschland
10003390,Sternberg (Kamelhof Sternberger Burg - geschlossen 2021),Deutschland
10003391,Bungay (Earsham Wetland Center),Vereinigtes Königreich
10003392,Leszno (Mini Zoo),Polen
10003393,Braniewo (Zoo - geschlossen 2020),Polen
10003395,Ardmore (Ardmore Open Farm),Irland
10003396,Enniscorthy (Secret Valley Wildlife Park),Irland
10003397,Strasbourg (Musée zoologique),Frankreich
10003398,Shakhty (Yuzhnyy park ptits Malinki),Russland
10003399,Waltham Cross (Cedars Nature Centre),Vereinigtes Königreich
10003400,Gneus (Wild- und Zoogehege Untergneus),Deutschland
10003401,Genova (La Biosfera),Italien
10003402,Sasbachwalden (Wildtiergehege Bischenberg),Deutschland
10003403,Sasbachwalden (Wildgehege Breitenbrunnen),Deutschland
10003404,Ludwigsburg (Jugendfarm),Deutschland
10003405,Karlsruhe (Tierpark im Fasanengarten - geschlossen 1866),Deutschland
10003406,Berlin (Kleintierhof Wuhletal),Deutschland
10003407,Virelles (La grange aux papillons - geschlossen 2020),Belgien
10003408,Modrá (Terárium - geschlossen 2023),Tschechien
10003409,Olsberg (Raubtierpark Sennweid - geschlossen 2016),Schweiz
10003410,Locarno (Falconeria),Schweiz
10003411,Freiburg (Naturhistorisches Museum),Schweiz
10003413,Wiesen/Neustadl an der Donau (Schildkrötenzoo - geschlossen 2013),Österreich
10003414,Trauchgau (Almstube / Kleintierfarm),Deutschland
10003415,Leobendorf (Adlerwarte Kreuzenstein),Österreich
10003416,Riegersburg (Zotter Essbarer Tiergarten),Österreich
10003417,Le Cannet-des-Maures (ZooParc),Frankreich
10003418,Bâlines (Le Bois des Aigles),Frankreich
10003419,Kintzheim (Cigoland),Frankreich
10003420,Merlimont (Parc Bagatelle),Frankreich
10003421,Olizy-Primat (Parc Argonne Découverte),Frankreich
10003422,Royan (Planet Exotica),Frankreich
10003423,Sainte-Feyre (Parc Animalier des Monts de Guéret),Frankreich
10003424,Sorède (La Vallée des Tortues),Frankreich
10003425,Indija (Zoo Park - geschlossen),Serbien
10003426,Jagodina (Zoo Park),Serbien
10003427,Bor (Zoo),Serbien
10003429,De Panne (Plopsaland),Belgien
10003430,Coo (Plopsa),Belgien
10003431,Coo (Parc a Gibier),Belgien
10003432,De Panne (Meli Park - geschlossen 1999),Belgien
10003433,Yarmouth (The Isle of Wight Reptilarium),Vereinigtes Königreich
10003434,Dinant (lAutrucherie du Pont dAmour - geschlossen ca. 2020),Belgien
10003435,Waarbeke (Rijk van Lobo - geschlossen 1991),Belgien
10003436,Sint-Niklaas (Wazoo - geschlossen 1999),Belgien
10003437,Terdonk (Zoo - geschlossen 1999),Belgien
10003438,Spa (Jardin zoologique de Spa - geschlossen ca. 1950),Belgien
10003440,Terre-Clapier (Zoo Exoticamis),Frankreich
10003441,Stare Mesto (Staromestsky statek),Tschechien
10003442,Bila (Obůrka / Wildgehege),Tschechien
10003443,Karlštejn (Zoodomek - geschlossen),Tschechien
10003444,Louny (ZOO Seko),Tschechien
10003445,Popovice (Dvorní zookoutek U Pipinga),Tschechien
10003446,Biskoupky (Zoopark carodejnicky dvur),Tschechien
10003447,Brno (Jizansky dvorek),Tschechien
10003448,Lednice (Svět divočiny - geschlossen 2023),Tschechien
10003450,Solingen-Höhscheid (Brühler Zoo - geschlossen 1914),Deutschland
10003451,Pasenow (Haustierpark - geschlossen nach 2001),Deutschland
10003452,Hald Ege (Miniregnskov),Dänemark
10003453,Zhornyska (Vedmezhyy prytulok Domazhyr / Bear Sanctuary),Ukraine
10003454,Žarnovica (Zveropark),Slowakei
10003455,Orechová Potôň (Malkia Park),Slowakei
10003456,Sládkovičovo (Zvernička Ekoparka Relax Čierna voda),Slowakei
10003457,Devín (Sokoliareň a mini ZOO),Slowakei
10003458,Swolowo (Freilichtmuseum),Polen
10003459,Wörth am Rhein (Gelände des Rassegeflügelzuchtvereins),Deutschland
10003460,Lausanne (AQUATIS Aquarium-Vivarium),Schweiz
10003461,Narberth (Secret Owl Garden),Vereinigtes Königreich
10003462,Arnsdorf (Tiergehege),Deutschland
10003463,Klaustorf (Ostsee-Erlebniswelt Heiligenhafen),Deutschland
10003465,Oakham (Rutland Zoo - vormals Bugtopia The Zoo - geschlossen 2022),Vereinigtes Königreich
10003466,Barneveld (Aeres MBO),Niederlande
10003467,Füzesgyarmat (Füzesgyarmati Állatpark és Vadfarm Alapítvány),Ungarn
10003468,Pusztaottlaka (Ottlakai Vadaspark - geschlossen),Ungarn
10003469,Zákányszék (Madárkert Zákányszék - geschlossen 2018),Ungarn
10003470,Komló (Mini ZOO),Ungarn
10003471,Kisfoktö (Vízimadár Park Kalocsa - geschlossen 2019),Ungarn
10003472,Szarvas (Körösvölgyi Állatpark),Ungarn
10003473,Rákóczifalva (Éden Madárpark),Ungarn
10003474,Szolnok (Bagolyvár Vadaspark),Ungarn
10003475,Halásztelek (Facánkert - geschlossen ca. 2012),Ungarn
10003476,Szántod (Szántódpuszta Balaton Akvárium),Ungarn
10003477,Köröshegy (Teknős Park Balatonföldvár),Ungarn
10003478,Siófok (Bella Állatpark),Ungarn
10003479,Siófok (Hidegvölgyi horgásztó és vadaspark),Ungarn
10003480,Balatonfüred (Koloska-völgyi Vadaspark),Ungarn
10003481,Balatonfüred (Bodorka Balaton Akvárium),Ungarn
10003482,Gyenesdiás (Madárpark - geschlossen ca. 2015),Ungarn
10003483,Keszthely (Vadaskert Csárda - geschlossen),Ungarn
10003484,Agárd (H2O Akváriumház - geschlossen),Ungarn
10003485,Pákozd (Sukorói Arborétum és Vadaspark),Ungarn
10003486,Székesféhervár (Fertőzug Állatsimogató),Ungarn
10003487,Zalaszabar (Zobori Élmény Park - geschlossen),Ungarn
10003488,Korpavár (Nagykanizsai Mini Zoo),Ungarn
10003489,Balatonszárszó (Napfényudvar Állatsimogató - geschlossen 2017),Ungarn
10003490,Ibbenbüren (Auffangstation für Wasserschildkröten - geschlossen 2025),Deutschland
10003491,Bükkösd (Ökopark),Ungarn
10003492,Balatonmagyaród (Állasimogató Fenyvepuszta),Ungarn
10003493,Bikal (Élménybirtok),Ungarn
10003494,"Zalaegerszég (Állatkert, állatsimogató és állatotthon a Csácsi-hegyen)",Ungarn
10003495,Érd (Noel Tanya - geschlossen 2017),Ungarn
10003496,Ketsch (Kleintierzucht-Anlage),Deutschland
10003497,Las Palmas (Acuario Poema del Mar),Spanien
10003498,Kleinostheim (Eulengarten),Deutschland
10003499,Västerås (Kungsbyns Djurpark - geschlossen 2024),Schweden
10003500,Vitomirica (Mini Zoo Antika - geschlossen),Kosovo
10003501,Congresbury (North Somerset Bird of Prey Centre),Vereinigtes Königreich
10003502,Beograd (Javni akvarijum i tropikarijum),Serbien
10003503,Kaluderica (ZOO vrt Mala Oaza - geschlossen),Serbien
10003504,Kragujevac (Akvarijum),Serbien
10003505,Kolut (Miki ZOO),Serbien
10003506,Kempten/Allgäu (Streichelzoo Bachtelweiher Garten),Deutschland
10003507,Bad Wörishofen (Zier-Vogelvolieren im Kurpark),Deutschland
10003509,Faliraki (Aqua World of Faliraki),Griechenland
10003510,Kastoria (Aquarium),Griechenland
10003512,Erlangen (Wildpferdgehege Tennenlohe),Deutschland
10003513,Maßweiler (Tierart),Deutschland
10003514,Hamburg (Kinderbauernhof Kirchdorf),Deutschland
10003515,Tettau (Klein Eden - Tropenhaus am Rennsteig),Deutschland
10003516,Dortmund (Süggelwald),Deutschland
10003517,Geilenkirchen (Nutztierarche Tripsrath),Deutschland
10003518,Stubica (Mini ZOO vrt Oaza - geschlossen),Serbien
10003519,Sabac (Mini ZOO - geschlossen),Serbien
10003520,Valjevo (Mini ZOO - geschlossen),Serbien
10003521,Askham Bryan (Wildlife and Conservation Park),Vereinigtes Königreich
10003522,Bonnefamille (Parc animalier Chateau de Moidiere),Frankreich
10003524,Rotherham (Wentworth Family Farm),Vereinigtes Königreich
10003525,Temerin (Mini ZOO vrt Oaza Temerin),Serbien
10003526,Raanana (Mini-Zoo),Israel
10003527,Stajicevo (Mini ZOO vrt Tiganjica),Serbien
10003528,Zasavica II (Specijalni rezervat prirode Zasavica),Serbien
10003529,Bolton (Moss Bank Park - geschlossen 2013),Vereinigtes Königreich
10003530,Vaux-sur-Sure (Zooparc Vallee de la Sure),Belgien
10003531,Novi Banovci (Mini ZOO vrt Zdral - geschlossen),Serbien
10003532,Bacevac (Mini ZOO Zornica Kuca),Serbien
10003533,Padej (Mini ZOO - geschlossen),Serbien
10003534,Crepaja (ZOO vrt 1000 topola),Serbien
10003535,Vrsac (Banatski safari),Serbien
10003536,Vrsac (Mini ZOO vrt kraj Vrsca - geschlossen),Serbien
10003537,Donja Toponica (ZOO Modus - geschlossen),Serbien
10003538,Telford (Exotic Zoo),Vereinigtes Königreich
10003539,Odojeviće (ZOO vrt Vuk Novi Pazar - geschlossen),Serbien
10003540,Zobnatica (Mini ZOO Vrt Zobnatica - geschlossen ca. 2013),Serbien
10003541,Ada (Zoo - geschlossen),Serbien
10003542,Wherstead (Jimmys Farm & Wildlife Park),Vereinigtes Königreich
10003543,Messingham (Zoo),Vereinigtes Königreich
10003544,Stutensee (Gelände des Kleintierzuchtvereins Blankenloch),Deutschland
10003545,Erlangen (Wildschweingehege),Deutschland
10003546,Anapa (Delfinariy Nemo),Russland
10003547,Novosibirsk (Delfiniya Tsentr okeanografii i morskoy biologii),Russland
10003548,Sochi-Lazarevskoye (Delfinariy v Morskaya Zvezda),Russland
10003549,Stara Lipovica (Mini ZOO vrt Farma M - geschlossen),Serbien
10003550,Kragujevac (ZOO vrt Eko Park Ilina Voda),Serbien
10003551,Kladovo (Zoo - geschlossen),Serbien
10003552,Supljak (Mini ZOO vrt Gulyas Csarda),Serbien
10003553,Swinoujscie (Papugarnia Rio - geschlossen 2025),Polen
10003554,Swinoujscie (Oceanarium Galeria Promenada - geschlossen),Polen
10003555,Kolobrzeg (Oceanarium),Polen
10003556,Miedzyzdroje (Ocenarium),Polen
10003557,Borca (Mini ZOO Vrt Curan - geschlossen),Serbien
10003558,Dunaremete (Dodó Vadfarm),Ungarn
10003559,Padikovo (Zoosad),Russland
10003560,Baranawitschy (Animal Park),Belarus
10003561,Sicki Brod (Zoo vrt Bingo),Bosnien-Herzegowina
10003563,Florina (Zoo),Griechenland
10003564,Banja Luca (Javni akvarijum),Bosnien-Herzegowina
10003565,Tuzla (Zoo - geschlossen 2008),Bosnien-Herzegowina
10003566,Neu-Anspach (Freilichtmuseum Hessenpark),Deutschland
10003567,Schrems (UnterWasserReich),Österreich
10003568,Hjorring (Dyreparken NBV),Dänemark
10003569,St. Pölten (Museum Niederösterreich),Österreich
10003570,Sparbach (Naturpark),Österreich
10003571,Betschdorf (Enclos à cigogne / Storchengehege),Frankreich
10003572,Rommerskirchen (Wissenschaftlicher Geflügelhof des B.D.R.G.),Deutschland
10003573,Erdősmecske (Mecske ZOO - vormals RepZOOtic Animal Center),Ungarn
10003574,Blizna (Prihvatiliste i Oporavak Zivotinja Crna Gora),Montenegro
10003576,Budva (Mini ZOO),Montenegro
10003577,Prilep (Zoo - geschlossen),Nordmazedonien
10003578,Prilep (Rajska gradina),Nordmazedonien
10003579,Štip (Zoopark),Nordmazedonien
10003580,Ginovci (Park Ginovci),Nordmazedonien
10003581,Klecovce (Zoo Fratelis Viziana),Nordmazedonien
10003582,München (Auffangstation für Reptilien),Deutschland
10003583,Amt Wachsenburg - Holzhausen (Tiergehege im Bratwurstmuseum),Deutschland
10003584,Blérancourt (La Réserve Exotique),Frankreich
10003585,Norderney (Watt Welten UNESCO-Weltnaturerbe Wattenmeer-Besucherzentrum),Deutschland
10003586,Bad Harzburg (Wildkatzengehege),Deutschland
10003587,London (Royal Botanic Gardens / Kew Gardens),Vereinigtes Königreich
10003588,Birmingham (Akamba Tropical House - Tierhaltung beendet),Vereinigtes Königreich
10003589,Levan (Mini ZOO Pylli i Levanit - geschlossen),Albanien
10003590,Baarlo (De Roofvogelhoeve),Niederlande
10003591,Bad Füssing-Hart (Gnadenhof für Bären),Deutschland
10003592,Malching-Halmstein (Tiergehege),Deutschland
10003593,Berchtesgaden (Adler- und Murmeltiergehege am Obersalzberg),Deutschland
10003594,Nordhausen (Forstfarm / Archepark),Deutschland
10003595,L´Ile-Rousse (Aquarium - geschlossen),Frankreich
10003596,Grabowhöfe (Tiererlebnispark Müritz),Deutschland
10003597,Llandudno (Owls trust - vormals Bodafon Farm Park),Vereinigtes Königreich
10003598,Siracusa (Acquario),Italien
10003599,Yalta (Zoopark Yalta Inturyst Planeta mavp i dykykh kishok),Ukraine/Krim
10003600,Yalta (Okeanarium Yalta Inturyst),Ukraine/Krim
10003601,Schliersee (Markus Wasmeier Freilichtmuseum),Deutschland
10003602,Keynsham (Avon Valley Adventure and Wildlife Park),Vereinigtes Königreich
10003603,Krakow (Aquarium i Muzeum Przyrodnicze),Polen
10003604,Krakow (Papugarnia Amazonia),Polen
10003605,Arosa (Bärenland / Bear Sanctuary),Schweiz
10003606,Deeping St James (The Exotic Pet Refuge),Vereinigtes Königreich
10003607,Honeybourne (All Things Wild Nature Centre),Vereinigtes Königreich
10003609,Nessebar (Sea Aquarium - geschlossen),Bulgarien
10003610,Ilfracombe (Aquarium),Vereinigtes Königreich
10003611,Lyme Regis (Marine Aquarium),Vereinigtes Königreich
10003612,Escot (Wildwood Trust),Vereinigtes Königreich
10003613,Brentwood (Old McDonalds Farm),Vereinigtes Königreich
10003614,Aston (Aston Springs Farm),Vereinigtes Königreich
10003615,Worsbrough (Wigfield Farm),Vereinigtes Königreich
10003616,Middelfart (Hindsgavl Dyrehave),Dänemark
10003617,Odense (Den Fynske Landsby),Dänemark
10003618,Nieporet (Male zoo Klepisko),Polen
10003619,Bialowieza (Rezerwat Pokazowy Zubrow - Bialowiezki Park Narodowy),Polen
10003620,Wolisko (Osrodek Hodowli Zubrów Wolisko),Polen
10003621,Pomigacze (Mini Zoo Majatek Howieny),Polen
10003622,Polska Wies (Mini Zoo - Nasza zagroda -),Polen
10003623,Krepa (Mini Zoo w Wiosce Pod Kogutem),Polen
10003625,Niedzwiedz (Mini Zoo),Polen
10003626,Przygodzice (Mini Zoo Gorecznik),Polen
10003627,Storby (Käringsunds Viltsafari),Finnland
10003628,Mariehman (Lilla Holmens Fågelhus - geschlossen 2020),Finnland
10003629,Sveti Juraj (Griffon-Centar za zastitu ptica grabljivica - geschlossen 2016),Kroatien
10003630,Korenica (Mini Zoo Restoran Macola - geschlossen),Kroatien
10003631,Rogoznica (Morski akvarij na otvorenom),Kroatien
10003632,Ludwigsburg (Menschenaffen-Freigehege - geschlossen 1980),Deutschland
10003633,Soomra (Pihlaka Talu - geschlossen 2011),Estland
10003634,Beverwijk (Voliere),Niederlande
10003635,Kaunas (Akvariumas Mega),Litauen
10003636,Kaunas (Zoopark Kaunas Mega),Litauen
10003637,Girelè (Pasilių Stumbrynas),Litauen
10003638,Vilnius (Zoopark Vilnius Ogmios miestas),Litauen
10003639,Trakénai (Trakénų ZooParkas - vormals Kalvarijos Mini ZOO),Litauen
10003640,Lauksténai (Zvérincius),Litauen
10003641,Salantai (Mindaugo Ivanausko Zoosodyba),Litauen
10003642,Palanga (Palangos Insektariumas - geschlossen 2018),Litauen
10003643,Karkle (Gamtos Perlas Mini ZOO - vormals Sodyba Aglaura),Litauen
10003644,Sedlec (Fauna Park),Tschechien
10003645,Kirnaiciai (Plugo Broliai Parkas),Litauen
10003646,Troisdorf (Wald- und Vogelpark),Deutschland
10003647,Zibininkai (HBH Zverincius),Litauen
10003648,Raubonys (Raubonių ZOO Parkas - geschlossen),Litauen
10003649,Zibininkai (Zibininkų Paukscių paroda - geschlossen 2020),Litauen
10003650,Saldutiskis (Triusiukų slenis),Litauen
10003651,Zalktyne (Dubingių zirgynas MiniZoo),Litauen
10003652,Karpiskes (Karpiskių zverynelis),Litauen
10003653,Mastichari (Mini Zoo Gaia Hotels),Griechenland
10003654,Baiersbronn-Tonbach (Wildgehege des Nationalpark Schwarzwald),Deutschland
10003655,Cuxhaven (UNESCO-Weltnaturerbe Wattenmeer-Besucherzentrum),Deutschland
10003656,Bielefeld (Naturkunde-Museum - namu),Deutschland
10003657,Jevisovice (Krokoterarium - geschlossen 2015),Tschechien
10003658,Calahorra (Tierra Rapaz),Spanien
10003659,Dortmund (Fredenbaumpark / Tiergehege Erlebniswelt Big Tipi),Deutschland
10003667,Weißenhäuser Strand (Greifvogelzentrum - geschlossen 2024),Deutschland
10003668,Udine (Centro Colibrì di Margherita Hack),Italien
10003669,Sindal (Slotved Skov Dyrehave),Dänemark
10003670,Herning (Løvbakke Dyrehave),Dänemark
10003671,Løgstør (Limfjordsmuseet),Dänemark
10003672,Otradnoye (Zoopark v Otrada),Russland
10003673,Khabarovsk (Muzey-akvarium Ryby Amura - Amurarium),Russland
10003674,Dzimtmisa (Mini ZOO Dobuļi),Lettland
10003675,Valodzes (Piemajas ZOO Briezi),Lettland
10003676,Rezekne (Rezeknes akvaterarijs - geschlossen 2018),Lettland
10003677,Varve (Mini ZOO Buki),Lettland
10003678,Daugavpils (Latgales Zoodarzs),Lettland
10003679,Dundaga (Eksotisko dzivnieku Dundaga),Lettland
10003680,Ashdod (Etgarim Park),Israel
10003681,Grasleben (Artenschutzzentrum),Deutschland
10003682,Brankas (Mini Zoo Lauku sta),Lettland
10003683,More (Safari parks),Lettland
10003684,Livi (Camel Park Raksi),Lettland
10003685,Desuciems (Mini Zoo Lejnieki - geschlossen),Lettland
10003686,Valgunde (Mini ZOO Pie Tevoca Garika - geschlossen),Lettland
10003687,Berzmente (Mezavairogi),Lettland
10003688,Telč (Záchranná stanice volně žijících zvířat),Tschechien
10003689,Buchlovice (Zamecka minizoo),Tschechien
10003690,Boskovice (Arboretum Smelcovna),Tschechien
10003691,Bítov (Zahrada se zviraty na Windübelu),Tschechien
10003692,Hukvaldy (Tropic Hukvaldy),Tschechien
10003693,Ostrava (Zamecke akvarium - geschlossen),Tschechien
10003694,Opava (Mini Zoo - geschlossen 2016),Tschechien
10003695,Holcovice (Safari Pod Jelením vrchem),Tschechien
10003696,Lipova-lazne (Faunapark Horni Lipova),Tschechien
10003697,Bila Lhota (Jeleni park),Tschechien
10003698,Stramberk (Aqua Terra),Tschechien
10003699,Valašské Mezirici (Fauna Park),Tschechien
10003700,Bartosovice (Zachranna stanice a Centrum ekologicke vychovy),Tschechien
10003701,Stará Ves nad Ondřejnicí (Zoo Koutek Staroveska Myslivna - geschlossen),Tschechien
10003702,Rapotín (Zoopark),Tschechien
10003703,Trebic (Zoo koutek DDM),Tschechien
10003704,Zvole nad Pernstejnem (Western mestecko Sikluv Mlyn),Tschechien
10003705,Pelhrimov (Dekanska zahrada),Tschechien
10003707,Třeboň (Akvarium Vratislavsky dum Třeboň),Tschechien
10003708,Makov (Zachranna stanice zivocichu a Ekocentrum),Tschechien
10003709,Putim (Zviratka),Tschechien
10003710,Cerna v Posumavi (Zoo koutek),Tschechien
10003711,Pernek (Minizoo Wapiti - geschlossen 2024),Tschechien
10003712,Bor u Skutče (Záchranná stanice a Ekocentrum Pasíčka),Tschechien
10003713,Raby (Ranc Pod Kunkou),Tschechien
10003714,Vysoke Myto (Zahrada Harta),Tschechien
10003715,Letohrad (Voliery exotickeho ptactva Letohrad),Tschechien
10003716,Kokasice (Dvur Krasíkov),Tschechien
10003718,Skalna (Narodni prirodni rezervace SOOS),Tschechien
10003719,Stará Role (Centrum zvířat DDM Stará Role),Tschechien
10003720,Karlovy Vary (Papilonia - vormals Motyli dum Diana),Tschechien
10003721,Tuchorice (Zoopark USP),Tschechien
10003722,Mstisov (Mstisovska obora Dvojhradi),Tschechien
10003723,Ceska Lípa (Verejne akvarium),Tschechien
10003724,Hradcany (Lesni koutek Hradcany - geschlossen 2019),Tschechien
10003725,Heřmanice v Podještědí (Malevilská zoo),Tschechien
10003726,Zamek Sychrov (Areal dravcu a sov Sychrov),Tschechien
10003727,Mlada Boleslav (Eko Centrum Zahrada),Tschechien
10003728,Hradec Kralove (Obri akvarium),Tschechien
10003729,Postupice (Zámecký zvěřinec Jemniště),Tschechien
10003730,Sobehrdy (Farmapark),Tschechien
10003731,Hradec Kralove (Prirodovedne centrum),Tschechien
10003732,Chotevice (Minizoo Svata Katerina),Tschechien
10003733,Nove Mesto nad Metuji (Oburka Klopotovske udoli),Tschechien
10003734,Náchod (Exotarium - geschlossen ca. 2020),Tschechien
10003735,Broumov (Farma Wenet),Tschechien
10003736,Linejciems (Mini ZOO Rančo - geschlossen),Lettland
10003737,Skredeli (Mini zoo Rozite),Lettland
10003738,Slovenske Konjice (Mini Zoo Land),Slowenien
10003739,Boraceva (Sikalu Zoo),Slowenien
10003740,Zbehy (Zoo Hoffer),Slowakei
10003741,Dlha nad Vahom (Detska farma Humanita),Slowakei
10003742,Hostovce (Zubria zvernica Topolcianky),Slowakei
10003743,Lubina (Mini FARMA),Slowakei
10003744,Dubnica nad Váhom (Mini zoo CVČ),Slowakei
10003745,Žilina-Vlčince (MiniZoo),Slowakei
10003746,Snežnica (Ranc pri Ziline),Slowakei
10003747,Liptovsky Mikulas (Gazdovsky dvor Tatralandia),Slowakei
10003748,Liptov (Mini zoo),Slowakei
10003749,Liptovsky Mikulas (Zoo Kontakt),Slowakei
10003750,Ziar nad Hronom (MiniZoo),Slowakei
10003751,Banska Stiavnica (Mini zoo pri Pocuvadle),Slowakei
10003752,Cicov (Jazero Kitty),Slowakei
10003753,Čeláre (Mini zoo DSS Čeláre-Kírť),Slowakei
10003754,Filakovo (Mini zoo),Slowakei
10003755,Rimavska Sobota (Mini zoo Prirode pre deti),Slowakei
10003756,Presov (EkoPark Hola Hora),Slowakei
10003757,Kétbodony (Cserhát Kétbodonyi Kisállatkert - geschlossen),Ungarn
10003758,Nagyecsed (Fűvészkert és Vadállatmenhely - geschlossen),Ungarn
10003759,Vállaj (Vadaspark Váll-tó - geschlossen),Ungarn
10003760,Gyöngyös (Mátra Múzeum),Ungarn
10003761,Nötincs (Seholsziget Élménypark - geschlossen),Ungarn
10003762,Veresegyház (Medveotthon),Ungarn
10003763,Gyömrö (Harmónia Állatkert),Ungarn
10003764,Szigethalom (Vadaspark és Állatsimogató),Ungarn
10003765,Tordas (Vadaskert - geschlossen),Ungarn
10003766,Bábolna (Bábolnai Arborétum és Állatpark),Ungarn
10003767,Györ (Füles Bástya Zoo - geschlossen),Ungarn
10003768,Balatonederics (Afrika Múzeum és Állatkert),Ungarn
10003770,Kápolnapuszta (Kápolnapusztai Bivalyrezervátum),Ungarn
10003771,Bözsénfa (Szarvasfarm),Ungarn
10003772,Letterkenny (Tropical World),Irland
10003773,Murmansk (Murmanskiy okeanarium),Russland
10003774,Sauli (Mini ZOO Vildeni - geschlossen),Lettland
10003775,Stadt Güntersberge (Eulenwelt Falkenhof Harz),Deutschland
10003776,Maastricht (Natuurhistorisch Museum - Aquarien in 2020 abgeschafft),Niederlande
10003777,Cluj-Napoca (Vivaria),Rumänien
10003778,Istanbul (Akvaryum Florya),Türkei
10003779,Knokke-Heist (Vogelpark Het Zwin - geschlossen 2012),Belgien
10003780,Leci (Mini ZOO Silkalni),Lettland
10003781,Code (Trusu pilsetina Pilsmuizkungi),Lettland
10003782,Vrzdenec (Zoo Park Rozman),Slowenien
10003783,Torbacka (Lomamäen Lemmikkipuisto),Finnland
10003784,Heinola (Heinolan Lintutarha),Finnland
10003785,Kelvä (Elämyspiha PikkuKili),Finnland
10003786,Keskiranta (Kuusamon Suurpetokeskus),Finnland
10003787,Orimattila (Orimattilan kotieläinpuisto),Finnland
10003788,Maksniemi (Kotieläinpuisto Arkadia),Finnland
10003789,Äkäslompolo (Konijänkän kotieläinpiha - geschlossen 2019),Finnland
10003790,Vehmasmäki (Kuopion Eläinpuisto),Finnland
10003791,Kuopio (Rauhalahden Eläinpuisto),Finnland
10003792,Sastamala (Kiviniityn Kotieläinpuisto),Finnland
10003793,Joutseno (Korpikeidas Kotieläinmetsä),Finnland
10003794,Kolkanlahti (Puuha- ja Eläinpuisto Veijari),Finnland
10003795,Palvajärvi (Ysitien Lemmikki),Finnland
10003796,Eestinkylä (Rehndahl Kotieläinpiha),Finnland
10003797,Sikilä (Kungsbackan kotieläinpiha),Finnland
10003798,Ivalo (Wild Spirit Park),Finnland
10003799,Sammallahti (ZOO Hirvikartano),Finnland
10003800,Turku (Kupittaan Lintulammikko),Finnland
10003801,Juornaankylä (Peikkorinteen lintutarha & kotieläinpiha),Finnland
10003802,Ruka (Erä-susi kotieläinpiha - vormals Husky ja Kotieläinpiha Rukalla),Finnland
10003803,Eräjärvi (Eläinpiha Ponimaa),Finnland
10003804,Epaala (Strutsitila Syrjynen),Finnland
10003805,Anapa (Zoopark Balu - geschlossen),Russland
10003806,Anapa (Tonnelnyy okeanarium),Russland
10003807,Gelendzhik (Okeanarium Tonnel´nyy akvarium),Russland
10003809,Vityazevo (Delfinariy Nemo - geschlossen),Russland
10003811,Kislovodsk (Delfinariy),Russland
10003812,Golubitskaya (Delfinariy Nemo),Russland
10003813,Za Rodinu (Kontaktnyy park Usadba),Russland
10003814,Golubitskaya (Zoopark Lukomorye),Russland
10003815,Vinnytsya (Podolsky Zoo),Ukraine
10003816,Kaluga (Ekopark Biosfera),Russland
10003817,Oxton (Bird Gardens Scotland),Vereinigtes Königreich
10003818,Skadovsk (Del´inariy Akvarel),Ukraine
10003819,Kobleve (Delfinariy Nemo),Ukraine
10003820,Kyrylivka (Delfinariy Oskar),Ukraine
10003821,Apgulde (Egona Tones orhidejas un eksotiskie dzivnieki),Lettland
10003822,Eglite (JuRita mini ZOO),Lettland
10003823,Riga (Dr. Caunes Zoo),Lettland
10003824,Kakciems (Mini Zoo Brinumi),Lettland
10003825,Robeznieki (Mini ZOO Viesturi - geschlossen),Lettland
10003826,Vecumnieki (Trušu pilsetina - geschlossen 2012),Lettland
10003827,Galgauska (Putnu darzs Bruklenaji - geschlossen ca. 2016),Lettland
10003828,Lielvarde (Lielvardes putnu darz - geschlossen ca. 2008),Lettland
10003829,Straupe (Strausu un dambriežu audzetava Jaunkletnieki - geschlossen 2016),Lettland
10003830,Ozolpils (Zveru un putnu dabas takas Ozolpils - geschlossen 2015),Lettland
10003831,Ladezers (Mini ZOO Berzkalni - geschlossen 2017),Lettland
10003832,Seli (Dabri Selu putnu darzs - geschlossen ca. 2013),Lettland
10003833,Doksy (Zoopark),Tschechien
10003834,Karlštejn (Zoopark),Tschechien
10003835,Franzen (Greifvogelzentrum Schloss Waldreichs),Österreich
10003836,Tula (Ekzotarium),Russland
10003837,Chew Magna (Chew Valley Animal Park),Vereinigtes Königreich
10003838,Bnei Brak (Park Ha Hai),Israel
10003839,Moskva (Ekzootik Park),Russland
10003840,Kyjiw (Akvarium Ocean Plaza),Ukraine
10003842,Moskva (Planeta obezyan),Russland
10003843,Gräfenhainichen (Wildpark),Deutschland
10003844,Moskva (Russkiy sokolinyy tsentr),Russland
10003845,Potsdam (Botanischer Garten),Deutschland
10003846,Rijswijk (Reptielenzoo SERPO),Niederlande
10003847,Totnes (Woodlands Family Theme Park),Vereinigtes Königreich
10003848,Bardar (Zooclub),Moldawien
10003849,Famagusta (Mini Zoo - geschlossen),Zypern/Nordzypern
10003850,Mazotos (Camel Park),Zypern
10003851,Protaras (Ocean Aquarium Park),Zypern
10003852,Neuss (Botanischer Garten),Deutschland
10003853,Korbach (Vogelvoliere),Deutschland
10003854,Birkenau-Hornbach (Tierpark Café Orchidee),Deutschland
10003855,Schneeberg (ERZ-Krabbel-ZOO),Deutschland
10003856,Albstadt (Kleine Tierwelt Gasthof Fohlenweide),Deutschland
10003857,Eslarn (Lehrgehege Pfrentschweiher),Deutschland
10003858,Einhausen (Wildpark Jägersburger Wald),Deutschland
10003859,Berlin (Kinderbauernhof Knirpsenfarm),Deutschland
10003860,Berlin (Gehege im Botanischen Volkspark),Deutschland
10003861,Berlin (Arche-Park im Kienbergpark),Deutschland
10003862,Jena (Vivarien im Botanischen Garten),Deutschland
10003864,Potsdam (Gehege und Falkenhof Waldhaus Großer Ravensberg),Deutschland
10003865,Yerevan (Zoo),Armenien
10003866,Epsom (Hobbledown Adventure Farm),Vereinigtes Königreich
10003867,Yerevan (Zoolandia Armenia),Armenien
10003868,Urcadzor (Caucasus Wildlife Refuge),Armenien
10003869,Dzoraghbyur (Jambo exotic park - geschlossen),Armenien
10003870,Boavista dos Pinheiros (Castelo-Do-Burro),Portugal
10003871,Rövershagen (Karls Erlebnis-Dorf),Deutschland
10003873,Siggiewi (L-Arka ta Noe),Malta
10003874,Lübeck (Museum für Natur und Umwelt),Deutschland
10003875,Balling (Voliere im Stadtpark),Dänemark
10003876,Boldrup (Museum),Dänemark
10003877,Maribo (Frilandsmuseum),Dänemark
10003878,Nykøbing Falster (Middelaldercentret),Dänemark
10003879,Randers (Doktorparken),Dänemark
10003880,Sevel (Hjerl Hede),Dänemark
10003881,Skive (Voliere im Stadtpark),Dänemark
10003882,Vinderup (Voliere im Stadtpark),Dänemark
10003883,Drachten (De Naturij),Niederlande
10003884,Penza (Okeanarium),Russland
10003885,Randers (Dyrehave),Dänemark
10003886,Randers (Naturcenter),Dänemark
10003887,Dörentrup-Humfeld (Papageienparadies Busse),Deutschland
10003888,Hechingen (Albkamele Tiererlebnishof - geschlossen 2020),Deutschland
10003890,Concarneau (Marinarium),Frankreich
10003891,Vejle (Dyrehave),Dänemark
10003892,Vejle (Skyttehushaven),Dänemark
10003893,Vejle (Okolariet),Dänemark
10003894,Chlumec nad Cidlinou (Fajnpark),Tschechien
10003895,Podebrady (Ecocentre Huslik),Tschechien
10003896,Heyerode (Streichelzoo am Alten Bahnhof),Deutschland
10003897,Höngeda (Tiergehege),Deutschland
10003898,Swansea (Plantasia),Vereinigtes Königreich
10003899,Arden (Dyrepark),Dänemark
10003900,Keel (Achill Experience - Aquarium & Visitor Centre),Irland
10003901,Fredericia (Madsby Legepark),Dänemark
10003902,Aalestrup (Rosenpark Den Jydske),Dänemark
10003903,Olesna (Zviratkov Olesnaa u Horovic),Tschechien
10003904,Merklin (Naucna stezka Bijadla),Tschechien
10003905,Prachatice (Zookoutek Feferske rybnicky),Tschechien
10003906,Bohuslavice (Hospodarsky dvur),Tschechien
10003907,Srni (Navstevnicke centrum),Tschechien
10003908,Kvilda (Navstevnicke centrum),Tschechien
10003909,Frymburk (Svet pod hladinou),Tschechien
10003910,Cesky Krumlov (Zamecke medvedarium Cesky),Tschechien
10003911,Moers (Terrazoo - geschlossen 2001),Deutschland
10003912,Moers (Reptilienzoo - geschlossen),Deutschland
10003913,Buckingham (Green Dragon Eco Farm),Vereinigtes Königreich
10003914,Den Helder (De Helderse Vallei),Niederlande
10003915,Hoorn (Tiergehege im Julianaparken),Niederlande
10003917,Lamboing (Mini Zoo Zahir),Schweiz
10003918,Grünheide (Schildkrötengehege),Deutschland
10003919,Gotlands Tofta (Gotlands Djurpark),Schweden
10003920,Como (Giardino zoologico - geschlossen 1988),Italien
10003922,Brescia (Giardino zoologico - geschlossen 1988),Italien
10003923,Rapallo (Zoo - geschlossen),Italien
10003924,Wolfsgraben (Tierpark),Österreich
10003925,Abersee (Dorf der Tiere - geschlossen 2020),Österreich
10003926,Engerwitzdorf (Streichelzoo Diakonie Linzerberg),Österreich
10003927,Düsseldorf (Löbbecke-Museum und Aquarium - geschlossen 1987),Deutschland
10003928,Øvre Eidfjord (Norsk Natursenter – Hardanger),Norwegen
10003929,Donegal (Wild Ireland),Irland
10003930,Mülheim/Ruhr (Aquarium an der Delle - geschlossen 1943),Deutschland
10003931,Roßwein (Tierpark Margarethenmühle),Deutschland
10003932,Bordano (Casa delle farfalle),Italien
10003933,Massing (Freilichtmuseum),Deutschland
10003934,Mosbjerg (Landskabs- og Landbrugsmuseet),Dänemark
10003935,Sejerslev (Skarregaard),Dänemark
10003936,Bitovany (Exotika na ranci),Tschechien
10003937,Morpeth (Whitehouse Farm Centre),Vereinigtes Königreich
10003938,London (Richmond Park),Vereinigtes Königreich
10003939,Goes (Omnium Tropisch Bos - geschlossen 2022),Niederlande
10003940,Sieversdorf-Hohenofen (Filmtierschule Harsch),Deutschland
10003941,Eslohe/Sauerland (Wildgehege Wenholthausen),Deutschland
10003942,Jeruschalajim (The Gottesman Family Israel Aquarium),Israel
10003943,Wildegg (Voliere Schloss Wildegg),Schweiz
10003944,Lubin (Zoo),Polen
10003945,Oudsbergen (Natuurhulpcentrum VZW),Belgien
10003946,Tbilisi (Zootopia Contact Zoo),Georgien
10003947,Batumi (Zoopark),Georgien
10003948,Batumi (Zootopia Contact Zoo),Georgien
10003949,Batumi (Aquarium & Dolphinarium),Georgien
10003950,Senningen (Zoo - geschlossen),Luxemburg
10003951,Yekaterinburg (Krokodilvil),Russland
10003952,Yekaterinburg (Akva-galereya),Russland
10003953,Ustron (Lesny Park Niespodzianek w Ustroniu),Polen
10003954,Bünde (Wildgehege Meyer),Deutschland
10003955,Schmallenberg (Wildgehege Am Huckelberg),Deutschland
10003956,Haltern-Lavesum (Freizeitpark Ketteler Hof),Deutschland
10003957,Werne (Wildgehege im Buschkämpken),Deutschland
10003958,Lemgo (Wildgehege Lemgo-Lüerdissen),Deutschland
10003960,Boras (Ramnaparken),Schweden
10003961,Istanbul (Jungle Istanbul - geschlossen 2023),Türkei
10003962,Istanbul (Emaar Akvaryum),Türkei
10003963,Izmir (Funtastic Aquarium),Türkei
10003964,Antalya (Aksu dolphinarium),Türkei
10003965,Antalya (Aqualand Antalya Dolphinland),Türkei
10003966,Antalya (Wild Park),Türkei
10003967,Istanbul (Park Of Istanbul (Park Of Istanbul Doga ve Yasam Kompleksi),Türkei
10003968,Jönköping (Jönköpings Stadspark),Schweden
10003969,Krasnodar (Krokodilovaya Ferma),Russland
10003970,Krasnodar (Okean Park),Russland
10003971,Krasnodar (Park Reptiliy),Russland
10003972,Krasnodar (Safari-park),Russland
10003973,Birmingham (Bear Grylls Adventure / Aquarium - geschlossen 2024),Vereinigtes Königreich
10003974,Poznan (Palmiarnia),Polen
10003975,Saterland (Seelter Reptilienhuus),Deutschland
10003976,Astrakhan (Astrakhanskiy gorodskoy akvarium i Dom-muzey osetrovykh - geschlossen 2011),Russland
10003977,Santa Maria al Bagno (Acquario del Salento),Italien
10003978,Sosnowiec (Egzotarium),Polen
10003979,Bjaeverskov (Pangea Park),Dänemark
10003980,Beit Zera (Jungle Keif Zoo),Israel
10003981,Salzburg (Welt der Gifte),Österreich
10003982,Gariguella (Centre de reproduccio de Tortugues de l Albera),Spanien
10003983,Kereki (Balatoni Madarkert),Ungarn
10003984,Kidderminster (Clee Hill Bird & Animal Garden - geschlossen),Vereinigtes Königreich
10003985,Troitskoye (Karasukskiy nauchnyy statsionar v ISiEZH SO RAN),Russland
10003986,Watlington (Watatunga Wildlife Reserve),Vereinigtes Königreich
10003987,Lisów (Zoo Lesne Zacisze),Polen
10003988,Flensburg (Wildgehege in der Marienhölzung),Deutschland
10003989,Madrid (Atlantis Aquarium),Spanien
10003990,Goldenstedt-Norddöllen (Wildfreigehege Herrenholz - geschlossen 1989),Deutschland
10003993,Frilford (Millets Falconary Centre),Vereinigtes Königreich
10003994,Beauly (Aigas Field Centre),Vereinigtes Königreich
10003995,Medway (Fenn Bell Inn Zoo),Vereinigtes Königreich
10003996,Horncastle (Wolds Wildlife Park),Vereinigtes Königreich
10003997,Bünde (Tierpark Ennigloh am Gasthof Niedermeier - geschlossen 1948),Deutschland
10003998,Esbjerg (Dyrehave),Dänemark
10003999,Kamp-Lintfort (Kalisto-Tierpark),Deutschland
10004000,Odder (Okologiens Have),Dänemark
10004001,Triberg im Schwarzwald (Eulen- und Greifvogelpark - geschlossen 2024),Deutschland
10004002,Gutach/Schwarzwaldbahn (Schwarzwälder Freilichtmuseum Vogtsbauernhof),Deutschland
10004003,Szentendre (Kisállatkert),Ungarn
10004004,Bridlington (Animal Park),Vereinigtes Königreich
10004005,Eskisehir (Büyüksehir Belediyesi Hayvanat Bahçesi),Türkei
10004006,Praha (Zoo Milicov),Tschechien
10004007,Zeist (Tiergehege),Niederlande
10004008,Coesfeld (Cornys Maislabyrinth - geschlossen 2025),Deutschland
10004009,Eibergen (Hof van Eckberge),Niederlande
10004010,Bellac (Jardin Zoologique Bellachon),Frankreich
10004012,Crécy-la-Chapelle (Parrot World),Frankreich
10004013,Oppenheim (TierGarten),Deutschland
10004014,Meerbeck (Tiergehege Hotel Bad Hiddenserborn),Deutschland
10004015,Boek (Wildpark),Deutschland
10004016,Haverfordwest (The Welsh Owl Garden & Zoo at Picton Castle - geschlossen 2024),Vereinigtes Königreich
10004017,Smarves (Zoo St. Pierre Woods),Frankreich
10004018,Welwyn (Cat Survival Trust - geschlossen 2024),Vereinigtes Königreich
10004019,Köln (Vogelpark Klefisch - geschlossen 2020),Deutschland
10004020,Praha (Papilonia),Tschechien
10004021,Lautenbach-Zell (Vivarium du Moulin),Frankreich
10004022,Luggiebank (World of Wings),Vereinigtes Königreich
10004023,Wien (Prater Tiergarten - geschlossen 1979),Österreich
10004024,Doudleby nad Orlicí (Selsky dvorek zamku Doudleby nad Orlicí),Tschechien
10004025,Prívory (Zabavní mini-zoopark - geschlossen seit 2022),Tschechien
10004026,Hulín (Zviratka Hulín),Tschechien
10004027,Pisek (Prachenske muzeum v Písku),Tschechien
10004028,Livingston (Almond Valley Heritage Centre),Vereinigtes Königreich
10004029,Aalten (De Valkenhof),Niederlande
10004030,Rietberg (Gartenschaupark),Deutschland
10004031,Sissach (Voliere Exotic Sissach),Schweiz
10004032,Eberstedt (Streichelzoo an der Ölmühle),Deutschland
10004033,Großschirma-Seifersdorf (Straußenfarm Savanne),Deutschland
10004034,Peiting-Kurzenried (Saliterhof),Deutschland
10004035,Hluboká u Borovan (Safari resort Hluboká u Borovan),Tschechien
10004036,Vapovice (Rodinny zookoutek Nova Rise),Tschechien
10004037,Pitsunda (Abkhazian National Dolphinarium - geschlossen 2022),Georgien
10004038,Batumi (Zoo Corner on Batumi Boulevard),Georgien
10004039,Shekvetili (Shekvetili Dendrological Park),Georgien
10004040,Gagra (Zoo-corner of Gagra Primorsky Park - geschlossen),Georgien
10004041,Gori (Akhalbagi Park-Zoo - geschlossen),Georgien
10004042,Sokhumi (Sokhumi Monkey Nursery),Georgien
10004043,Tamishi (Tamysh Monkey Nursery - geschlossen ca. 1992),Georgien
10004044,Dubai (Safari Park),Vereinigte Arabische Emirate
10004046,Mikhmoret (The Israeli Sea Turtle Rescue Center),Israel
10004047,Wolfach (Kleintiergehege),Deutschland
10004048,Jeuss (Tierpark),Schweiz
10004049,Yalta (Yaltynskyy akvarium Kubyk - geschlossen),Ukraine/Krim
10004050,Lubske (Mini-zoopark Fortuna),Ukraine
10004051,Zaporizhzhya (SymbaZoo),Ukraine
10004052,Osek Hylä (Kopshti zoologjik Mbreti Gjk Ujku Trump - geschlossen),Kosovo
10004053,Livorno (Museo di Storia Naturale del Mediterraneo),Italien
10004054,Arbatax (Parco Naturalistico Bellavista),Italien
10004055,Dorgali (S Abba Frisca Parco Museo),Italien
10004056,Manaton (Becky Falls Ancient Woodland Park Limited),Vereinigtes Königreich
10004057,Mansfield (White post farm),Vereinigtes Königreich
10004058,Doncaster (Hexthorpe flatts aviary),Vereinigtes Königreich
10004059,Dublin (Phoenix Park),Irland
10004060,Stenkyrka (Djurpark),Schweden
10004061,Huntingdon (Johnsons Farm Old Hurst),Vereinigtes Königreich
10004062,Netphen (Wildgehege am Forsthaus Hohenroth),Deutschland
10004063,Kappeln (Tierschutzzentrum Bärenwald Weidefeld),Deutschland
10004064,Pasching (Tiergarten - geschlossen 1977),Österreich
10004065,Scoulton (Melsop Farm Park),Vereinigtes Königreich
10004066,Kisfalud (Kisfaludi Vadaspark - Zoo),Ungarn
10004068,Nauen (Zoo - geschlossen 2021),Deutschland
10004069,Bacharach-Steeg (Wildgehege),Deutschland
10004070,Bad Berleburg (Wildgehege Albrechtsplatz - geschlossen 1976),Deutschland
10004071,Süsel (Sealion Adventure Park),Deutschland
10004073,Nebug (Delfinariy NEBUG),Russland
10004074,Bad Gandersheim (Nutztierpark Eternahof),Deutschland
10004075,Sofia (Terarium na Natsionalnia prirodonauchen muzey - geschlossen 2013),Bulgarien
10004076,Beerot Yitzhak (Pinat Khay Beerot Yitzkhak - geschlossen 2010),Israel
10004077,Beer Sheva (Khavat haParparim Druyan - geschlossen 2008),Israel
10004078,Beit Alfa (Meshek Khay Beit Alpha - geschlossen 2005),Israel
10004079,Eyn HaMifratz (Khay Eyn HaMifratz Park - geschlossen 2005),Israel
10004080,Gan Yoshiya (Pinat Lituf Gan Yoshiya - geschlossen 2012),Israel
10004081,Givat Brenner (Khavat Parparim b´Mishtalut Givat Brenner - geschlossen 2008),Israel
10004082,Glil Yam (Hillula Pinat Khay b´Glil Yam - geschlossen 2011),Israel
10004083,HaGoshrim (Gan Khay HaGoshrim - geschlossen 2015),Israel
10004084,HaSolelim (Safari Khusim HaSolelim - geschlossen 2011),Israel
10004085,Kheftziba (Pinat Khay Kheftziba - geschlossen 2005),Israel
10004086,Hertzliya (Yaarena Yaar haGeshem - geschlossen 2007),Israel
10004087,Jeruschalajim (Zoo Terra Sancta - geschlossen 1991),Israel
10004088,Kfar Masaryk (Pinat Khay Kfar Masaryk - geschlossen 2002),Israel
10004089,Kfar Menakhem (Gan Kayot Kfar Menekhem - geschlossen 2012),Israel
10004090,Kfar Silver (Pinat Khay Kfar Silver - geschlossen 2012),Israel
10004091,Kfar Truman (HaAgam HaKasum Kfar Truman - geschlossen 2008),Israel
10004092,Kiryat Bialik (Gan haKhayot Iyroniyot Kiryat Bailik - geschlossen 2007),Israel
10004093,Lehavot HaBashan (Pinat Hai Nofi HaBashan - geschlossen 2012),Israel
10004094,Matzuva (Olam haZokhalim shel Golan - geschlossen 2012),Israel
10004095,Pardesiya (Jungel shel Eli Pardesiya - geschlossen 2005),Israel
10004096,Ramat Gan (Gan Gurim Kfar Azar - geschlossen),Israel
10004097,Ramat Gan (Pinat Hai Ramat Gan - geschlossen 1974),Israel
10004098,Regba (Adam v´Khava Pinat Khay Regba - geschlossen 2008),Israel
10004099,Shfayim (Park haZokhalim bShfayim - geschlossen 2011),Israel
10004100,Tel Aviv (Khavat haParparim Azrieli - geschlossen 2008),Israel
10004102,Tzuva (Pinat Khay Tzuva - geschlossen 2002),Israel
10004103,Yagur (Khavat haTukim Yagur - geschlossen 2011),Israel
10004104,Yasur (Pinat Khay Yasur - geschlossen 1998),Israel
10004105,Yesod HaMaala (Khavat haParparim Emek haKhula - geschlossen 2006),Israel
10004106,Esik (Zoo - geschlossen),Kasachstan
10004107,Taraz (Jambyl Jas natýralister stantsıasy haıýanattar baǵy - geschlossen 1993),Kasachstan
10004108,Llukar (Mini Zoo Qamérlia - geschlossen 2010),Kosovo
10004110,Trakai (Menagerie - geschlossen 15. Jh),Litauen
10004111,Chisinau (Delfinariu Nemo Moldova - geschlossen),Moldawien
10004112,Balti (Zoo - geschlossen),Moldawien
10004113,Camenca (Zoo - geschlossen),Moldawien
10004114,Ciuciulea (Zoo - geschlossen 1985),Moldawien
10004115,Drochia (Zoo - geschlossen),Moldawien
10004116,Edinet (Zoo - geschlossen),Moldawien
10004117,Tiraspol (Zoo - geschlossen),Moldawien
10004118,Bacau (Zoo - geschlossen 2007),Rumänien
10004119,Bancu (Minizoo - geschlossen 2007),Rumänien
10004120,Buhusi (Zoo - geschlossen 2007),Rumänien
10004121,Caracal (Zoo - geschlossen 2008),Rumänien
10004122,Iasi (Zoo - geschlossen 1984),Rumänien
10004123,Roman (Zoo - geschlossen 2006),Rumänien
10004124,Targu Jiu (Zoo - geschlossen 2007),Rumänien
10004125,Tecuci (Zoo - geschlossen 2007),Rumänien
10004126,Târgoviste (Menagerie of Wallachian Voivode Petru II Cercel - geschlossen),Rumänien
10004127,Brestovacka Banja (Zoo - geschlossen 1995),Serbien
10004128,Betliar (Betliarsky zverinec - geschlossen 1939),Slowakei
10004129,Bratislava (Zoo Petržalka - geschlossen 1939),Slowakei
10004130,Košice (Vivárium Zoo Košice - geschlossen 1985),Slowakei
10004131,Michalovce (Zookútik SOŠT Michalovce - geschlossen 2013),Slowakei
10004132,Nitra (Mini zoo Dolné Krškany - geschlossen 1999),Slowakei
10004133,Povážská Bystrica (Zookútik Vlastivedného múzea v Povážskej Bystrici - geschlossen 2004),Slowakei
10004134,Tatranská Javorina (Aklimatizačná zvernica Tatranská Javorina - geschlossen 1963),Slowakei
10004135,Tatranská Javorina (Javorinská zvernica Hohenlohe - geschlossen 1934),Slowakei
10004136,Velaty (Mini Zoo - geschlossen 2011),Slowakei
10004137,Žarnovica (Ranc u Mariky - geschlossen 2013),Slowakei
10004138,Lucenec (Mini zoo - geschlossen),Slowakei
10004139,Svit (Mini zoo Svit - geschlossen),Slowakei
10004140,Werchnyadzvinsk (Lesnaya skazka),Belarus
10004141,Myakyany (Braslav Park),Belarus
10004142,Mayshuli (Wildpark Ratskiy Bor - geschlossen 2015),Belarus
10004143,Novaye Lyadna (Mini-Zoo Lode),Belarus
10004144,Salawikha (Solovinaya roshcha),Belarus
10004145,Pronki (Bobrovaya khatka),Belarus
10004146,Domzharytsy (Lesnoy Zoo / Waldzoo),Belarus
10004147,Karobchytsy (Agrotourist Komplex Garadzensk),Belarus
10004148,Kamenyuki (Touristischer Komplex des Nationalparks Bialowieza Forest),Belarus
10004149,Brest (Minizoo),Belarus
10004150,Kazishcha (Straußenfarm),Belarus
10004151,Zhyrovitsy (Zoo am Kloster Zhyrovitsy),Belarus
10004152,Nyasvizh (Nyasvizh Menagerie - geschlossen 1758),Belarus
10004153,Chapyali (Kontakt-Zoo Doreni),Belarus
10004154,Aktsyabrski (Zoo),Belarus
10004155,Mazyr (Vogelpark Zolotoy fazan),Belarus
10004156,Minsk (Centre of Oceanography Otkrytyy Okean),Belarus
10004157,Minsk (Delfinarium Nemo),Belarus
10004158,Minsk (Mini-Zoo Karlusha - geschlossen 2014),Belarus
10004159,Istocno Sarajevo (Mini-Zoo Kula),Bosnien-Herzegowina
10004160,Omarska (Mini-Zoo on Restaurant Europa),Bosnien-Herzegowina
10004161,Suho Polje (Mini-Zoo von Preslica - geschlossen),Bosnien-Herzegowina
10004162,Ilidža (Zoo Ilidža - geschlossen 1975),Bosnien-Herzegowina
10004164,Osenovlag (Ostrich Farm Chiflika Nenkovi - geschlossen),Bulgarien
10004165,Sliven (Adaptatsionna voliera za beloglavi leshoyadi),Bulgarien
10004166,Varna (Bubolechki Zoo - geschlossen),Bulgarien
10004167,Helsinki (Fallkullan Kotieläintila),Finnland
10004168,Joensuu (Botanik),Finnland
10004169,Lahti (Yli-Marolan 4H-kotieläinpiha),Finnland
10004170,Peltokorpi (Toivosen Eläinpuisto ja Talonpojanmuseo),Finnland
10004171,Sääskjärvi (Kotieläinpiha Olgan Farmi),Finnland
10004172,Hunawihr (Parc des Papillons),Frankreich
10004173,Ermenonville (La Mer de sable),Frankreich
10004174,Arara (Pinat Khay Arara),Israel
10004175,Ayanot (Pinat Khay Ayanot),Israel
10004176,Ayelet HaShahar Ajelet (Pinat Khay Ayelet HaShahar),Israel
10004177,Bahan (Utopia Park),Israel
10004178,Beer Menukha (101km Zoo),Israel
10004179,Beeri (Pinat Khay Beeri - geschlossen),Israel
10004180,Beit Elazari (Planet Teva - geschlossen 2022),Israel
10004181,Beit HaShita (Meshek Hai Beit HaShita),Israel
10004182,Ben Shemen (Kfar ha-Noar Ben Shemen - Beit Haicar),Israel
10004183,Dganya Alef (Gan v´Hayot Dganya Alef - geschlossen),Israel
10004184,Eilat (Rif haDolfinim Eilat),Israel
10004185,Eylot (Pinat Khay Eylot),Israel
10004186,Ein Gedi (Ein Gedi Eco Park),Israel
10004187,Ein Kharod Meukhad (Pinat haZokhalim),Israel
10004189,Ein HaShofet (Pinat Hai Ein HaShofet),Israel
10004190,Eyn Shemer (Pinat Khay Akhla Khay Eyn Shemer),Israel
10004191,Eyn Tamar (Pinat Khay Eyn Tamar),Israel
10004192,Elishama (Park Eretz haZvi),Israel
10004193,Eshkhar (Pinat Khay Eshkhar),Israel
10004194,Eyal (Limpoland Eyal),Israel
10004195,Gaash (Pinat Hai Gaash),Israel
10004196,Gadot (Pinat Khay Gadot),Israel
10004197,Gealiya (Litufim Gealya),Israel
10004198,Gesher (Meshek Yeladim Gesher),Israel
10004199,Geva (Pinat Khay Geva),Israel
10004200,Ginegar (Pinat Khay Ginegar),Israel
10004201,Givat Brenner (Pinat Khay b´Giv´at Brenner),Israel
10004202,Givat Haim Ikhud (Lagaat Bahaiot),Israel
10004203,Gvar´am (Pinat Khay Gvar´am),Israel
10004204,Khafetz Khayim (HaKhava shel Khava Khafetz Khayim),Israel
10004205,HaKhotrim (Zoo Havaya HaHotrim),Israel
10004206,HaKfar HaYarok (Pinat Hai Lagaat BaTeva HaKfar Hayarok),Israel
10004207,Khatzerimk (Pinat Khai Khatzerim),Israel
10004208,Khavatzelet HaSharon (Khavat haLituf Khavatzelet HaSharon),Israel
10004209,HaZorea (Meshek Yeladim HaZorea),Israel
10004210,Holon (Pinat HaHai Holon),Israel
10004211,Ir Ovot (Crocoloco),Israel
10004212,Isfiya (Alon Pinat HaHai v´HaTzomeha),Israel
10004213,Kadoori (Pinat Khay Kadoori),Israel
10004214,Karmiel (Pinat Khay shel Kfar HaYeladim Karmiel),Israel
10004215,Katzrin (Animal Club Reptiles Center),Israel
10004216,Katzrin (Pinat Khay Katzrin),Israel
10004217,Kfar Galim (Pinat Khay Kfar Galim),Israel
10004218,Kfar Giladi (Pinat Khay Kfar Giladi),Israel
10004219,Kfar Habad (Moses Garden),Israel
10004220,Kfar Hess (Kfar Hess Parrot Farm),Israel
10004221,Kfar Saba (Khay Park Kfar Sava),Israel
10004222,Kfar Yekhezkel (Pinat Khay Kfar Yekhezkel),Israel
10004223,Kidron (Khavat haKherekim haIsraelit),Israel
10004224,Kiryat Gat (Pinat Khay shel Bait haYeladim Neve Khanna),Israel
10004225,Kiryat Tivon (HaMerkez haZoologi Kfar HaNoar Ramat Hadassa Szold),Israel
10004226,Kishor (Pinat Hai Kishorit),Israel
10004227,Kokhav Ya´ir (Khay Bar Kokhav Yair - geschlossen),Israel
10004228,Maabarot (Pinat Khay Maabarot),Israel
10004229,Maagan (Pinat Khay shel Kfar haNofash Maagan),Israel
10004230,Maagan Mikhael (Pinat Khay Maagan Mikhael),Israel
10004231,Maa lot-Tarshikha (Pinat Khay Maa lot-Tarshikha),Israel
10004232,Magal (Pinat Khay Magal),Israel
10004233,Magen (Zoo Khavaya b´Kibutz Magan),Israel
10004234,Merom Golan (Pinat Khay Merom Golan - geschlossen),Israel
10004235,Metzer (Ta´anug Khay Metzer),Israel
10004236,Midreshet Ben-Gurion,Israel
10004237,Mishmar HaSharon (Pinat Khay Mishmar HaSharon),Israel
10004238,Mitzpe Ramon (Khavat haAlpakat Mitzpe Ramon),Israel
10004239,Mitzpe Ramon (Khay Ramon),Israel
10004240,Mizra (Pinat Khay Mizra),Israel
10004241,Naan (Ken haTuki Naan),Israel
10004242,Nesher (Khay Bar Carmel),Israel
10004243,Ness Tziyona (Pinat Khay Sportek Ness Tziyona),Israel
10004244,Neve Hdasa (Merkez Khay Nakhlieli Neve Hadasa),Israel
10004245,Neve Mivtakh (Pinat Khay Lilituf Neve Mivtakh),Israel
10004246,Nir David (Pinat Khay Nir David),Israel
10004247,Nir Eliyahu (Pinat Khay Nir Eliyahu),Israel
10004248,Nir Etzion (Siakh - Khava Ekologit l´Noar b´Nir Etzion),Israel
10004249,Nir Oz (Pinat Khay Nir Oz),Israel
10004250,Nir Yitzkhak (Pinat Khay Nir Yitzhak),Israel
10004251,Nov (Pinat Khay Gan HaBenim),Israel
10004252,Odem (Yaar haAyalim Odem),Israel
10004253,Oranim (Pinat Khay shel Mikhlala Oranim),Israel
10004254,Ortal (Khay-Tal Ortal),Israel
10004255,Ramat Rakhel (Eyal es Farm),Israel
10004256,Revivim (Gan haZoologi Khay Negev),Israel
10004257,Rishon LeZion (Pinat Khay Kfar haNoar Wizo Nakhalat Yehuda),Israel
10004258,Rosh Pina (Pinat Khay Villa Tehilla),Israel
10004259,Tzfat (Park haKhay shel Park Emek HaTekhelet),Israel
10004260,Tzfat (Pinat haKhay haIronit b´Tzfat),Israel
10004261,Saviyon (Gan Gurim Ganei Yehuda),Israel
10004262,Sde Nekhemya (Pinat haZokhalim shel Eli bSde Nekhemya),Israel
10004263,Sderot (Hai-Bar Sderot),Israel
10004264,Sdot Yam (Khavat Sdot Yam),Israel
10004265,Shaar HaGolan (Pinat Khay Shaar HaGolan),Israel
10004266,Shamir (Pinat Khay Shamir - geschlossen),Israel
10004267,Shekhanya (Zooharakim),Israel
10004268,Shlukhot (Pinat Khay Shlukhot),Israel
10004269,Tel Aviv (HaKhava Tel Aviv),Israel
10004270,Tel Aviv (Pinat Khay Bavli),Israel
10004271,Tel Aviv (Pinat Khay shel Park haYarkon),Israel
10004272,Tel Aviv (Pinat Khay shel Park Menakhem Begin),Israel
10004273,Tel Katzir (HaGan haZoologi Tel Katzir),Israel
10004274,Tidhar (Khavat Naama),Israel
10004275,Tirat Tzvi (Pinat Khay Tirat Tzvi),Israel
10004276,Tzora (Khavat Eretz Yehuda - Gan haKhay v´haTzomeakh b´Tzora),Israel
10004277,Tzora (The Biblical Museum of Natural History),Israel
10004278,Urim (Pinat Khay Urim),Israel
10004279,Yad Mordekhay (Pinat Khay Yad Mordekhay),Israel
10004280,Yagur (Yofi Khay shel Ba -lGan Yagur),Israel
10004281,Yirka (Khavat Al-Sarissa Yarka),Israel
10004282,Yiron (Agam Khay Yiron),Israel
10004283,Yishi (Pinat Khay shel Davida bYishi),Israel
10004284,Yokneam (Pinat Khay shel Park Brekhot Nakhal Keret),Israel
10004285,Aktobe (Aqtóbelik haiýanattar bagy - geschlossen),Kasachstan
10004286,Almaty (Almatinskiy delfinariy Nemo),Kasachstan
10004287,Bolek (Bólek haiýanattar bagy Skazka jivor prirody),Kasachstan
10004288,Burabay (Tabigat murajay jne haiýanattar bagy),Kasachstan
10004289,Astana (Astana-Aquarium Béterek),Kasachstan
10004290,Astana (Astana ékzotariým),Kasachstan
10004291,Astana (Ozeanarium Duman),Kasachstan
10004292,Oral (Zoo - geschlossen),Kasachstan
10004293,Óskemen (Zoo),Kasachstan
10004294,Petropavl (Botanischer Garten),Kasachstan
10004295,Sveti Petar Orehovec (Križevačko čuvalište tigrova),Kroatien
10004296,Ekava (Zoo Kekavas),Lettland
10004297,Ledmane (Truu karaliste),Lettland
10004298,Liedulieshi (Zoods Ezerlejas - geschlossen 2023),Lettland
10004299,Dubasari (Gradina Zoologica din Dubasari - geschlossen),Moldawien
10004300,Chisinau (Muzeul național de etnografie și istorie naturala),Moldawien
10004301,Tiraspol (Mini Zoopark Tiraspol - geschlossen),Moldawien
10004303,Acris (Valea Zimbrilor),Rumänien
10004304,Bucsani (Rezervația de Zimbri Neagra),Rumänien
10004305,Calacea (Gradina Zoologica din Baile Calacea - geschlossen),Rumänien
10004306,Chiajna (Grădina Zoologică din Chiajna),Rumänien
10004307,Cicir (ZooLand Arad),Rumänien
10004308,Corbu (Corbu Park Zoo - geschlossen),Rumänien
10004309,Curtici (Minizoo Curtici - geschlossen),Rumänien
10004310,Deva (Grădina Zoologică Bejan),Rumänien
10004311,Drobeta-Turnu Severin (Acvariul Muzeului Regiunii Porților de Fier),Rumänien
10004312,Hateg (Rezervatia de Zimbri din Slivut - Hateg),Rumänien
10004313,Petresti (CZITAS Vrancea),Rumänien
10004314,Praid (Lepkeház Casa Fluturilor),Rumänien
10004316,Danes (Minizoo Domeniul Dracula),Rumänien
10004317,Salicea (Parcul de Animale Moara de vânt),Rumänien
10004318,Tulcea (Acvariu Tulcea),Rumänien
10004319,Castá (Sokoliarsky dvor Astur Červený Kameň),Slowakei
10004322,Kostolná pri Dunaji (Oáza sibírskeho tigra),Slowakei
10004323,Prešov (Akvárium Aquabelly Clubu),Slowakei
10004324,Spišské Podhradie (Sokoliareň Pod Spišským hradom),Slowakei
10004325,Stará Bystrica (Mini Zoo),Slowakei
10004326,Stará Ľubovňa (Expozícia drovcov v Stredovekom vojenskom tábore v Starej Ľubovni),Slowakei
10004327,Štiavnické Bane (Sokoliarsky areál a prírodný park Aves ZŠ s MŠ Maximiliána Hella Štiavnické Bane),Slowakei
10004328,Tatranská Kotlina (Sokoliarsky dvor pod Belianskou jaskyňou v Tatranskej Kotline),Slowakei
10004329,Veľká Lomnica (Wild Park Veľká Lomnica),Slowakei
10004330,Gomila (Živalski park Ranč Aladin),Slowenien
10004331,Idrija (Akvarij M Idrija - geschlossen),Slowenien
10004332,Koper (Vivarij Bioexo - geschlossen),Slowenien
10004333,Ljubljana (Zavod Akvarij Ljubljana - geschlossen),Slowenien
10004334,Sela pri Dobovi (Živalski park Na Jasi),Slowenien
10004335,Sant Antoni de Portmany (es Puig de Can Maymó - geschlossen),Spanien
10004336,Sant Antoni de Portmany (Aquarium Cap Blanc),Spanien
10004337,Celje (Tropska hisa),Slowenien
10004338,Exmouth (Zoo - geschlossen 1980),Vereinigtes Königreich
10004339,Havelsee (Filmtierschule Schweuneke),Deutschland
10004340,Wilkowice (Park Wilkowice),Polen
10004341,Bašt (Zoopark - geschlossen),Tschechien
10004343,Brno (Akvárium Moravského zemského muzea),Tschechien
10004344,Lublin (Zoo Wojciechow),Polen
10004345,Chotěbuz (Rybí dům Chotěbuz),Tschechien
10004346,Baltow (Zwierzyniec Baltowski),Polen
10004347,Chvalšiny (Krokodýlí farma),Tschechien
10004348,Dolní Dobřejov (CHARZA),Tschechien
10004353,Kladno (Zámecké medvědárium),Tschechien
10004354,Ostrov nad Ohří (Ekocentrum),Tschechien
10004355,Pavlov (Stanice),Tschechien
10004357,Police nad Metují (Zookoutek Zobal),Tschechien
10004358,Praha (Svět medúz),Tschechien
10004360,Starý Kolín (Statek),Tschechien
10004362,Újezd nade Mží (Zámecký statek),Tschechien
10004364,Burnham-on-Sea (Brean Down Bird Garden - geschlossen),Vereinigtes Königreich
10004365,Guernsey (The Accidental Zoo - geschlossen 2022),Vereinigtes Königreich/Bailiwick of Guernsey
10004367,Balakliya (Zoopark Balakliyckoyi stantsiyi yunykh naturalistiv),Ukraine
10004368,Berdyansk (Delfinariy Nemo),Ukraine
10004369,Berdyansk (Vystavka ekzotychnykh tvaryn (Zooklub Noeon)),Ukraine
10004370,Berdyansk (Zoopark),Ukraine
10004371,Berdyansk (Minizoopark),Ukraine
10004372,Berezivka (Tsentr poryatunku vedmediv Nadiya),Ukraine
10004373,Boyany (Mini-zoopark Sonyachna Dolina),Ukraine
10004374,Buky (Khramovyy kompleks z landshaftnym parkom),Ukraine
10004375,Charkiw (Minizoopark Allyur),Ukraine
10004376,Charkiw (Mini-zoopark Pyatykhatky),Ukraine
10004377,Chubynske (Strausyna ferma i mini zoopark),Ukraine
10004378,Dnipro (Zviropolis Zoopark),Ukraine
10004379,Dnipro (Minizoopark im Globa Park),Ukraine
10004380,Dnipro (Zd-Park Dzhunhli),Ukraine
10004381,Dnipro (Zoopark Bartolomeo),Ukraine
10004382,Dnipro-Mayske (Strausyna ferma i mini-zoopark Agro-Soyuz),Ukraine
10004383,Dokuchaevsk (Zoopark),Ukraine
10004384,Donetsk (Delfinariy i okeanarium Nemo),Ukraine
10004385,Donetsk (Miskyy akvarium),Ukraine
10004386,Donetsk (Mistechko posmishok (Elektrometalurhiynyy Tekhnikum)),Ukraine
10004387,Donetsk (Sad zhyvykh tropichnykh metelykiv),Ukraine
10004388,Haspra (Sad zhyvykh tropichnykh metelyki),Ukraine/Krim
10004389,Haysyn (Haysynskyy zoopark (zoorozplidnyk)),Ukraine
10004390,Henicheska Hirka (Delfinaryy Oskar),Ukraine
10004391,Horlivka (Zookutochok kontsernu Styrol),Ukraine
10004392,Ivano-Frankove (Zookutochok Roztochchya ta Muzey pryrody Zapovidnyka R.),Ukraine
10004393,Kamyanets-Podilskyy (Zoopark),Ukraine
10004394,Kherson (Zookutok),Ukraine
10004395,Khmelnytskyy (Zookutok),Ukraine
10004396,Khreshchenivka (Zoopark),Ukraine
10004397,Kinne (Lozivskyy zoopark),Ukraine
10004398,Kremenivka (Mini-zoopark Kremenivskyy straus),Ukraine
10004399,Krylos (Ekologo-osvitniy turistychnyy kompleks Halytskogo Natsionalnogo pripodnogo parku),Ukraine
10004400,Kurortne (Karadazkyy morskyy akvarium),Ukraine/Krim
10004401,Kyjiw (Edemskyy sad),Ukraine
10004402,Kyjiw (Kontaktnyy zoopark Animal Park),Ukraine
10004403,Kyjiw (Kontaktnyy zoopark Zviropolis),Ukraine
10004404,Kyjiw (Miskyy Budynok pryrody),Ukraine
10004405,Kyjiw (Okeanarium Morska kazka),Ukraine
10004406,Kyjiw (Sad zhyvykh tropichykh metelikiv v Natsionalnomu botanichnomu sadu),Ukraine
10004407,Kyjiw (Simeynyy zoopark Lemur),Ukraine
10004408,Kyjiw (Vystavka-ferma zhyvykh tropichnyk metelykiv Planeta metelykiv),Ukraine
10004409,Kyrylivka (Akvarium),Ukraine
10004410,Kyrylivka (Minizoopark Bomba),Ukraine
10004411,Kyrylivka (Terarium),Ukraine
10004412,Kyrylivka (Zoopark),Ukraine
10004413,Lanivtsi (Zoobotsad),Ukraine
10004414,Luhansk (Zoopark),Ukraine
10004415,Lutsk (Zoopark),Ukraine
10004416,Lviv (Mini zoopark Dytyachoho ekoloho-naturalistychnoho tsentru),Ukraine
10004417,Mala Danylivka (Zoopark),Ukraine
10004418,Male Sadove (Oslynaya ferma IshachOK),Ukraine/Krim
10004419,Mankivka (Mini-zoopark),Ukraine
10004420,Mariupol (Miskyy akvarium),Ukraine
10004421,Mariupol (Zoopark),Ukraine
10004422,Martove (Rozplidnyk dykykh i ekzotychnykh ptakhiv Pechenizke pole),Ukraine
10004423,Melitopol (Strauspark - YUH),Ukraine
10004424,Mramorne (Park ptakhiv Zarichne),Ukraine/Krim
10004425,Nova Kakhovka (Zoopark Kazkova dibrova),Ukraine
10004426,Novi Petrivtsi (Zoopark Mezhyhiry),Ukraine
10004427,Novooleksandrivka (Safari-park Yelanetskyy step),Ukraine
10004428,Novoozerne (Baza vidpochynku Stepova gavan),Ukraine/Krim
10004429,Novosilky (Mini-zoopark Good Wood),Ukraine
10004430,Obroshyne (Zoopark),Ukraine
10004431,Odesa (Minizoopark Dzhunhli Park),Ukraine
10004432,Okhtyrka (Zooekzotarium),Ukraine
10004433,Olenivka (Zhyvyy kutok Sonyachna Dolina),Ukraine/Krim
10004434,Ozera (Pryvatnyy zoopark),Ukraine
10004435,Petropil (Akvazoo),Ukraine
10004436,Prydorozhnye (Zoopark),Ukraine
10004437,Prymorsk (Zookutochok Prybiy),Ukraine
10004438,Pytomnyk (Park dykoyi pryrody Olkhova balka),Ukraine
10004439,Sambir (Zoopark Bilaky),Ukraine
10004440,Selo Hashevoe (Zoopark Try vedmedi),Ukraine
10004441,Simeyiz (Zookutochok Sanatoriyu Yunist),Ukraine/Krim
10004442,Skole (Mini-zoopark Edelveys),Ukraine
10004443,Stara Basan (Zoobotanichnyy kompleks Basan),Ukraine
10004444,Strilkove (Strausyna ferma i minizoopark),Ukraine/Krim
10004445,Svyatohirsk (Zookutok Svyatohirskoyi lavry),Ukraine
10004446,Synevyrska Polyana (Tsentr reabilitatsiyi vedmediv Synevyr),Ukraine
10004447,Ternopil (Zookutok),Ukraine
10004448,Ternuvate (Zoopark pid vidkrytym nebom Tavriya),Ukraine
10004449,Torske (Vystavka tvaryn Kraynya khata),Ukraine
10004450,Truskavets (Delfinariy Oskar i Terarium Ekzoterra),Ukraine
10004451,Truskavets (Minizoopark kurortnogo kompleksu Karpaty),Ukraine
10004452,Uman (Akvanariy),Ukraine
10004453,Vasylivka (HomeZOO),Ukraine
10004454,Vesela Dolyna (Mini-zoopark Frumushiky-Novoyi),Ukraine
10004455,Vesele (Zoopark),Ukraine
10004456,Vyshkivske (Biopark Zolotyy fazan),Ukraine
10004457,Yampil (Krasnolymanska straysyna ferma i mini-zoopark - geschlossen 2022),Ukraine
10004458,Yaremche (Mini-Zoopark),Ukraine
10004459,Yasnohorodka (Strausyna ferma Dolyna stausiv),Ukraine
10004460,Yatskyvka (Rozplydnik ekzotichnikh ptakhyv na Oskoly),Ukraine
10004461,Zaporizhzhya (Mini-zoopark DZ),Ukraine
10004463,Zhytomyr (Multizoo),Ukraine
10004464,Alushta (Akvarium Centru dytyachoyi ta yunatskoyi tborchosti),Ukraine/Krim
10004465,Alushta (Akvarium na Miskomu plazhe),Ukraine/Krim
10004466,Alushta (Delfinariy Akvarel),Ukraine/Krim
10004467,Alushta (Delfinariy Nemo),Ukraine/Krim
10004468,Alushta (Zoo Park),Ukraine/Krim
10004469,Alushta (Muzey Prirody Kryma I Dendrozoopark),Ukraine/Krim
10004470,Bakhchysaray (Zookutok),Ukraine/Krim
10004471,Bakhchysaray (Zoopark),Ukraine/Krim
10004472,Bilohirsk (Park leviv Taygan),Ukraine/Krim
10004473,Feodosiya (Vystavka komakh Feodosiya),Ukraine/Krim
10004474,Izyumivka (Safari Ranch Kozyna Balka),Ukraine/Krim
10004475,Kerch (Strausyna ferma Ekzotyk),Ukraine/Krim
10004476,Koktebel (Dinoteriy),Ukraine/Krim
10004477,Kurortne (Karadazkyy delfinariy),Ukraine/Krim
10004478,Livadiya (Teatr morskykh tvaryn Akvatoriya),Ukraine/Krim
10004479,Livadiya (Yaltynskyy zoopark Kazka),Ukraine/Krim
10004480,Mykolayivka (Akvarium),Ukraine/Krim
10004481,Nikita (Botanichnomu sadu),Ukraine/Krim
10004482,Sevastopol (Ekopark Dityache mistechko Lukomorye),Ukraine/Krim
10004483,Sevastopol (Ekzotarium),Ukraine/Krim
10004484,Sevastopol (Minizoopark Rybalske selo),Ukraine/Krim
10004485,Sevastopol (Morskyy Akvarium-muzey c Nichnyy svit),Ukraine/Krim
10004486,Sevastopol (Sad zhyvykh tropichnykh metelykiv Kosta-Rika),Ukraine/Krim
10004487,Sevastopol (Terarium),Ukraine/Krim
10004488,Shchaslyvtseve (Kontaktnyy zoopark Arabatskoyi Strilky),Ukraine
10004489,Simferopol (Dytyachomu Parku),Ukraine/Krim
10004490,Simferopol (Terarium),Ukraine/Krim
10004491,Sudak (Krokodylyacha ferma),Ukraine/Krim
10004492,Ternivka (Zookutok),Ukraine/Krim
10004493,Velykyy Atlesh (Delfinariy Nemo),Ukraine/Krim
10004494,Yalta (Krokodilyarium),Ukraine/Krim
10004495,Yalta (Yaltynskyy Sad zhyvykh metelykiv v Sadu orkhidey),Ukraine/Krim
10004496,Yalta (Zookutok Kusto),Ukraine/Krim
10004497,Yevpatoriya (Akvarium na vul. Frunze),Ukraine/Krim
10004498,Yevpatoriya (Akvarium v Tsentralnyi park Frunze),Ukraine/Krim
10004499,Yevpatoriya (Dendropark Zookutok c krokodilyariy),Ukraine/Krim
10004500,Yevpatoriya (Tropykpark),Ukraine/Krim
10004501,Zalisne (Ferma Dyvo-Oslik),Ukraine/Krim
10004502,Zavit-Leninskyy (Dendropark ta ornitologichnyy i zookutochok),Ukraine/Krim
10004503,Zolote (Zolotyy straus),Ukraine/Krim
10004504,Balassagyarmat (Nyírjesi Füvészkert és Vadaspark),Ungarn
10004505,Balatonszentgyörgy (Csillagvár Múzeum),Ungarn
10004506,Bér (Béri Élménypark - geschlossen),Ungarn
10004507,Budapest (Margitszigeti Vadaspark),Ungarn
10004509,Zamárdi (Tengeri Akvárium - geschlossen 2021),Ungarn
10004510,Zsippó (Madár- és Élménypark),Ungarn
10004511,Goicea (Grădina Zoologică din Goicea - geschlossen 1995),Rumänien
10004512,Andělská Hora (Odchovna - geschlossen 1985),Tschechien
10004513,Aš (Tierpark Asch - geschlossen 1960),Tschechien
10004514,Benešov (Zookoutek - geschlossen 2002),Tschechien
10004515,Bílovice-Lutotín (Zoopark - geschlossen 2005),Tschechien
10004516,Ceské Budějovice (Minizoo Háječek - geschlossen),Tschechien
10004517,Chomutov (Tierpark Komotau - geschlossen),Tschechien
10004518,Chrudim (Zookoutek - geschlossen),Tschechien
10004519,Decin (Tiergarten Bodenbach-Krochwitz - geschlossen 1914),Tschechien
10004520,Domažlice (Zookoutek - geschlossen 1965),Tschechien
10004521,Horšovský Týn (Stanice mladých přírodovědců - geschlossen 1990),Tschechien
10004522,Horšovský Týn (Zámecké medvědárium - geschlossen 1998),Tschechien
10004523,Hradec Králové (Zoo Park Plotiště - geschlossen 2004),Tschechien
10004524,Jabkenice (Jablkynická obora - geschlossen 1943),Tschechien
10004525,Janov nad Nisou-Hrabětice (Jízdárna a Mini zoo Dřevona - geschlossen 2016),Tschechien
10004526,Jindřichův Hradec (Zámecké akvárium - geschlossen 2010),Tschechien
10004527,Jindřichův Hradec (Zoo koutek při SZeŠ - geschlossen 1986),Tschechien
10004528,Jirny (Zámecký park - geschlossen 1931),Tschechien
10004529,Karviná (Zookoutek - geschlossen 2010),Tschechien
10004530,Klatovy (Zookoutek - geschlossen),Tschechien
10004531,Kobylé (Dětská farma Babiččin dvoreček - geschlossen 2013),Tschechien
10004532,Kostelec u Heřmanova Městce (Chov exotických zvířat - geschlossen 2012),Tschechien
10004533,Lázně Bohdaneč (Zookoutek - geschlossen),Tschechien
10004534,Lázně Kynžvart (Zámecká minizoo - geschlossen 2005),Tschechien
10004535,Lednice (Akvárium Malawi - geschlossen 2011),Tschechien
10004536,Litoměřice (Zookoutek - geschlossen),Tschechien
10004537,Litvínov (Zookoutek - geschlossen),Tschechien
10004538,Louny (Koutek živé přírody - geschlossen 1992),Tschechien
10004539,Most (Zookoutek Slunečních lázní - geschlossen 1961),Tschechien
10004540,Nejdek (Vogelschutzpark auf dem Kreuzberg - geschlossen 1938),Tschechien
10004541,Netolice (Netolická obora - geschlossen 1648),Tschechien
10004542,Nový Bohumín (Zookoutek - geschlossen),Tschechien
10004543,Novy Kostel (Soukromá zoo a hadí farma - geschlossen 2004),Tschechien
10004545,Opava (Voliéry na Ptačím vrchu - geschlossen 1991),Tschechien
10004546,Ostrava (Zookoutek Vítkovice - geschlossen),Tschechien
10004547,Pernink (Zookoutek - geschlossen 1965),Tschechien
10004548,Plzen (Vivárium - geschlossen 1903),Tschechien
10004549,Poděbrady (Knížecí obora Bor - geschlossen 1914),Tschechien
10004550,Poděbrady (Zookoutek - geschlossen 1960),Tschechien
10004551,Polička (Mini zoo - Koutek živé exotiky - geschlossen 2007),Tschechien
10004552,Praha (Botanická zahrada Kanálka - geschlossen 1895),Tschechien
10004553,Praha (Expozice živých sklípkanů a štírů Praha - geschlossen 2013),Tschechien
10004554,Praha (Králův dvůr - geschlossen 1484),Tschechien
10004555,Praha (Medvědárium Pražského hradu - geschlossen 1960),Tschechien
10004556,Praha (Obora Hvězda - geschlossen),Tschechien
10004557,Praha (Obora Ovenec - geschlossen ca. 1612),Tschechien
10004560,Praha (Veřejné akvárium v Praze - geschlossen 1941),Tschechien
10004561,Praha (Veřejné akvárium ZK Tatra Smíchov - geschlossen 1990),Tschechien
10004562,Praha (Zookoutek v Kinského zahradě - geschlossen 1926),Tschechien
10004563,Praha (Zoologická zahrada ve Stromovce - geschlossen 1922),Tschechien
10004564,Praha (Zoologická zahrádka Karlín - geschlossen 1938),Tschechien
10004565,Praha (Zvěřinec v Královské zahradě - geschlossen 1740),Tschechien
10004566,Přerov (Moravská ornitologická stanice - geschlossen 1970),Tschechien
10004567,Prostějov (Botanická zahrada - geschlossen 1940),Tschechien
10004568,Slaný (Koutek živé přírody - geschlossen 1980),Tschechien
10004570,Šluknov (Tierpark und Vogelhaus Schweizerhaus - geschlossen),Tschechien
10004571,Smolné Pece (Babiččin dvoreček - geschlossen 2008),Tschechien
10004572,Sychrov (Zámecké akvárium - geschlossen 2013),Tschechien
10004573,Tabor (Vivárium R. M. Bouška - geschlossen 1944),Tschechien
10004574,Třebíč (Zookoutek Rebeka - geschlossen 2011),Tschechien
10004575,Ústí nad Labem (Lumpepark - geschlossen 1945),Tschechien
10004576,Varnsdorf (Malá zoo u Vondráčků - geschlossen 1962),Tschechien
10004577,Varnsdorf (Tierpark Edelgrund Warnsdorf - geschlossen),Tschechien
10004578,Velké Popovice (Minizoo - geschlossen 2003),Tschechien
10004580,Zábřeh (Zookoutek - geschlossen 2006),Tschechien
10004581,Žírovice (Motýlí dům - geschlossen 2018),Tschechien
10004582,Atmanay (Zoopark - geschlossen 1992),Ukraine
10004583,Bucha (Mini-zoopark - geschlossen 2016),Ukraine
10004584,Chulakivka (Zoopark - geschlossen 1993),Ukraine
10004585,Kyjiw (Mini-okeanarium - geschlossen 2012),Ukraine
10004586,Kyrylivka (Mini zoopark Zolotyy bereh - geschlossen 1995),Ukraine
10004587,Maliyivtsi (Zoopark - geschlossen 1991),Ukraine
10004588,Novoaydar (Zoopark - geschlossen),Ukraine
10004589,Odesa (Zoosad v Vorontsovskyy palats - geschlossen 1930),Ukraine
10004590,Pidmikhaylivtsi (Zoopark - geschlossen 2004),Ukraine
10004591,Pishchiv (Zwierzyniec Potockiego Pilawin - geschlossen 1917),Ukraine
10004592,Sartana (Zoopark Selo Vashury - geschlossen 2016),Ukraine
10004593,Zhovkva (Zwierzyniec Stanisława Zólkiewskiego - geschlossen 1689),Ukraine
10004594,Sovetske (Zoopark Grushova polyana - geschlossen 1992),Ukraine/Krim
10004595,Sudak (Delfinariy Nemo - geschlossen 2013),Ukraine/Krim
10004596,Tylove (Delfinariy - geschlossen 1998),Ukraine/Krim
10004597,Yalta (Delfinariy Yalta Inturyst - geschlossen 2011),Ukraine/Krim
10004598,Dunaújváros (Lóri Madárpark - geschlossen 1999),Ungarn
10004599,Györ (Vadaspark Püspök-erdö - geschlossen 1966),Ungarn
10004600,Kaposvár (Krokodil Zoo - geschlossen 2011),Ungarn
10004602,Pécs (Akvárium-Terrárium - geschlossen),Ungarn
10004603,Siófok (Hüllő Zoo - geschlossen 2012),Ungarn
10004604,Siófok (Korall Akvárium - geschlossen 2007),Ungarn
10004605,Siófok (Mini Állatkert Töreki - geschlossen 2004),Ungarn
10004606,Siófok (Tengeri Akvárium - geschlossen 2000),Ungarn
10004607,Szentendre (Akvárium és Terrárium Ház - geschlossen 2014),Ungarn
10004608,Teplice (Minizoo - geschlossen 1928),Tschechien
10004609,Abinsk (Ekzopark),Russland
10004610,Adler (Delfinariy),Russland
10004611,Adler (Kontaktnyy zoopark Lypushki v Sochi parka),Russland
10004612,Adler (Mir Dzhungley),Russland
10004613,Adler (Sochi Discovery World Aquarium),Russland
10004614,Adler (Sovarium Sochi Parka),Russland
10004615,Adler (Tsentr vosstanovleniya Leoparda na Kavkaze),Russland
10004617,Aleksandrovsk (Zoopark),Russland
10004618,Almetyevsk (Detskiy zoopark),Russland
10004619,Amodovo (Zoopitomnik),Russland
10004620,Anapa (Alligatorov Ferma),Russland
10004621,Anapa (Delfinariy),Russland
10004622,Anapa (Kontaktnyy Zoopark Mir zhivotnykh),Russland
10004623,Anapa (Krokodilovaya ferma),Russland
10004624,Anapa (Mir babochek),Russland
10004625,Anapa (Morskoy akvarium v Otel´ Apriori),Russland
10004626,Anapa (Morskoy akvarium),Russland
10004627,Anapa (Morskoy akvarium Batiskaf),Russland
10004628,Anapa (Okeanarium Rif),Russland
10004629,Anapa (Tropikarium),Russland
10004630,Anapa (Zoopark Madagaskar),Russland
10004631,Angarsk (Zoopark iz DTDiM),Russland
10004632,Arkhangelsk (Sad zhivykh tropicheskikh babochek Gorod babochek),Russland
10004633,Arkhipo-Osipovka (Delfinariy),Russland
10004634,Arkhipo-Osipovka (Kontaktnyy zoopark),Russland
10004635,Arkhipo-Osipovka (Krokodilovaya ferma),Russland
10004636,Arkhipo-Osipovka (Okeanarium),Russland
10004637,Artibash (Kontaktnyy Zoopark),Russland
10004638,Astrakhan (Zoobotsad KRK Oktyabr),Russland
10004639,Atkarsk (Zoopark),Russland
10004640,Azovskaya (Zoopark Belyy lebed),Russland
10004641,Balakhna (Zoopark Malenkaya strana Limpopo),Russland
10004642,Balashikha (Zoopark Saltykovskiy),Russland
10004643,Barnaul (Pitomnik Altay Falkon),Russland
10004644,Barsovo (Zoopark Parus),Russland
10004645,Bebyayevo (Mini Zoopark Safari),Russland
10004646,Belaya Kalitva (Zoopark),Russland
10004647,Belgorod (Akvarium v MegaGrinn),Russland
10004648,Berdsk (Mini-zoopark v Sanatoriy Sibiryak),Russland
10004649,Blagoveshchensk (Zoosad iz Amurskogo biologo-turisticheskogo tsentra),Russland
10004650,Borisovka (Zoopark Chudesnyy),Russland
10004651,Borisovskoye (Mini-zoopark Vesoloye podvorye),Russland
10004652,Brykin Bor (Okskiy Pitomnik chistokrovnykh zubrov),Russland
10004653,Brykin Bor (Okskiy Pitomnik redkikh vidov zhuravley),Russland
10004654,Cheboksary (Mini-Zoopark Kovcheg),Russland
10004655,Chelyabinsk (Dom-akvarium),Russland
10004656,Cheremshanka (Pribaykalskiy iz Irkutzkiy regionalnyy fond zashchity prirody),Russland
10004657,Cherha (Mini zoopark Zoobaza),Russland
10004658,Cherha (Zubrovyy pitomnik SO RAN),Russland
10004659,Chernogolovka (Instituta problem ekologii i evolyutsii imeni A.N. Severtsova),Russland
10004660,Danki (Prioksko-Terrasnogo zapovednika),Russland
10004661,Khabarovsk (Tsentre reabilitatsii dikikh zhivotnykh Utes),Russland
10004662,Donskoye (Ptichiy pitomnik Galichi Gory),Russland
10004663,Drakino (Mini-zoopark v Parke Drakino),Russland
10004664,Dubky (Okeanarium v Dolphin Planet),Russland
10004665,Dzhubga (Delfinariy Nemo),Russland
10004666,Dzhubga (Kontaktnyy zoopark Madagaskar),Russland
10004667,Dzivgis (Zoopark Tropa chudes),Russland
10004668,Esto-Sadok (Sovarium na kurorte Gazprom),Russland
10004669,Esto-Sadok (Volyernyy kompleks Laura Kavkazskogo gosudarstvennogo prirodnogo biosfernogo zapovednika),Russland
10004670,Fodorovskiy (Rybolov profi Baza otdykha),Russland
10004671,Gamzyuki (Zoopark v Safari Park),Russland
10004672,Garovka-1 (Mini-zoosad V gostyakh u Lovy),Russland
10004673,Gelendzhik (Kontaktnyy zoopark Zov Dzhungley),Russland
10004674,Gelendzhik (Okeanarium Okean Park),Russland
10004675,Gelendzhik (Vystavka ekzoticheskikh rybok Parka Olimp),Russland
10004676,Golubitskaya (Dom yenota),Russland
10004677,Golubitskaya (Krokodilovaya ferma),Russland
10004678,Gorki (Zooparka),Russland
10004679,Gorki-2 (Okeanarium Tayny Okeana),Russland
10004680,Grayvoron (Zoopark Ptichye tsarstvo),Russland
10004681,Groznyy (Delfinariy),Russland
10004682,Groznyy (Zoopark),Russland
10004683,Hayvoron (Zoologicheskiy tsentr Biologo-pochvennogo instituta DVO RAN),Russland
10004684,Ilinskoye (Mini-zoopark v Parka X-Land),Russland
10004685,Irkutsk (Dom prirody),Russland
10004686,Irkutsk (Zoopark Polyana),Russland
10004687,Irkutsk (Zoosad),Russland
10004688,Ivanovka (Mini-Zoo Dom prirody),Russland
10004689,Ivanovskoye (Zoougolok),Russland
10004690,Izhevsk (Zverinets Parka Kosmonavtov),Russland
10004691,Kabardinka (Delfinariy),Russland
10004692,Kabardinka (Krokodilovyy kanon),Russland
10004693,Kabardinka (Okeanarium Podvodnyy mir),Russland
10004694,Kamenka (Safari park Kudykina Gora),Russland
10004695,Kamennomostskiy (Mini-Zoopark),Russland
10004696,Kamensk-Uralskiy (Kontaktnyy zoopark Kamenskiy dvorik),Russland
10004697,Kanevskaya (Zoopark v park imeni 300-letiya Kubanskogo kazachyego voyska),Russland
10004698,Kashino (Pitomnik Khishchnykh ptits Kholzan),Russland
10004699,Kemerovo (Zoopark Vovkin dvor),Russland
10004700,Khadyzhensk (Mini-Zoopark),Russland
10004701,Khalakhalinya (Mini-zoopark),Russland
10004702,Khanty-Mansiysk (Eksotarium Park semeynogo otdykha),Russland
10004703,Khimki (Kontaktnyy zoopark Kovcheg),Russland
10004704,Khotmyzhsk (Mini-zoopark v Sanatoriya Krasivo),Russland
10004705,Khvalynsk (Zoohozyaystvo),Russland
10004706,Kirov (Mini-Zoopark),Russland
10004707,Kirovo-Chepetskiy (Zoopark),Russland
10004708,Kislovodsk (Zooekzotarium),Russland
10004709,Kogalym (Okeanarium Akvatika),Russland
10004710,Kolomno (Mini-zoopark na zapravke SKOROST AZS),Russland
10004711,Koltsovo (Detskiy kontaktnyy zoopark Teremok),Russland
10004712,Komsomolsk-na-Amure (Zoopark Sikhote-Alin),Russland
10004713,Kostroma (Zoopark),Russland
10004714,Krasnodar (Delfinariy Sea Life),Russland
10004715,Krasnodar (Okeanarium Morskoy muzey),Russland
10004716,Krasnodar (Zookollektsiya Rys),Russland
10004717,Krasnogorsk (Krokus Siti Okeanarium),Russland
10004718,Krasnogorsk (Zoopark Belyy Kenguru v Krokus Siti Moll),Russland
10004719,Krasnoyarsk (Sad babochek Metamorfoza),Russland
10004720,Krasnoyarsk (Vystavka Podvodnyy mir),Russland
10004721,Krasnoyarsk (Zhivoy muzey EkoDom),Russland
10004722,Kromy (Park Zhivoy Prirody Voronova sloboda),Russland
10004723,Kulchany (Zoougolok Ashmarino),Russland
10004724,Kundryuchenskiy (Tsentr iz Assotsiatsiya Zhivaya priroda stepi),Russland
10004725,Kursk (Panoramnyy akvarium v MegaGRINN),Russland
10004726,Kushchovskaya (Priyut-zoopark),Russland
10004727,Kutuzovka (Tsentr reabilitatsii dikikh zhivotnykh Utos),Russland
10004728,Labinsk (Zoopark Labinskogo Sanatoriya Laba),Russland
10004729,Leninsk-Kuznetskiy (Chastnoye zoopark),Russland
10004730,Leninsk-Kuznetskiy (Terrarium v Vystavochnyy zal G. Leninsk-Kuznetskiy),Russland
10004731,Leonovo (Zoobaza Gosfilmofonda),Russland
10004732,Lipetsk (Zoopark Lebedinoye ozero v Novolipetskiy metallurgicheskiy kombinat (NLMK)),Russland
10004733,Listvyanka (Akvarium baykalskoy nerpy),Russland
10004734,Listvyanka (Baykalskiy muzey),Russland
10004735,Listvyanka (Mini-zoopark v Usad´be,Russland
10004736,Listvyanka (Sibirskiy Zoopark),Russland
10004737,Livadiya (Tsentr adaptatsii morskikh mlekopitayushchikh),Russland
10004738,Lobnya (Lavra Zoopark),Russland
10004739,Loo (Delfinariy No 1),Russland
10004740,Loo (Krokodilovaya ferma v AkvaLoo),Russland
10004741,Loo (Okeanarium Akuliy rif v AkvaLoo),Russland
10004742,Lopatnikovo (Zoosad Deda Moroza),Russland
10004743,Luga (Luzhskiy Mini-zoopark Zvozdnyy),Russland
10004744,Lunovo (Mini-zoopark v Ekootel Romanov les),Russland
10004745,Lyubertsy (Mini-Zoopark v Lyuberetskiy Park),Russland
10004746,Jagodnoje (Kontaktnyy mini-zoopark Evelina),Russland
10004747,Makhachkala (Dagestanskiy akvarium),Russland
10004748,Mamayka (Zoopark iz Sanatoriy Oktyabrskiy),Russland
10004749,Manych (Tsentr iz Assotsiatsiya Zhivaya priroda stepi),Russland
10004750,Manzherok (Mini-zoopark Manzherokskaya ferma),Russland
10004751,Medvedevo (MAUK Medvedevskiy mini-zoopark imeni G.G. Gibadullina),Russland
10004752,Mezhdurechensk (Ekologicheskiy tsentr Kuznetskiy Alatau),Russland
10004753,Michurinsk (Mini-Zoopark v Park kultury i otdykha),Russland
10004754,Mineralnyye Vody (Zoopark ElitPark),Russland
10004755,Mirnyy (Prirodnyy park Zhivyye almazy Yakutii),Russland
10004756,Moskva (Ugolok domashnikh zhivotnykh v Kuzminskiy park),Russland
10004757,Moskva (Detskiy park chudes i mini-zoopark Riteyl park),Russland
10004758,Moskva (Dom babochek),Russland
10004759,Moskva (Ekologicheskaya Tropa U Ozera Bezdonnogo),Russland
10004760,Moskva (Kontaktnyy zoopark Belyy kenguru v Vegas Kuntsevo),Russland
10004761,Moskva (Mini-zoopark Miraks v Zolotyye Klyuchi-2),Russland
10004762,Moskva (Mini-zoopark Miraks Park),Russland
10004763,Moskva (Mini-zoopark Detskogo parka Usadba Trubetskikh v Khamovnikakh),Russland
10004764,Moskva (Morskoy akvarium na Chistykh prudakh),Russland
10004765,Moskva (Nauchnyy terrarium Zoologicheskogo muzeya MGU),Russland
10004766,Moskva (Okean Park),Russland
10004767,Moskva (Ornitologicheskiy reabilitatsionnyy tsentr i ekspozitsiya ptits Ornitariy),Russland
10004768,Moskva (Vystavochno-akvarialnyy kompleks Pavilona Rybolovstvo na VDNKH),Russland
10004769,Moskva (Zoopark Belyy Kenguru),Russland
10004770,Moskva (Zoopark Zveryushki kak igrushki v VEGAS Kashirskoye),Russland
10004771,Moskva (Zoougolok NPTS PZDP),Russland
10004772,Mytishchi (Zoopark Belyy Kenguru v XL-3),Russland
10004773,Naberezhnyye chelny (Delfinariy),Russland
10004774,Nazran (Nazranovskiy zoopark v Torgovom Dome Kovcheg),Russland
10004775,Nikel (Zoopark),Russland
10004776,Nikolo-Pavlovskoye (Chastnyy zoopark GreenPoll),Russland
10004777,Nizhniy Novgorod (Delfinariy Atlantida),Russland
10004778,Nizhniy Novgorod (Dom babochek),Russland
10004779,Nizhniy Novgorod (Zhivoy ugolok TEREMOK),Russland
10004780,Nizhniy Novgorod (Vystavka zhivykh tropicheskikh babochek),Russland
10004781,Nizhnyaya Teberda (Ptichiy zoopark Zolotoye Pero),Russland
10004782,Novoabzakovo (Zoopark Abzakovo),Russland
10004784,Novokuznetsk (Zoougolok v Na Sadovoy),Russland
10004785,Novomynskaya (Zoougolok),Russland
10004786,Novorossiysk (Delfinariy Sea Life),Russland
10004787,Novorossiysk (Zoovystavka Vodnyy mir),Russland
10004788,Novosibirsk (Mini zoopark Obitayemyy ostrov),Russland
10004789,Novotyryshkino (Park zhivotnykh lednikovogo perioda),Russland
10004790,Novouralsk (Detskiy ekologicheskiy tsentr),Russland
10004791,Novozybkov (Mini-Zoo),Russland
10004792,Novozykovo (Zoopark Ozero Kiryeyevo),Russland
10004793,Olginka (Krokodilovaya ferma),Russland
10004794,Olginka (Okeanarium Orbita),Russland
10004795,Otradnoye (Mini-Zoo),Russland
10004796,Patrony (Mini-zoopark Baykal 21),Russland
10004797,Pavlovskoye (Zoopitomnik Vypovo),Russland
10004798,Peresyp (Mini-okeanarium Poseidon),Russland
10004799,Perm (Park babochek),Russland
10004800,Pervouralsk (Mini-Zoopark v Parka novoy kultury),Russland
10004801,Petrozavodsk (Akvarium),Russland
10004802,Pisanaya (Minizoopark Tomskoy pisanitsy),Russland
10004803,Pleshkovo (Mini-zoopark Kolkunovo),Russland
10004804,Pogorelka (Ptichiy Dvorik),Russland
10004805,Pridannikovo (Zoopark),Russland
10004806,Primernoye (Ferma Marino),Russland
10004807,Priozerye (Park Ptits),Russland
10004808,Prokopyevsk (Strausinoye eko-rancho),Russland
10004809,Pushkinskiye Gory (Ekopark Zoograd),Russland
10004810,Pyatigorsk (Kontaktnyy zoopark Berendeyevo),Russland
10004811,Pyatigorsk (Muzey nasekomykh),Russland
10004812,Pyatigorsk (Zoopark Parka Rodnik),Russland
10004813,Pyatigorskaya (Mir Ekzotiki),Russland
10004814,Pyatigorskaya (Zoopark iz otel i Okhotnichiy khutor),Russland
10004815,Roza Khutor (Zoopodvorye LAPKI),Russland
10004816,Rukel (Zoopark Skazka),Russland
10004817,Samara (Zoopark Tikhiy plos),Russland
10004818,Sankt-Peterburg (Dom zhivykh krylyev Chudo babochki),Russland
10004819,Sankt-Peterburg (Minizoopark im. Cheburashki v Primorskiy park Pobedy),Russland
10004820,Sankt-Peterburg (Mini-Zoopark v Tsentralnyy park kultury i otdykha im. S. M. Kirova),Russland
10004821,Sankt-Peterburg (Mir babochek Troides),Russland
10004822,Sankt-Peterburg (Muzey zhivykh babochek Tropicheskiy ray),Russland
10004823,Sankt-Peterburg (Tavricheskogo sada),Russland
10004824,Sankt-Peterburg (Tropicheskiy kompleks Mindo),Russland
10004825,"Sankt-Peterburg (Zoologicheskiy institut RAN, Zoologicheskiy muzey)",Russland
10004826,Saratov (Zoougolok Saratovskogo Detskogo parka),Russland
10004827,Shadyritsy (Informatsionno-turisticheskiy tsentr Priyut Belosnezhki),Russland
10004828,Ivanchug (Zoopark Baba Frosya),Russland
10004830,Shapsha (Ekologo-prosvetitelskiy tsentr Shapshinskoye urochishche),Russland
10004831,Shchekavtsevo (Zoobaza Mechta),Russland
10004832,Shkotovo (Primorskiy Safari-park),Russland
10004833,Shmidtovka (Zoopark Khutor Prokhladnyy),Russland
10004834,Shtelkanka (Zoopark v Cafe Straus),Russland
10004835,Shturovo (Zoopark),Russland
10004836,Siapsia (Zookompleks Tri medvedya),Russland
10004837,Slavgorod (Zoopark Akvaterrarium),Russland
10004838,Sochi (Akvarium i morskoy zoopark),Russland
10004839,Sochi (Okeanarium Tayny okeana),Russland
10004840,Sochi-Lazarevskoye (Babochkin dom),Russland
10004841,Sochi-Lazarevskoye (Delfinariy Kolizey),Russland
10004842,Sochi-Lazarevskoye (Delfinariy Lazarevskiy),Russland
10004843,Sochi-Lazarevskoye (Okeanarium Morskaya zvozda iz Otel Delfin),Russland
10004844,Sochi-Lazarevskoye (Okeanarium v Tsentralnogo parka),Russland
10004845,"Sochi-Lazarevskoye (Okeanarium, Ekzotarium i Pingvinariy Tropicheskaya Amazonka)",Russland
10004846,Sochi-Lazarevskoye (Pingvinariy),Russland
10004847,Sochi-Svetlana (Akvarium i ekzotarium iz Parka Dendrariy),Russland
10004848,Sochi-Svetlana (Parka Dendrariy),Russland
10004849,Sokolovo (Zooferma v restorana Russkaya izba),Russland
10004850,Solnechnyy (Voronezhskiy Sad zhivykh tropicheskikh babochek),Russland
10004851,Solovetskiy (Delfinariy),Russland
10004852,Sovetskiy (Mini-zoopark Tsentra Sozvezdiye),Russland
10004853,Spas-Teshilovo (Zoopark v Otel Tsargrad),Russland
10004854,Stavropol (Kontaktnyy zoopark Berendeyevo v Parke Pobedy),Russland
10004855,Stavropol (Kontaktnyy zoopark Berendeyevo v Parke Tsentralnyy),Russland
10004856,Stavropol (Krayevoy zooekzotarium),Russland
10004857,Stradan (EkZOOtik park),Russland
10004858,Stradan (Zoopark Planeta obezyan),Russland
10004859,Stroitel (Zoougolok Berozka),Russland
10004860,Stupino (Mini-zoopark Borealis),Russland
10004861,Sukko (Utrishskiy delfinariy),Russland
10004862,Sumarokovo (Sumarokovskaya losinaya ferma),Russland
10004863,Suponevo (Mini-zoopark Losinoostrovskiye Usadby),Russland
10004864,Surgut (Ruchnoy ZooPark),Russland
10004865,Surkhakhi (Zoopark Ingushetii),Russland
10004866,Svet (Zoopark),Russland
10004867,Syktyvkar (Zoopark v Respublikanskiy tsentr ekologicheskogo obrazovaniya),Russland
10004868,Taganrog (Zhivoy ugolok),Russland
10004869,Teberda (Zoopark v Teberdinskogo gosudarstvennogo prirodnogo biosfernogo zapovednika),Russland
10004870,Timofeevka (Park Belyy lev),Russland
10004871,Toksovo (Mini-zoopark Lesnaya skazka),Russland
10004872,Toksovo (Zubrovnik),Russland
10004873,Tolshi (Voronezhskogo gosudarstvennogo zapovednika),Russland
10004874,Tomsk (Ekzotarium),Russland
10004875,Troitskoye (Zoopark),Russland
10004876,Trudarmeyskiy (Park dikoy prirody Lysaya gora),Russland
10004877,Tula (Zoougolok),Russland
10004878,Tyumen (Mini zoopark Stalnoy azart),Russland
10004879,Tyumen (Tyumenskiy zoopark),Russland
10004880,Ubykh (Park ptits),Russland
10004881,Ufa (Okeanarium),Russland
10004882,Ufa (Sad babochek Feyeriya),Russland
10004883,Ufa (Zoopark v parke Lesovodov),Russland
10004884,Ukhta (Mini-Zoo),Russland
10004885,Ulyanovsk (Muzeya yestestvennoy istorii Oblastnogo detskogo ekologicheskogo tsentra),Russland
10004886,Usatova Balka (Safari park Aristey),Russland
10004887,Ussuriysk (Zoopark),Russland
10004888,Uznezya (Lokhmataya ferma),Russland
10004889,Vahanovo (Park dikoy prirody Tanay),Russland
10004890,Velikent (Zoopark Lesnaya usadba),Russland
10004891,Verbilki (Mini-Zooparka v Country Resort),Russland
10004892,Verkhniye Mandrogi (Mini-Zoo Lukomorye),Russland
10004893,Veslevo (Park otdykha),Russland
10004894,Vityazevo (Ekzotarium),Russland
10004895,Vityazevo (Krokodilovaya ferma),Russland
10004896,Vityazevo (Vystavka babochek i terrarium Tropicheskiy les),Russland
10004897,Vityazevo (Zoopark),Russland
10004898,Vladikavkaz (Terrarium),Russland
10004899,Vladikavkaz (Zoopark),Russland
10004900,Vladimir (Zoopark),Russland
10004901,Vladivostok (Dom babochek Vostorg),Russland
10004902,Vladivostok (Terrarium),Russland
10004903,Vlasikha (Strausinoye rancho Barnaul),Russland
10004904,Volga (Zoopark Barskaya Usadba),Russland
10004905,Volgograd (Kontaktnyy Zoopark),Russland
10004906,Volgograd (Zoougolok v Kafe Ritsa),Russland
10004907,Volzhskiy (Zoopark ZooDvorik),Russland
10004908,Voronezhskoye-2 (Priamurskiy zoosad Im. V. P. Sysoyeva),Russland
10004909,Vsevolozhsk (Detskiy zoopark),Russland
10004910,Yekaterinburg (Park babochek),Russland
10004911,Yekaterinburg (Zoougolok v TSPKiO imeni V. V. Mayakovskogo),Russland
10004912,Yelizovo (Yelizovskiy rayonnyy zoopark),Russland
10004913,Yessentuki (Zooekzotarium),Russland
10004914,Yeysk (Delfinariy Teatr morskikh zhivotnykh),Russland
10004915,Yeysk (Krokodilovyy kanon),Russland
10004916,Yeysk (Okeanarium Akuliy Rif),Russland
10004917,Yeysk (Strausynoe rancho),Russland
10004918,Yeysk (Trogatelnyy zoopark),Russland
10004919,Yunost (Zoopark v kurort parka Soyuz),Russland
10004920,Yuryakh-Terde (Pitomnik lesnykh bizonov Ust-Buotama),Russland
10004921,Za Rodinu (Zoougolok Kovcheg v Otel Tizdar),Russland
10004922,Zaplave (Mini-zoopark Seligerskoye Zaplavye),Russland
10004924,Sankt-Peterburg (Mini-zoopark Raduga v Zelenogorskom parke),Russland
10004925,Zhuderskiy (Zoovolyernyy kompleks Natsionalnogo parka Orlovskoye Polesye),Russland
10004926,Zhuravlovo (Strausynoe Rancho),Russland
10004927,Zibrovo (Zoopark),Russland
10004928,Zyuratkul (Mini-zoopark v Eko-park),Russland
10004929,Adler (Terrarium Mir dzhungley - geschlossen 2018),Russland
10004930,Anapa (Kitarium - geschlossen 2016),Russland
10004931,Anapa (Zhivoy ugolok - geschlossen),Russland
10004932,Blagoveshchensk (Amurskiy zoopark - geschlossen 2003),Russland
10004933,Brykin Bor (Okskiy Pitomnik khishchnykh ptits - geschlossen 1995)),Russland
10004934,Dalniye Zelentsy (Akvarium Murmanskogo morskogo biologicheskogo instituta - geschlossen 1989),Russland
10004935,Derbent (Zoopark Skazka - geschlossen 2017),Russland
10004936,Ermeli (Tsentr dikikh zhivotnykh - geschlossen 2014),Russland
10004937,Gatchina (Zverinets - geschlossen 1769),Russland
10004938,Gelendzhik (Krokodilovaya ferma - geschlossen 2010),Russland
10004939,Georgiyevsk (Zoopark Berendeyevo - geschlossen 2019),Russland
10004940,Izhevsk (Zoopark - geschlossen 2008),Russland
10004941,Kamensk-Uralskiy (Park ptits Ptichiy ostrov - geschlossen 2015),Russland
10004942,Kazachiy Brod (Strausinaya ferma Tri Sofii - geschlossen 2011),Russland
10004943,Khar-Buluk (Tsentr po izucheniyu i sokhraneniyu dikikh zhivotnykh Respubliki Kalmykiya - geschlossen 2003),Russland
10004944,Kotelnich (Mini-Zoopark - geschlossen 2011),Russland
10004945,Krasnaya Myza (Zverinets - geschlossen 1795),Russland
10004946,Krasnodar (Ekzotarium Zov dzhungley v TRK SBS Mehamoll - geschlossen),Russland
10004947,Krasnodar (Sad babochek v TRK Halaktyka - geschlossen 2018),Russland
10004948,Krasnoyarsk (Priyut doktora Aybolita - Zhivoy ugolok imeni Ye. A. Krutovskoy Zhivoy ugolok v Zapovednika Stolby - geschlossen 2000),Russland
10004949,Krasnoyarsk (Vystavka ekzoticheskikh zhivotnykh - geschlossen 2011),Russland
10004950,Magadan (Zoopark - geschlossen 1958),Russland
10004951,Maykop (Mini-zoopark - geschlossen 2012),Russland
10004952,Moskva (Izmaylovskiy zverinets - geschlossen 1826),Russland
10004953,Moskva (Kitaigorodskoi zverinets - geschlossen 1700),Russland
10004954,Moskva (Kremelskii zverinets (Ivana Groznogo) - geschlossen 1698)),Russland
10004955,Moskva (Menazherii Kuskovo - geschlossen),Russland
10004956,Moskva (Oranzhereya divnykh ptichek - geschlossen 2013),Russland
10004957,Moskva (Ptichnik Pashkova - geschlossen 1812),Russland
10004958,Moskva (Volyernyy kompleks Vorobyovy gory - geschlossen 2010),Russland
10004959,Moskva (Voskresenskiy zverinets Bagrationov - geschlossen 1899),Russland
10004960,Moskva (Zoopark Okhotnichya tropa - geschlossen 1991),Russland
10004961,Moskva (Zoougolok parka Fili - geschlossen 1990),Russland
10004962,Nohlyky (Zoopark Ostrovok - geschlossen 2014),Russland
10004963,Norilsk (Zoopark - geschlossen 1997),Russland
10004964,Novoshakhtinsk (Zoopark - geschlossen 2016),Russland
10004965,Novosibirsk (Gorodskaya ferma Lap-Landiya - geschlossen 2019),Russland
10004966,Novosibirsk (Park babochek - geschlossen 2013),Russland
10004967,Odintsovo (Mini-zoopark - geschlossen 2008),Russland
10004968,Pavlovsk (Ptichnik Pavlovskogo dvortsa - geschlossen 1802),Russland
10004969,Penza (Zoougolok - geschlossen 2008),Russland
10004970,Polyarnyy (Akvarium Murmanskoy biologicheskoy stantsii - geschlossen 1933),Russland
10004971,Pushkin (Zverinets Yeyo Imperatorskogo Velichestva dvortsa - geschlossen 1917),Russland
10004972,Rostov-na-Donu (Park babochek v VertolSiti - geschlossen 2012),Russland
10004973,Samara (Krokodilovaya ferma - geschlossen 2013),Russland
10004974,Sankt-Peterburg (Imperatorskiy Ptichiy dvor - geschlossen 1770),Russland
10004975,Sankt-Peterburg (Imperatorskiy Slonovyy dvor - geschlossen 1778),Russland
10004976,Sankt-Peterburg (Imperatorskiy Zverovoy dvor - geschlossen 1741),Russland
10004977,Sankt-Peterburg (Sad zhivykh babochek i rayskikh ptichek Mindo na ulitse Ropshinskoy - geschlossen 2014),Russland
10004978,Sankt-Peterburg (Terrarium (filial) Leningradskogo zooparka - geschlossen 2004),Russland
10004979,Sankt-Peterburg (Tsarskiy Ptichiy ogorod v Letnem sadu - geschlossen 1732),Russland
10004980,Sankt-Peterburg (Yekateringofskiy zverinets - geschlossen 1740),Russland
10004981,Sankt-Peterburg (Zimniy sad Ermitazha - geschlossen 1796),Russland
10004982,Solikamsk (Mini-Zoopark - geschlossen 2011),Russland
10004983,Tikhvin (Malyy zoopark - geschlossen 2010),Russland
10004984,Tver (Terrarium - geschlossen 2012),Russland
10004985,Ufa (Ekzotarium - geschlossen 2011),Russland
10004986,Velikiy Novgorod (Zverinets na Gzeni - geschlossen 1110),Russland
10004987,Vladikavkaz (Vladikavkazskiy zverinets v Parke Montplezir - geschlossen 1920),Russland
10004988,Vladivostok (Delfinariy TINRO - geschlossen 2008),Russland
10004989,Volgodonsk (Zoopark - geschlossen 2003),Russland
10004991,Yeysk (Mini-zoopark Rio - geschlossen 2016),Russland
10004992,Southam (Zoo - geschlossen 1985),Vereinigtes Königreich
10004993,Maynooth (Clonfert Pet Farm),Irland
10004994,Cranham (Prinknash Deer and Bird Park - geschlossen 2019),Vereinigtes Königreich
10004995,Sinsheim (Badewelt Palmenparadies),Deutschland
10004997,Dobersberg (Naturpark Dobersberg),Österreich
10004999,Kilkenny (The National Reptile Zoo),Irland
10005000,Kilmeedy (Wild Encounters Mini Zoo),Irland
10005001,Hedel (Stichting Kleindierwandelpark),Niederlande
10005002,Brand (Tiererlebnispfad Brandnertal),Österreich
10005003,Mathon (Wildpark Silvretta),Österreich
10005004,Moja (El Jardí dels Ocells),Spanien
10005005,St. Lawrence (Tropical Bird Park - geschlossen 1999),Vereinigtes Königreich
10005007,Balloch (Loch Lomond Bird Of Prey Centre),Vereinigtes Königreich
10005008,Farrach (Hobby-Farm Streichelzoo Schildberger),Österreich
10005009,Almegg (Agrarium - geschlossen)),Österreich
10005010,Salzburg / Leopodskron (Tierpark bei St. Peter Weihern),Österreich
10005011,Pardies-Piétat (Zoo Notre Dame de Piétat - geschlossen 1996),Frankreich
10005012,Henley-on-Thames (Fawley Hill),Vereinigtes Königreich
10005013,Singapore (Jurong Bird Park - geschlossen 2023),Singapur
10005014,Singapore (Zoo),Singapur
10005015,Singapore (Night Safari),Singapur
10005016,Singapore (River Wonders),Singapur
10005017,Taipei (Zoo),Taiwan
10005018,Stuttgart (Fasanerie Fasanenhof),Deutschland
10005019,Weil im Schönbuch (Kamelhof),Deutschland
10005020,Visselhövede (Kamelfarm Marquard),Deutschland
10005021,Aitrach (Streichelzoo - Gasthof Löwen - geschlossen),Deutschland
10005022,Tittling (Tiergehege Museumsdorf Bayerischer Wald),Deutschland
10005023,Canaviais (Mini Zoo Queijaria Cachopas),Portugal
10005024,Billericay (Barleylands Farm Park),Vereinigtes Königreich
10005025,Aumühle (Garten der Schmetterlinge),Deutschland
10005026,Buchholz-Seppensen (Alaris Schmetterlingspark),Deutschland
10005027,Hamburg (Museumsdorf Volksdorf),Deutschland
10005028,Hamburg (Fischbeker Heidehaus),Deutschland
10005029,Ahrensburg (Haus der Natur Verein Jordsand),Deutschland
10005030,Hamburg (Gut Karlshöhe),Deutschland
10005031,Paris (Luna Park - geschlossen 193?),Frankreich
10005032,Leipzig (Botanischer Garten der Universität),Deutschland
10005033,Halle (Haustiergarten - geschlossen 1969),Deutschland
10005034,Tolochenaz (La Maison de la Rivière),Schweiz
10005035,Auckland (Zoo),Neuseeland
10005036,Penghu (Aquarium),Taiwan
10005037,Pingtung (Bada Forest Paradise),Taiwan
10005038,Pingtung (Rescue Center for Endangered Wild Animals),Taiwan
10005039,Kaohsiung (Shou Shan Zoo),Taiwan
10005040,Tainan (Nan Yuan Garden Resort Farm),Taiwan
10005041,Tainan (Wanpi World Safari Zoo),Taiwan
10005042,Lugu (Fenghuanggu Bird and Ecological Park),Taiwan
10005043,Fenglin (Shin Kong Chao Feng Ranch & Resort),Taiwan
10005044,Hsinchu (Green World Ecological Farm),Taiwan
10005045,Hsinchu (Zoo),Taiwan
10005046,Guanxi (Leofoo Resort Guanshi),Taiwan
10005047,Wolkenstein (Jagdfalkenhof Burg Wolkenstein),Deutschland
10005048,Taipei (Sea World Aquarium - geschlossen 2000),Taiwan
10005049,Wanli (Yehliu Ocean World),Taiwan
10005050,Taichung (National Museum of Natural Science),Taiwan
10005051,Shoufeng (Farglory Ocean Park),Taiwan
10005052,Checheng (National Museum of Marine Biology and Aquarium),Taiwan
10005053,Singapore (Sentosa Butterfly Park & Insect Kingdom - geschlossen 2021),Singapur
10005055,Singapore (Butterfly Garden Terminal 3),Singapur
10005056,Singapore (The Live Turtle & Tortoise Museum - geschlossen 2025),Singapur
10005057,Singapore (Long Kuan Hung Crocodile Farm),Singapur
10005058,Singapore (Sentosa Animal and Bird Encounters - geschlossen),Singapur
10005060,Singapore (Sentosa Oceanarium - vormals: Sentosa Marine Life Park: S.E.A. Aquarium),Singapur
10005061,Singapore (Dolphin Island Sentosa),Singapur
10005062,Singapore (Marine Life Park: Adventure Cove Waterpark),Singapur
10005063,Christchurch (Orana Wildlife Park),Neuseeland
10005064,Baverstock (Hamilton Zoo),Neuseeland
10005065,Wellington (Zoo),Neuseeland
10005066,Christchurch (Willowbank Wildlife Reserve),Neuseeland
10005067,Waikato (Franklin Zoo & Wildlife Sanctuary – geschlossen 2012),Neuseeland
10005068,Queenstown (Kiwi Birdlife Park),Neuseeland
10005069,Dunedin (Botanic Garden),Neuseeland
10005071,Otorohanga (Kiwi House and Native Bird Park),Neuseeland
10005072,Aongatete (Katikati Bird Gardens),Neuseeland
10005073,Invercargill (Queens Park),Neuseeland
10005074,Timaru (Caroline Bay Aviary),Neuseeland
10005075,Ngongotahā Valley (Wingspan National Bird of Prey Centre),Neuseeland
10005076,Dunedin (Otago Museum),Neuseeland
10005077,Ti Point (Reptile Park),Neuseeland
10005078,Auckland (War Memorial Museum),Neuseeland
10005079,Palmerston North (Central Energy Trust Wildbase Recovery),Neuseeland
10005080,Whangārei (Zion Wildlife Gardens - geschlossen 2014),Neuseeland
10005081,Mount Bruce (Pukaha Mount Bruce National Wildlife Centre),Neuseeland
10005082,Wellington (Zealandia Ecosanctuary),Neuseeland
10005083,Hokitika (The National Kiwi Centre),Neuseeland
10005084,Nelson (Natureland Wildlife Trust),Neuseeland
10005085,Rotorua (Paradise Valley Springs),Neuseeland
10005086,Hurworth (Pouakai Zoo),Neuseeland
10005087,New Plymouth (Brooklands Zoo),Neuseeland
10005088,Levin (The Parrot Ranch),Neuseeland
10005089,Wellington (Nga Manu Nature Reserve),Neuseeland
10005090,Akatarawa Valley (Staglands Wildlife Reserve & Café),Neuseeland
10005091,Auckland (Butterfly Creek),Neuseeland
10005092,Queenstown (Frankton Zoological Gardens),Neuseeland
10005093,Hanmer Springs (Animal Farm Park),Neuseeland
10005094,Dunedin (New Zealand Marine Studies Centre / Portobello Aquarium),Neuseeland
10005095,Picton (EcoWorld Aquarium & Wildlife Rehabilitation Centre),Neuseeland
10005096,Auckland (Sea Life Kelly Tarltons),Neuseeland
10005097,Rangipo (Tongariro National Trout Centre),Neuseeland
10005098,Napier (National Aquarium of New Zealand),Neuseeland
10005099,Wellington (Island Bay Marine Education Centre-Bait House Aquarium),Neuseeland
10005100,Napier (Marineland of New Zealand – geschlossen 2008),Neuseeland
10005101,Christchurch (International Antarctic Centre),Neuseeland
10005102,Rotorua (Big Splash - Rainbow Springs Nature Park),Neuseeland
10005103,Invercargill (Southland Museum & Art Gallery),Neuseeland
10005105,Franz Josef / Waiau (West Coast Wildlife Centre),Neuseeland
10005106,Pukeuri (Landon Creek Bird Sanctuary & Gardens - geschlossen 2008),Neuseeland
10005107,Värnamo (Apladalen),Schweden
10005108,Saint-Barthélémy (Ferme de la Fondation CSC),Schweiz
10005109,Saint-Quentin (Parc D´Isle),Frankreich
10005110,Vestmannaeyjabær (Sea Life Trust Beluga Whale Sanctuary),Island
10005112,Tvååker (Varbergs Tropikarium),Schweden
10005113,"Diessen (Roofvogelpark ""Topvogel"")",Niederlande
10005114,Haderslev (Dyrehave),Dänemark
10005115,Kolding (Den Geografiske Have),Dänemark
10005116,Barry (Cardiff Zoo - geschlossen 1980),Vereinigtes Königreich
10005118,Himmelkron (Frankenfarm),Deutschland
10005119,Alt Schwerin (Schmetterlingsgarten - geschlossen 2009),Deutschland
10005120,Oberasbach-Altenberg/Fürth (Tierpark von der Gaststätte Zu den drei Bären - geschlossen 1950er),Deutschland
10005122,Altjeßnitz (Tiergehege im Irrgarten - geschlossen 2007),Deutschland
10005123,Artern/Unstrut (Kleintieranlage - geschlossen ca. 1998),Deutschland
10005124,Artern/Unstrut (Kleintiergehege am Freizeitzentrum),Deutschland
10005125,Augsburg (Hirschgraben - geschlossen 1860),Deutschland
10005126,Augsburg (Fugger-Menagerie - geschlossen 1580),Deutschland
10005127,Augsburg (Tierpark im Stadtgarten - geschlossen 1914),Deutschland
10005128,Aumühle (Wildgehege - geschlossen),Deutschland
10005129,Neustadt/Dosse-Babe (Haustierpark - geschlossen 2002),Deutschland
10005130,Altenberg (Schlangenwelt - geschlossen 2014),Deutschland
10005131,Bad Bentheim (Heimattiergarten Krabbe Zoo - geschlossen um 1955),Deutschland
10005132,Bad Dürrheim (Tierpark im Kurpark - geschlossen ca. 1994),Deutschland
10005133,Bad Ems (Tierpark auf dem Malberg des Berg-Terrassen-Cafés Hofmann - geschlossen ca. 1979),Deutschland
10005134,Bad Klosterlausnitz (Wildgehege und Jagdgatter - geschlossen ca. 1888),Deutschland
10005135,Bad Kreuznach (Tierpark der Gartenwirtschaft am Pförtchen - geschlossen),Deutschland
10005136,Bad Langensalza (Kleintierzoo an der Postbrücke - geschlossen),Deutschland
10005137,Bad Lippspringe (Privatzoo - geschlossen),Deutschland
10005138,Bad Neuenahr-Ahrweiler (Aquarium Scalare - geschlossen ca. 1975),Deutschland
10005139,Bad Neuenahr-Ahrweiler (Aquarium-Terrarium-Insektarium Scalare - geschlossen ca. 2005),Deutschland
10005140,Bad Sachsa (Wildpark Kuckanstal - geschlossen 1945),Deutschland
10005141,Bad Salzuflen (Greifvogelpark - geschlossen 1975),Deutschland
10005142,Bamberg (Bärenzwinger der Altenburg - geschlossen 1982),Deutschland
10005143,Seebad Bansin (Tropenhaus (alt) - geschlossen 1995),Deutschland
10005145,Beckum (Rote Erde - geschlossen),Deutschland
10005146,Beeskow-Krügersdorf (Bisonpark - geschlossen 2009),Deutschland
10005147,Berchtesgaden-Airing/Hammerau (Schlangenfarm - geschlossen 2003),Deutschland
10005148,Bergneustadt b. Gummersbach (Wildpark Silberg - geschlossen 1976),Deutschland
10005149,Berlin (Bärenzwinger an der Alten Schleuse (Kupfergraben) - geschlossen um 1550),Deutschland
10005150,Berlin (Fürstliche Tierhaltung im Tiergarten - geschlossen),Deutschland
10005151,Berlin (Botanischer Garten im Franziskanerkloster - geschlossen 1579),Deutschland
10005152,Berlin (Menagerie Vorwerk Ruhleben - geschlossen),Deutschland
10005153,Berlin (Menagerie am Neuen Marstall - geschlossen),Deutschland
10005154,Berlin (Garten Neu-Amerika - geschlossen),Deutschland
10005155,Berlin (Schmetterlingshaus im Britzer Garten - geschlossen 1998),Deutschland
10005156,Berlin (Fledermaus-Schau in der Zitadelle (Vereins Vespertilio)) - geschlossen 2003),Deutschland
10005157,Berlin (Aquarium & Museum der Gebr. Sasse - geschlossen 1880),Deutschland
10005159,Berlin (Bauernhof und Vivarium der Hagenbeckschule),Deutschland
10005160,Berlin (Streichelzoo Villa Schützenhof - geschlossen),Deutschland
10005161,Bersenbrück-Talge (Tierpark der Gaststätte Zum munteren Reh - geschlossen 1978),Deutschland
10005162,Biesenthal (Wildpark - geschlossen),Deutschland
10005163,Birresborn/Eifel (Wisent- und Hochwildpark - geschlossen),Deutschland
10005164,Bitterfeld-Wolfen (Tierpark - geschlossen),Deutschland
10005166,Bleckede (Aquarium im Elbtalhaus - geschlossen),Deutschland
10005167,"Böblingen (Wolfs-, Luchs- und Bärengraben - geschlossen 1790)",Deutschland
10005168,Bodenmais (Streichelzoo am Silberberg - geschlossen 2015),Deutschland
10005169,Bodenwerder (Tiergehege - geschlossen 1995),Deutschland
10005170,Bollberg (Tiergehege im Zeitzgrund - geschlossen),Deutschland
10005171,Bonn (Privater Tiergarten Dottenhof - geschlossen 1904),Deutschland
10005172,Boppard (Wildpark am Klostergut Jakobsberg - geschlossen),Deutschland
10005173,Borken (Vogelpark),Deutschland
10005174,Bottrop (Traumlandpark - geschlossen 1991),Deutschland
10005175,Braunschweig (Naturkundemuseum - geschlossen 1936),Deutschland
10005176,Braunschweig (Tierpark am Waggumer Weg - geschlossen 1966),Deutschland
10005177,Bremen (Tierkinderzoo im Bürgerpark - geschlossen 1939),Deutschland
10005178,Bremervörde (Privatzoo - geschlossen),Deutschland
10005179,Buchen (Lauenburg) (Wildgehege - geschlossen),Deutschland
10005180,Burg-Blumenthal (NABU-Naturerlebnispark Blumenthal - geschlossen 2018),Deutschland
10005181,Büsum (Tropenhaus - geschlossen 1997),Deutschland
10005182,Büsum (Aquarium der Biologischen Station - geschlossen 1966),Deutschland
10005183,Bützow (Kleinzoo - geschlossen),Deutschland
10005184,Bützow (Streichelzoo - geschlossen 2010),Deutschland
10005185,Chemnitz (Tiergarten Vergnügungslokal Scheibe - geschlossen 1916),Deutschland
10005186,"Chemnitz (Tiergehege am Hotel, Concert- und Ball-Etablissement Wiesenburg - geschlossen)",Deutschland
10005187,Coburg (Vogelpark Schloss Neuhof - geschlossen 1988),Deutschland
10005188,Coesfeld (Hochwildschutzpark Münsterland - geschlossen),Deutschland
10005189,Colditz (Fürstlicher Thiergarten - geschlossen),Deutschland
10005190,"Cunnertswalde (Wettinischer Jagd-, Reiter- und Falknerhof - geschlossen um 2005)",Deutschland
10005191,Cuxhaven (Heimatmuseum - geschlossen),Deutschland
10005192,Dannenfels (Wildgehege Gasthaus Donnersberger Waldhaus - geschlossen),Deutschland
10005193,Delmenhorst (Gasthaus Thiergarten - geschlossen),Deutschland
10005194,Delmenhorst (Exotfauna - vormals Heineckes Tierpark - geschlossen 1982),Deutschland
10005195,Dessau-Roßlau (Tierpark - geschlossen 1945),Deutschland
10005196,Döbeln (Kleinzoo BIOS-Garten - geschlossen),Deutschland
10005197,Döbeln (Heimattiergarten im Bürgergarten - geschlossen),Deutschland
10005198,Dortmund (Aquarium im Lunapark - geschlossen 1936),Deutschland
10005199,Dortmund (Ausflugslokal Funkenburg - um 1900),Deutschland
10005200,Dortmund (Terrarium im Tropenhaus Rombergpark - geschlossen ca. 1995),Deutschland
10005201,Dortmund (Thierpark Gasthaus Zum Thierpark - geschlossen 1902),Deutschland
10005202,Dortmund (Tierschau im Theater Kühn´scher Saal - geschlossen 1903),Deutschland
10005203,Dortmund (Wildpark Romberg - geschlossen 1945),Deutschland
10005204,Dresden (Skell´sche Aquarium - geschlossen 1914),Deutschland
10005205,Dresden (Hann´sche Aquarium - geschlossen 1900),Deutschland
10005206,Dresden (Bärenzwinger und Raubtierhaus auf der Elbbrücke - geschlossen),Deutschland
10005207,Eberbach (Vogelpark am Ohrsberg - geschlossen 2017),Deutschland
10005208,Ebersberg (Mini-Zoo - geschlossen 2003),Deutschland
10005209,Eberswalde (Wildpark Gaststätte Wasserfallpark - geschlossen 1945),Deutschland
10005210,Eichhorst (Wisentgehege Schorfheide - geschlossen 1945),Deutschland
10005211,Eisenach (Tiergarten am Wartenberg - geschlossen 1935),Deutschland
10005212,Eisenhüttenstadt (Streichelzoo des AWO Weidehof - geschlossen 2011),Deutschland
10005213,Elsterheide (Terra Nova Erlbeniswelt - geschlossen 2007),Deutschland
10005214,Enger (Reptilienzoo - geschlossen 2005),Deutschland
10005215,Erfurt (Hirschgarten - geschlossen),Deutschland
10005216,Erfurt (Tümpelgarten - Kleinzoo - geschlossen 1945),Deutschland
10005217,Erkner (Kinderbauernhof - geschlossen 2018),Deutschland
10005218,Essen (Vogelpark Stadtwald - geschlossen),Deutschland
10005219,Essen (Schauaquarium des Aquarienvereins - geschlossen),Deutschland
10005220,Essen (Heimat-Tierpark - geschlossen 1914),Deutschland
10005222,Essen (Thierpark Steele - geschlossen 1920),Deutschland
10005223,Festenburg/Harz (Wildgehege am Gasthaus Grüne Tanne - geschlossen),Deutschland
10005224,Fließem (Tropic Park - geschlossen 1994),Deutschland
10005225,Frankfurt/Main (Wildpark Stadtwald/Louisa - geschlossen 1975),Deutschland
10005226,Frankfurt/Main (Wildpark Niddaauen - geschlossen 1988),Deutschland
10005227,Frankfurt/Oder (Tiergehege im Kleistpark - geschlossen 1970),Deutschland
10005228,Frauenau (Falknerei Lindl - geschlossen 2010),Deutschland
10005229,Lindberg (Falknerei Schloss Ludwigsthal - geschlossen 2014),Deutschland
10005230,Freiburg/Breisgau (Tierpark in der Wiehre - geschlossen 1955),Deutschland
10005231,Freiburg/Breisgau (Kleintiergehege im Stadtgarten - geschlossen 1944),Deutschland
10005232,Friedrichshafen/Bodensee (Schauaquarium - geschlossen 1935),Deutschland
10005233,Friesenhagen (Wildgehege Schloss Crottdorf - geschlossen),Deutschland
10005234,Geilenkirchen (Tierpark Steinbusch-Bad - geschlossen),Deutschland
10005235,Gelsenkirchen (Thiergarten - geschlossen 1914),Deutschland
10005236,Gelsenkirchen (Wildgehege im Stadtpark - geschlossen 1945),Deutschland
10005237,Gelsenkirchen (Tiergarten am Junkerweg / Haus Leithe - geschlossen 1951),Deutschland
10005238,Gelsenkirchen (Gehege am Schloss Berge - geschlossen),Deutschland
10005239,Gelsenkrichen (Tiergehege im Gemeindepark Ueckendorf - geschlossen 1945),Deutschland
10005240,Gerabronn-Liebendorf (Zwergzebuzucht - geschlossen),Deutschland
10005241,Göhl (Gut Gaarz),Deutschland
10005242,Göttingen (Vogelpark - vormals Tierpark - geschlossen 1990),Deutschland
10005243,Gotha (Freilandaquarium - geschlossen 1944),Deutschland
10005244,Grimma (Bärenzwinger an der Gattersburg-Ruine - geschlossen 2002),Deutschland
10005245,Gronau (Händlertierpark/Tier- und Vogelpark - geschlossen),Deutschland
10005246,Groß-Bothen (Lamaranch - geschlossen 2005),Deutschland
10005247,Hagen (Wildgehege Stadtwald - geschlossen),Deutschland
10005248,Hagen (Wildgehege Fleyer Wald - geschlossen),Deutschland
10005249,Hagnau/Bodensee (Deutsches Bodensee-Aquarium - geschlossen),Deutschland
10005250,Hamburg (Seewasser-Schauaquarium - geschlossen 1935),Deutschland
10005251,Hamburg (Tierpark auf dem Schützenhof - geschlossen),Deutschland
10005252,Hamm (Tierpark Südenstadtpark - geschlossen 1944),Deutschland
10005253,Nordkirchen-Handorf (Wildpark Pröbsting - geschlossen),Deutschland
10005254,Hannover (Egestorffsches Aquarium - geschlossen 1885),Deutschland
10005255,Hannoversch Münden (Waldmärchenzoo - geschlossen 1979),Deutschland
10005256,Lathen (Naturpark Hilterberg - geschlossen 1994),Deutschland
10005257,Lathen (Erlebnis-Tierpark Hilterberg - geschlossen 2001),Deutschland
10005258,Heidenheim (Hirschpark am Schloss - geschlossen 1974),Deutschland
10005259,Heiligenhafen (Kleintierzoo - geschlossen),Deutschland
10005260,Helgoland (Aquarium an den Landungsbrücken - geschlossen),Deutschland
10005261,Helgoland (Aquarium der BAH - geschlossen 1945),Deutschland
10005262,Hemer (Streichelzoo der LAGA - geschlossen),Deutschland
10005263,Oldenburg (Tierpark Barkei - geschlossen),Deutschland
10005264,Herford-Herringhausen (Tierpark im Füllenbruch - geschlossen 1966),Deutschland
10005265,Herford-Hiddenhausen (Privater Tierpark am Schweichler Berg - geschlossen 1952),Deutschland
10005266,Herford-Hiddenhausen (Reptilienzoo OWL - geschlossen 2003),Deutschland
10005267,Heringsdorf (Wildpark - geschlossen 1933),Deutschland
10005268,Hesselbach (Wildgehege Gasthaus Zum grünen Baum - geschlossen),Deutschland
10005269,Hildesheim (Tiergarten an der Scharlacke - vormals Tierpark - geschlossen 1988),Deutschland
10005270,Hirschhorn (Tierpark Gasthaus Zum Naturalisten - geschlossen 1881),Deutschland
10005271,Hof/Westerwald (Tierpark - geschlossen),Deutschland
10005272,Hofheim am Taunus (Vogelpark - geschlossen),Deutschland
10005273,Homburg/Saar (Menagerie Schloss Karlsberg - geschlossen 1793),Deutschland
10005274,Horumersiel (Seehundstation - geschlossen),Deutschland
10005275,Hövelhof (Furlkrögers Hirschpark an der Henkensmühle - geschlossen),Deutschland
10005276,Hummelshain (Tiergarten am Neuen Jagdschloss - geschlossen 1908),Deutschland
10005277,Illertissen-Jedesheim (Kinderzoo - geschlossen),Deutschland
10005278,Immendingen (Wildpark am Jagdschloss Bachzimmern - geschlossen 1812),Deutschland
10005279,Jülich (Tierpark Kolfs Insel - geschlossen),Deutschland
10005280,Kalbe (Bärenzwinger Gasthof Zur feinen Sache - geschlossen 2005),Deutschland
10005281,Kallmerode (Tierpark - geschlossen 1959),Deutschland
10005282,Karnitz (Abenteuerland Rügen - geschlossen 2011),Deutschland
10005283,Karlsruhe (Schulvivarium Daxlanden - geschlossen 1944),Deutschland
10005284,Kassel (Menagerie am Schloss - geschlossen 1785),Deutschland
10005285,Kassel (Fürstlicher Tiergarten - geschlossen 1830),Deutschland
10005286,Kassel (Tierpark Parkrestaurant Karlsaue - geschlossen 1939),Deutschland
10005287,Kassel (1. Zoologischer Garten im Park Schönfeld - geschlossen 1898),Deutschland
10005288,Kassel (2. Zoologischer Garten im Park Schönfeld - geschlossen 1923),Deutschland
10005289,Kassel (Vogelpark im Park Schönfeld - geschlossen 1969),Deutschland
10005290,Kelbra (Streichelzoo am Strandbad - geschlossen 2009),Deutschland
10005291,Kell am See (Adler- und Falkenhof - geschlossen 2001),Deutschland
10005292,Kleinblittersdorf (Tierhändler-Tierpark - geschlossen),Deutschland
10005293,Koblenz (Märchenland-Tierpark - geschlossen 1984),Deutschland
10005294,Köln (Amazonas-Serpentarium - geschlossen 1975),Deutschland
10005295,Köln (Tiergarten am Gasthaus - geschlossen 1880),Deutschland
10005296,Köln (Aquarium in der Flora - geschlossen 1906),Deutschland
10005298,Königs Wusterhausen (Tiergehege am Jagdschloss - geschlossen),Deutschland
10005299,Konstanz (Fürstlicher Zoo - geschlossen),Deutschland
10005300,Köthen (Fasanerie - geschlossen),Deutschland
10005301,Darmstadt (Wildpark am Jagdschloss Kranichstein - geschlossen 1945),Deutschland
10005302,Darmstadt (Greifenwarte am Jagdschloss Kranichstein - geschlossen 1980),Deutschland
10005303,Krefeld (Tierschau Zoo - geschlossen 1914),Deutschland
10005304,Kühlungsborn (Tropenhaus - geschlossen),Deutschland
10005305,Kulpin (Wildgehege - geschlossen),Deutschland
10005306,Widcombe (Widcombe Bird Gardens - geschlossen 199?),Vereinigtes Königreich
10005307,Langenargen (Schauaquarium der Biologischen Station - geschlossen),Deutschland
10005308,Lembruch (Dümmer-Museum),Deutschland
10005309,Lenzen/Elbe (Naturlehrgarten - vormals Freilandschaugehege),Deutschland
10005310,Lenzkirch (Tiergehege Pension Haus Dorothea - geschlossen),Deutschland
10005311,Lichtenfels (Tierpark - geschlossen 1980),Deutschland
10005312,Lichtentanne (Bärenzwinger Burg Schönfels - geschlossen 2017),Deutschland
10005313,Löhne (Tierpark Katzenbusch - geschlossen 1970),Deutschland
10005314,Ratzeburg (Wildgehege Röpersberg - geschlossen),Deutschland
10005315,Lübeck (Tierpark am Sandberg - geschlossen 1952),Deutschland
10005316,Magdeburg (Museum für Naturkunde und Vorgeschichte - vormals Museum für Natur- und Heimatkunde - geschlossen 1945),Deutschland
10005317,Mainz (Tierpark Lustschloss Favorite - geschlossen 1793),Deutschland
10005318,Mainz (Tierpark am Palmenhaus - geschlossen 1945),Deutschland
10005319,Mainz (Wildpark am Waldrestaurant Krimm - geschlossen 1917),Deutschland
10005320,Hohenroda (Tierpark des Kleintierzuchtvereins Mansheim - geschlossen 1990),Deutschland
10005321,Hohenroda (Tierpark Mansbach - geschlossen 2014),Deutschland
10005322,Mannheim (Zoo - geschlossen 1935),Deutschland
10005323,Marburg (Tiergarten - geschlossen 1940),Deutschland
10005324,Marne (Vogelzoo - geschlossen),Deutschland
10005325,Marxheim (Erlebnishof Boschenmühle - geschlossen 2004),Deutschland
10005326,Mettmann (Wildgehege im Neandertal - geschlossen 1945),Deutschland
10005327,Lostau (Tiergehege der Lungenklinik - geschlossen 2010),Deutschland
10005328,Mülheim/Ruhr( (Aquarium der Aquarienfreunde - geschlossen 1967),Deutschland
10005329,München (Zoo in der Hirschau - geschlossen 1976),Deutschland
10005330,München (Aquarium am Färbergraben - geschlossen 1884),Deutschland
10005331,München (Vivarium des Barons Woltersdorf - geschlossen 1935),Deutschland
10005332,München (Seewasser-Aquarium - geschlossen 1935),Deutschland
10005333,München (Aquarium am Salvatorplatz - geschlossen 1932),Deutschland
10005334,Neukloster b. Wismar (Heimattiergarten - geschlossen 1969),Deutschland
10005335,Neustadt in Holstein (Ostseefalknerei - geschlossen 2007),Deutschland
10005336,Niedergörsheim (Streichelzoo am Flughafen - geschlossen 2004),Deutschland
10005337,Nordenham (Tiergarten - geschlossen),Deutschland
10005338,Northeim (Gehege - geschlossen),Deutschland
10005339,Nürnberg (Tiergarten Unterbürg - geschlossen 1911),Deutschland
10005340,Oberdorla (Wildgehege Im Stadtwald - geschlossen 2015),Deutschland
10005341,Oberleichtersbach (Privatzoo - geschlossen 1973),Deutschland
10005342,Oberhausen (Aquarium - geschlossen),Deutschland
10005343,Oberhausen-Rheinhausen (Vogelpark der Vogelfreunde - vormals Vogelpark der Vogelzunft - geschlossen 1973),Deutschland
10005344,Oberkirch (Tiergehege im Stadtgarten - geschlossen 2014),Deutschland
10005345,Oberstdorf/Allgäu (Reptilienzoo - geschlossen),Deutschland
10005346,Oberstdorf/Allgäu (Murmeltiergehege am Söllereck - geschlossen),Deutschland
10005347,Offenburg (Vivarium - geschlossen 1916),Deutschland
10005348,Offenburg (Vivarium - geschlossen 1936),Deutschland
10005349,Offenburg (Tiergehege am Gifizsee),Deutschland
10005350,Oppach (Streichelzoo - geschlossen 2015),Deutschland
10005351,Oranienburg (Menagerie im Schlosspark - geschlossen 1700),Deutschland
10005352,Osnabrück (Naturkundemuseum - geschlossen 1961),Deutschland
10005353,Paderborn (Tierpark - geschlossen 1961),Deutschland
10005354,Pappenheim (Gräfliche Falknerei Burg Pappenheim - geschlossen 2005),Deutschland
10005355,Parchim (Tierhaltung am Parkrestaurant - geschlossen 1945),Deutschland
10005356,Parchim (Wildgehege am Forstgarten Kiekindemark),Deutschland
10005357,Parchim (Tiergehege Markower Mühle - geschlossen 2012),Deutschland
10005358,Pforzheim (Wildgehege im Stadtpark - geschlossen),Deutschland
10005359,Pforzheim (Zoologischer Garten am Rachel - geschlossen 1914),Deutschland
10005360,Plau-Appelburg (Pelztierzoo - geschlossen),Deutschland
10005361,Plauen-Moltzmühle (Tierpark an der Ausflugsgaststätte - geschlossen),Deutschland
10005362,Plön (Schauaquarium der Hydrobiologischen Anstalt - geschlossen),Deutschland
10005363,Potsdam (Fasanerie - geschlossen 1713),Deutschland
10005364,Prenzlau (Mini-Zoo am Unterucker See - geschlossen 2000),Deutschland
10005365,Ranis (Bärenzwinger auf der Burg - geschlossen),Deutschland
10005367,Recklinghausen (Tierpark im Stadtgarten - geschlossen 1920),Deutschland
10005368,Dessau-Roßlau (Tiergehege - geschlossen 1960er),Deutschland
10005369,Rostock (Fohlenhof Bistow - geschlossen 2006),Deutschland
10005370,Klütz (Schmetterlingswelt),Deutschland
10005371,Rupolding (Märchenwald - Tierhaltung geschlossen),Deutschland
10005372,Rust (Europa-Park - Tierhaltung seit 1992 geschlossen),Deutschland
10005373,Sayda (Tiergarten - geschlossen 2002),Deutschland
10005374,Saarbrücken (Zoo - geschlossen 1939),Deutschland
10005375,Saarbrücken (Tierpark am Eschberg - geschlossen),Deutschland
10005376,Schleswig (Tiergarten am Schloss Gottorf - geschlossen 1700),Deutschland
10005377,Schleswig (Tierpark Café Eden - geschlossen),Deutschland
10005378,Schneverdingen (Haustierrassenpark Meyerhof - geschlossen),Deutschland
10005379,Schönbach/Westerwald (Tiergehege am Gasthof Zur Mühle - geschlossen),Deutschland
10005380,Schwarmstedt (Heimatzoo - geschlossen),Deutschland
10005381,Schwarzenberg/Erzgebirge (Tierpark am Schloss - geschlossen),Deutschland
10005382,Schwerin (Jungleworld - geschlossen),Deutschland
10005383,Seedorf am Schaalsee (Streichelzoo - geschlossen),Deutschland
10005384,Sehmatal (Wildpark - geschlossen 2004),Deutschland
10005385,Siegen (Damwildgehege im Erlebniswald Historischer Tiergarten),Deutschland
10005386,Silberborn/Solling (Greifvogelpark - geschlossen 1975),Deutschland
10005387,Solingen (Vogelschutzpark Ittertal - geschlossen 1944),Deutschland
10005388,Sonnenbühl (Traumland auf der Bärenhöhle - Tierhaltung beendet),Deutschland
10005389,Spiekeroog (Seewasser-Aquarium in der Hermann-Lietz-Schule - geschlossen),Deutschland
10005390,Stadland (Arche-Hof Thoelen - geschlossen 2012),Deutschland
10005391,Bad Sachsa (Wildpark Waldschänke Steinatal - geschlossen),Deutschland
10005392,Wunstorf (Steinhuder Meer Aquarium - geschlossen),Deutschland
10005393,Steinfurt (Tiergarten des Bagno - geschlossen),Deutschland
10005394,Stendal (Tierpark - geschlossen 1944),Deutschland
10005395,Stralsund (Hirschgarten auf der Küter-Bastion - geschlossen 1944),Deutschland
10005396,Stralsund (Fasanerie auf der Küter-Bastion - geschlossen 1989),Deutschland
10005397,Stuttgart (Menagerie/Königlicher Zoo - geschlossen 1817),Deutschland
10005398,Stuttgart (Gustav Friedrichs Werners Tierpark - geschlossen 1870),Deutschland
10005399,Stuttgart (Tierpark Lokal Schwanen - geschlossen 1874),Deutschland
10005400,Stuttgart (Tierpark an der Doggenburg - geschlossen 1942),Deutschland
10005401,Sundern-Amecke (Wildpark am Sorpe-Stausee - geschlossen 1980),Deutschland
10005402,Rottach-Egern (Adlerhorst Rottach - geschlossen 1995),Deutschland
10005403,Thräna (Wildgehege),Deutschland
10005404,Timmendorfer Strand (Aquarium - geschlossen 1996),Deutschland
10005405,Torfhaus/Harz (Greifvogelwarte - geschlossen),Deutschland
10005406,Trier (Zoo und Schultierschau - geschlossen),Deutschland
10005407,Trittau (Wildpark Karnaphof - geschlossen),Deutschland
10005408,Tübingen (Tiergehege am Ausflugslokal Schwärzloch - geschlossen),Deutschland
10005409,Tübingen (Tierpark am Hauptbahnhof - geschlossen 1955),Deutschland
10005410,Ulm (Tierpark - geschlossen 1944),Deutschland
10005411,Ulm (Aquarium - geschlossen 1961),Deutschland
10005412,Ulm (Bärenzwinger - geschlossen),Deutschland
10005413,Ulm (Bärengehege am Fort Friedrichaus - geschlossen 2003),Deutschland
10005414,Ulm (Gehege an der Wirtschaft zum Donauthal - geschlossen),Deutschland
10005415,Unterlüß (Wildgehege - geschlossen),Deutschland
10005416,Unteruhldingen (Reptilienhaus - geschlossen 1993),Deutschland
10005417,Sipplingen (Reptilienhaus - geschlossen 2003),Deutschland
10005418,Rosche (Tierpark Gasthaus zur Guten Quelle - geschlossen),Deutschland
10005419,Viersen (Aquarium in der Festhalle - geschlossen),Deutschland
10005420,Viersen (Tierpark - geschlossen 1944),Deutschland
10005421,Villingen-Schwenningen (Familienpark - geschlossen 2005),Deutschland
10005422,Visselhövede-Drögenbostel (Seepferdchen-Aquarium - geschlossen 2016),Deutschland
10005423,Vrees (Wildpark Eleonorenwald - geschlossen 2016),Deutschland
10005424,Volsemenhusen (Archehof Naturhof Paßau - geschlossen 2012),Deutschland
10005425,Wachstedt (Falknerei Burg Gleichenstein - geschlossen 2005),Deutschland
10005426,Waldenburg (Tierpark Gasthaus Oberwinkel - geschlossen),Deutschland
10005427,Waldbrunn-Waldkatzenbach (Wildschweingehege am Postkatzenstein),Deutschland
10005428,Herne (Flora - geschlossen 1944),Deutschland
10005429,Weitnau (Freizeitpark Miniaturpark Allgäu - geschlossen 2005),Deutschland
10005430,Westerland (Nordseeaquarium - geschlossen 1995),Deutschland
10005431,Weimar (Freilandaquarium - geschlossen 1935),Deutschland
10005432,Weimar (Tiergehege der Station junger Naturforscher - geschlossen 2003),Deutschland
10005434,Wentorf bei Hamburg (Wildgehege am Lokal Jägersbronnen - geschlossen),Deutschland
10005435,Westerburg (Tier- und Märchenpark - geschlossen 1986),Deutschland
10005436,Westerrade (Wildgehege - geschlossen),Deutschland
10005437,Wiesbaden (Landesmuseum - Tierhaltung geschlossen),Deutschland
10005438,Wiesloch (Wildpark Gerbersruhwald - geschlossen),Deutschland
10005439,Wilsede (Hillmershof),Deutschland
10005440,Wismar (Gehege im Lindengarten - geschlossen 1969),Deutschland
10005441,Wismar (Heimattierpark im Köppernitztal - geschlossen 1978),Deutschland
10005442,Wietzendorf-Meinholz (Tierpark - geschlossen),Deutschland
10005443,Wittenberge (Zoologischer Garten - geschlossen),Deutschland
10005444,Wittenberge (Kleintierzoo am Restaurant Bürgergarten - geschlossen 1976),Deutschland
10005445,Witzeeze (Privatzoo von Gasthaus - geschlossen),Deutschland
10005446,Witzenhausen (Erlebnispark - vormals Waldmärchenzoo/Adler- Raubtier-Wildgehege - geschlossen 2019),Deutschland
10005447,Witzenhausen (Nadermann Erlebnispark Ziegenhagen),Deutschland
10005448,Wuppertal (Schauaquarium des Biolog. Vereins für Aquarien- und Terrarienkunde Iris - geschlossen),Deutschland
10005449,Wuppertal (Mömbacher-Tierpark der Gaststätte Zum Grünen Baum - geschlossen),Deutschland
10005450,Wuppertal (Fuhlrott-Museum - geschlossen),Deutschland
10005451,Wyk (Aquarium - geschlossen),Deutschland
10005452,Zarrentin am Schaalsee (Wasserwelt Schaalsee - geschlossen 2002),Deutschland
10005453,Zeitz (Heimattiergartem im Kulturpark - geschlossen 2003),Deutschland
10005454,Zeitz (Minizoo LAGA/Schlosspark - geschlossen),Deutschland
10005455,Reinfeld (Fasanerie),Deutschland
10005456,Bad Wildbad (Kurpark),Deutschland
10005457,Piešťany (Eko Park),Slowakei
10005458,Cases-de-Pêne (EcoZonia - Parc Animalier),Frankreich
10005459,Haringsee (Eulen- und Greifvogelstation),Österreich
10005460,Unterlamm (Franziskus Tier-Erlebnisbauernhof - geschlossen 2026),Österreich
10005461,Waidhofen an der Thaya (Waldrappvoliere),Österreich
10005462,Kleinwetzdorf (Aigners Falkenhof Heldenberg),Österreich
10005463,Fernitz (Tierpark-Reiterhof Aumühle - geschlossen 2020),Österreich
10005464,Klagenfurt (Prechtls Bären-Zoo - geschlossen 1984),Österreich
10005465,Hardegg (Wildkatzengehege im Nationalparkhaus Thayatal),Österreich
10005466,Brabrand (Naturcenter Solyst),Dänemark
10005467,Bronderslev (Dadyrene i Bronderslev),Dänemark
10005468,Gjerndrup (Enghave Dyre- og Naturpark),Dänemark
10005469,Lundo (Aeblehaven),Dänemark
10005470,Nyborg (Strandvænget Park),Dänemark
10005471,Otterup (Andedam),Dänemark
10005472,Großglobnitz (Kinderparadies Wirtshaus zur Minidampfbahn),Österreich
10005473,Singapore (Jurong Reptile Park - geschlossen 2006),Singapur
10005475,Singapore (Van Kleef Aquarium - geschlossen 1991),Singapur
10005476,Singapore (Underwater World - geschlossen 2016),Singapur
10005477,Llanarthne (British Bird of Prey Centre),Vereinigtes Königreich
10005478,Zakopane (Tatrzanski Park Edukacyjny),Polen
10005479,Muchedent (Reve de Bisons),Frankreich
10005480,Bad Gandersheim (Wildgehege Bergkurpark),Deutschland
10005481,Alt Schwerin (Agroneum),Deutschland
10005482,Bad Nauheim (Greifvogellehrpark Am Goldstein),Deutschland
10005483,Ringsheim (Tiergehege Kahlenberg),Deutschland
10005484,Rust (Falkenhof im Naturzentrum Rheinauen),Deutschland
10005485,Lescar (Exotic Park),Frankreich
10005486,Magdeburg (Museum für Naturkunde),Deutschland
10005487,Langenthal (Aquarium),Schweiz
10005488,Bad Bodenteich (Nutztiersafari),Deutschland
10005489,Vintrosa (Hallagårdens Djurpark),Schweden
10005490,Berrow (Animal Farm Adventure Park),Vereinigtes Königreich
10005491,Sivyakovo (Filin Park Zoo),Russland
10005492,Clough (Mountpanther Farm Park),Vereinigtes Königreich
10005493,Portadown (C&Js Animal Park),Vereinigtes Königreich
10005494,Solingen (Freizeitpark Ittertal - geschlossen 2018),Deutschland
10005495,Euskirchen (Therme),Deutschland
10005496,South Woodham Ferrers (Call of the Wild Zoo),Vereinigtes Königreich
10005497,Helsingborg (Fredriksdals museer och trädgårdar),Schweden
10005498,Whangārei (Kamo Wildlife Sanctuary),Neuseeland
10005499,Wasit (Wetlands centre),Vereinigte Arabische Emirate
10005500,Sharjah (Safari Park),Vereinigte Arabische Emirate
10005501,Al Hefaiyah (Mountain Conservation Centre),Vereinigte Arabische Emirate
10005502,Khor Kalba (Mangrove centre),Vereinigte Arabische Emirate
10005503,Kalba (Bird of Prey centre),Vereinigte Arabische Emirate
10005504,Dubai (The Green Planet),Vereinigte Arabische Emirate
10005505,Abu Dhabi (National Aquarium),Vereinigte Arabische Emirate
10005506,Bielefeld (Wildgehege Fliednerweg),Deutschland
10005507,Collevalenza (Leo Wild Park),Italien
10005508,Saint-Vrain (Parc de Saint-Vrain - geschlossen 1999),Frankreich
10005509,Toftlund (PapegøjeLand),Dänemark
10005510,Nørre Nebel (Dyrehave Engholm),Dänemark
10005511,Glasgow (Scottish Zoo - geschlossen 1909),Vereinigtes Königreich
10005512,Kamovci (Zoo Park),Slowenien
10005513,Padirac (Padiparc),Frankreich
10005514,Filskov (Dyrenes Verden Filskov),Dänemark
10005515,Pudagla (Papageienhaus Gullivers Welt),Deutschland
10005516,Mellenthin (Usedoms botanischer Garten),Deutschland
10005517,Spangsbro (Loch Ness),Dänemark
10005518,Vodskov (Nymarksminde Farmpark),Dänemark
10005519,Klokkerholm (Klokkerholm Dyrepark),Dänemark
10005520,Vestbjerg (Skovdyrhaven),Dänemark
10005521,Klithuse (Klithusegarden Skallerup),Dänemark
10005522,"Fogstrup (Silkeborg Ornereservat, Rovfugleshow og Bisonfarm)",Dänemark
10005523,Gavnø (Sommerfugleland),Dänemark
10005524,Ishoj (Dyrepark),Dänemark
10005525,Lejre (Sagnlandet Lejre),Dänemark
10005527,Tulstrup (Monkey World),Dänemark
10005528,Tagerup (Birkegardens Haver),Dänemark
10005529,Kolding (Hansenberg Zoo),Dänemark
10005530,Nøddelund (Dyrebakken),Dänemark
10005531,Byrum (Læsø antik & retro),Dänemark
10005532,Smidstrup (Smidstrup Farmen),Dänemark
10005533,Melle (Tiergehege Grönenbergpark),Deutschland
10005534,Berlin (Botanischer Garten),Deutschland
10005535,Kyjiw (WHITE ROCK Bear Shelter - geschlossen 2022),Ukraine
10005536,Buchen-Eberstadt (Grammlichs Tierpark),Deutschland
10005537,Ruhner Berge (Alpaka und Lama Ranch),Deutschland
10005538,Frutigen (Tropenhaus Frutigen - geschlossen 2024),Schweiz
10005539,Müncheberg (Willes Welt),Deutschland
10005540,Chaux-Neuve (Parc Polaire),Frankreich
10005541,Conwy (Conwy Water Gardens),Vereinigtes Königreich
10005542,Olmeta-di-Tuda (Corsica Zoo),Frankreich
10005543,Watford (Cassiobury Farm & Fishery - geschlossen 2025),Vereinigtes Königreich
10005544,Saint-Malo (Micro Zoo),Frankreich
10005545,Enfield (Forty Hall Farm),Vereinigtes Königreich
10005546,Christchurch (North Brighton Zoo - geschlossen 1996),Neuseeland
10005547,Moana (Zoo - geschlossen 2000),Neuseeland
10005548,Timaru (Hadlow Game Park - geschlossen 1986),Neuseeland
10005549,Blenheim (Marlborough Zoo - geschlossen ca. 1985),Neuseeland
10005550,Dunedin (Penguin Place),Neuseeland
10005552,Palmerston North (Victoria Esplanade Volieren),Neuseeland
10005553,Te Anau (Bird Sanctuary & Wildlife Center),Neuseeland
10005554,Kaimarama (Mill Creek Bird Park & Animal Encounters),Neuseeland
10005555,"Whangārei (Kiwi North - Kiwi House, Museum & Heritage Park)",Neuseeland
10005556,Masterton (Queen Elizabeth Park Aviary),Neuseeland
10005557,Groombridge (UK Owl and Raptor Centre),Vereinigtes Königreich
10005558,St. Peter-Ording (Nationalparkhaus),Deutschland
10005559,Kiel (Tiergehege Hammer),Deutschland
10005560,Kirkcaldy (Elite Falconry),Vereinigtes Königreich
10005561,Bideford (Zoo - geschlossen 1970),Vereinigtes Königreich
10005562,Balloch (Loch Lomond Bear Park - geschlossen 1980er Jahre),Vereinigtes Königreich
10005563,Katowice (Papugarnia Carmen),Polen
10005564,Dörentrup-Schwelentrup (Sikawildgehege Försterweg),Deutschland
10005565,Great Yarmouth (Fritton Owl Sanctuary),Vereinigtes Königreich
10005566,Bolton (Smithills Open Farm),Vereinigtes Königreich
10005567,Hailsham (Knockhatch Adventure Park),Vereinigtes Königreich
10005568,Norwich (Pettitts Animal Adventure Park),Vereinigtes Königreich
10005569,Dudley (Brockswood Animal Sanctuary),Vereinigtes Königreich
10005570,Deeside (Greenacres Animal Park),Vereinigtes Königreich
10005571,Aviemore (Cairngorm Reindeer Centre),Vereinigtes Königreich
10005572,Cullompton (Yarak Birds of Prey),Vereinigtes Königreich
10005573,Weston-super-Mare (Puxton Park),Vereinigtes Königreich
10005574,Berwick-upon-Tweed (Andy Howey Birds of Prey),Vereinigtes Königreich
10005575,Richmond (Mainsgill Farm Shop),Vereinigtes Königreich
10005576,Ayr (Heads Of Ayr Farm Park),Vereinigtes Königreich
10005577,Preston (Turbary Woods Owl and Bird of Prey Sanctuary),Vereinigtes Königreich
10005578,Haughton (The Owl Sanctuary),Vereinigtes Königreich
10005579,Kingsley (Kingsley Bird & Falconry Centre),Vereinigtes Königreich
10005580,Glasgow (Strathblane Falconry),Vereinigtes Königreich
10005581,Houghton-le-Spring (Down At The Farm),Vereinigtes Königreich
10005582,Swansea (Gower Fresh Christmas Trees Farm),Vereinigtes Königreich
10005583,Stourport-on-Severn (Little Owl Farm Park),Vereinigtes Königreich
10005584,Bělá pod Bezdězem (Minizoo Vrchbělá),Tschechien
10005585,Bezděz (Zookoutek Bezděz – Dvůr),Tschechien
10005586,Baar (Tierpark Jöchler),Schweiz
10005587,Berlin-Lübars (Alte Fasanarie und Hof – geschlossen 2021),Deutschland
10005588,Rheinmünster (Kamel & Straußenfarm),Deutschland
10005589,Linkenheim-Hochstetten (Tiergehege),Deutschland
10005590,Frankenthal (Tiergehege),Deutschland
10005591,Bad Säckingen (Voliere),Deutschland
10005592,Miltenberg (Voliere im Stadtpark),Deutschland
10005593,Hennef (Wildgehege),Deutschland
10005594,St. Augustin (Schreiber Ranch),Deutschland
10005595,Bochum (Tiergehege im Südpark),Deutschland
10005596,Neubrandenburg (Tierhof),Deutschland
10005597,Plau am See (Streichelzoo Heidenholz),Deutschland
10005598,Liverpool (World Museum),Vereinigtes Königreich
10005599,Reith im Alpbach (Kinderpark),Österreich
10005602,Schwackendorf (BARFUSSpark),Deutschland
10005603,Glasgow (Queens Park Mini Zoo),vereinigtes Königreich
10005604,Andover (Finkley Down Farm),Vereinigtes Königreich
10005605,Ryde (Haven Falconry Bird of Prey Centre),Vereinigtes Königreich
10005606,Yarmouth (Tapnell Farm Park),Vereinigtes Königreich
10005607,Dorum-Neufeld (Nationalpark-Haus Wurster Nordseeküste),Deutschland
10005608,Pudsey (West Leeds Country Park Visitors Centre – geschlossen 2021),Vereinigtes Königreich
10005609,Heacham (Norfolk Lavender),Vereinigtes Königreich
10005610,Vendryně (Minizoo),Tschechien
10005611,Dorchester (Xtreme Falconry at Dorset Falconry Park),Vereinigtes Königreich
10005612,Rendall (Fernvalley Wildlife Centre),Vereinigtes Königreich
10005613,Ansley (Hoar Park Farm),Vereinigtes Königreich
10005614,Utrecht (Botanische Tuinen Universiteit Utrecht),Niederlande
10005615,Acton Bridge (Vale Royal Falconry Centre),Vereinigtes Königreich
10005616,Southampton (Manor Farm),Vereinigtes Königreich
10005617,Melton (Twinlakes Park),Vereinigtes Königreich
10005618,Exeter (Greendale Farm Shop),Vereinigtes Königreich
10005619,Norwich (Roarr! Dinosaur Adventure),Vereinigtes Königreich
10005620,Ochsenhausen-Mittelbuch (Tierhof),Deutschland
10005621,Berlin-Marzahn (Tierhof),Deutschland
10005622,Berlin-Hellersdorf (Helle Tierarche),Deutschland
10005624,Leipzig (Voliere KGV Seilbahn),Deutschland
10005625,Bad Schussenried (Kamelhof Haller),Deutschland
10005626,Teuchern-Obernessa (Wildgehege),Deutschland
10005627,Wustermark-Elstal (Karls Erlebnis-Dorf),Deutschland
10005628,Koserow (Karls Erlebnis-Dorf),Deutschland
10005629,Buus (Tiergehege Restaurant Waldgrotte),Schweiz
10005630,Basel (REHAB Therapie-Tiergarten),Schweiz
10005631,Solothurn (Vivarium im Naturmuseum),Schweiz
10005632,Sursee (Kleintieranlage Martinsgrund),Schweiz
10005633,Reinach (Vogelpark Äntliweiher),Schweiz
10005634,Aarau (Voliere Erholungspark Inseli),Schweiz
10005635,Niederwil-Gnadenthal (Tierpark Reusspark),Schweiz
10005637,Bülach (Tiergehege am Stadtweiher),Schweiz
10005638,Enfield (Capel Manor Gardens),Vereinigtes Königreich
10005639,Chartres (La Tanière - Zoo refuge),Frankreich
10005640,Galati (Botanischer Garten),Rumänien
10005641,Extertal (Ferienpark Buschhof),Deutschland
10005642,Wennerstorf (Museumsbauernhof),Deutschland
10005643,Panketal (Holland-Park),Deutschland
10005644,Praha (Botanická zahrada Přírodovědecké fakulty),Tschechien
10005645,Totnes (Totnes Rare Breeds Farm),Vereinigtes Königreich
10005646,Auning (Det Gronne Museum),Dänemark
10005647,Bath (West of England Falconry),Vereinigtes Königreich
10005648,Skegness (Dolphinarium - geschlossen 1975),Vereinigtes Königreich
10005650,Portsmouth (Southsea Dolphinarium - 1973),Vereinigtes Königreich
10005651,Blackpool (Dolphinarium - geschlossen 1969),Vereinigtes Königreich
10005652,Zia (Natural Park),Griechenland
10005653,Nebra (Tiergehege Waldschlösschen),Deutschland
10005654,Oederan (Tiergehege am Goldenen Stern),Deutschland
10005655,Oederan (Wildgehege Breitenau),Deutschland
10005656,Bodman (Bisongehege Hofgut Bodenwald),Deutschland
10005657,Waldenburg (Vogelvilla),Deutschland
10005658,Erfurt (Tiergehege am Waldhaus),Deutschland
10005659,Erfurt (Streichelgehege im Kressepark),Deutschland
10005660,Apolda (Tiergehege am Naturspielplatz),Deutschland
10005661,Hamburg-Lohbrügge (Vogelhaus Grünes Zentrum),Deutschland
10005662,Meßkirch (Tiergehege Campus Galli),Deutschland
10005663,Immenstadt im Allgäu (Tiergehege Abenteuer Alpe),Deutschland
10005664,Kremmen-Hohenbruch (Wildtierpark Hohenbruch),Deutschland
10005665,Neukirchen (Natur- und Freizeitpark Edelwies),Deutschland
10005666,Split (Hrvatski Pomorski Muzej),Kroatien
10005667,Weyregg am Attersee (Aquarium),Österreich
10005668,Cervar (Papago Park),Kroatien
10005669,Paris (Centre de la Mer et des Eaux – geschlossen 2010),Frankreich
10005670,Vildbjerg (Reptilhuset),Dänemark
10005671,Riedberg (Wildzucht Schweiberer),Österreich
10005672,Kaltenbach (Murmelland Zillertal),Österreich
10005673,Lienz (Streichelzoo Moos-Alm),Österreich
10005674,Vomperbach (Dschungelhaus / Die Welt der Schmetterlinge - geschlossen 2018),Österreich
10005675,Armavir (Zoo),Armenien
10005676,Ungersheim (Écomusée dAlsace),Frankreich
10005677,Liege (Jardin d´Acclimatation - geschlossen),Belgien
10005678,Huy-Liege (Le Petit Parc),Belgien
10005679,Manhay-Dochamps (Safari Parc - geschlossen 1980),Belgien
10005680,Sankt Margarethen im Lungau (Wildpark Almdorf Lungau),Österreich
10005681,Wielitsch (Bärenhof Berghausen),Österreich
10005682,Purkersdorf (Naturpark Purkersdorf),Österreich
10005683,Deutschkreutz (Tiergehege beim Schloss Deutschkreutz),Österreich
10005684,Schwarzau im Gebirge (Naturpark),Österreich
10005685,Wien (Biber- und Hirschgehege Lobau),Österreich
10005686,Bucheben (Alpenwildgehege),Österreich
10005687,Fallenstein (Wildgehege Fallensteinergut),Österreich
10005688,Sankt Leonhard im Pitztal (Tiroler Steinbockzentrum),Österreich
10005689,Kettering (Wicksteed Park),Vereinigtes Königreich
10005690,Emmen (Rensenpark),Niederlande
10005691,Solingen (Botanischer Garten),Deutschland
10005692,Ashford (South of England Rare Breeds Centre),Vereinigtes Königreich
10005693,Haddenham (Tiggywinkles Visitor Centre),Vereinigtes Königreich
10005694,Sandhurst (Trilakes Country Park),Vereinigtes Königreich
10005695,Exmouth (World of Country Life),Vereinigtes Königreich
10005696,Thirsk (Monk Park Farm Visitor Attraction),Vereinigtes Königreich
10005697,Havant (Staunton Farm),Vereinigtes Königreich
10005698,Kirkby (Acorn Farm),Vereinigtes Königreich
10005699,London (Clissold Park Deer),Vereinigtes Königreich
10005700,Hassocks (Washbrooks Family Farm),Vereinigtes Königreich
10005701,Schönberg am Kamp (Straußenland),Österreich
10005702,Auland (Wildtierpark Gschwandtkopf),Österreich
10005703,Umhausen (Greifvogelpark),Österreich
10005704,Nagykőrös (Safari Park Richter),Ungarn
10005705,Töltéstava (Kimba Elefant Park),Ungarn
10005706,Middlesbrough (Newham Grange Country Farm),Vereinigtes Königreich
10005707,Newark (Robin Hoods Wheelgate Park),Vereinigtes Königreich
10005708,Banwell (Court Farm Country Park),Vereinigtes Königreich
10005709,Sheffield (Mayfield Alpacas Farm & Animal Sanctuary),Vereinigtes Königreich
10005710,Northampton (Castle Ashby Gardens),Vereinigtes Königreich
10005711,Newton Abbot (Dartmoors Miniature Pony & Animal Farm - geschlossen),Vereinigtes Königreich
10005712,Godstone (Godstone Farm),Vereinigtes Königreich
10005713,Dorchester (Kingston Maurward Animal Park and Gardens),Vereinigtes Königreich
10005714,Portland (Fancys Farm),Vereinigtes Königreich
10005715,Ormskirk (Farmer Teds Adventure Farm),Vereinigtes Königreich
10005716,Ormskirk (Windmill Animal Farm),Vereinigtes Königreich
10005717,Jakutsk (Yakut Zoo Orto Doidu),Russland
10005718,"Penycae (Pennycae Inn Restaurant, Gallery & Zoo)",Vereinigtes Königreich
10005719,Brecon (Cantref Adventure Farm),Vereinigtes Königreich
10005720,London (Bushy Park),Vereinigtes Königreich
10005721,Kosta (Safaripark),Schweden
10005722,Särna (Älgpark & Huskyfarm),Schweden
10005723,Bjurholm (Älgens Hus),Schweden
10005724,Luleå (Cape Wild),Schweden
10005725,Eksjö (Skullaryd Älgpark),Schweden
10005726,Nybro (Glasrikets Älgpark),Schweden
10005727,Falköping (Mössebergs Djurpark),Schweden
10005728,Roskilde (Oplevelseshavn),Dänemark
10005729,Husum (Nationalpark-Haus),Deutschland
10005730,Zámoly (Zámolyi Madárpark),Ungarn
10005731,Istanbul (Dolphinarium),Türkei
10005732,Genk (LABIOMISTA),Belgien
10005733,Wolhusen (Tropenhaus),Schweiz
10005734,Huttwil (Archehof der Spycher-Handwerk AG),Schweiz
10005736,Bury St Edmunds (Bury St Edmunds Abbey),Vereinigtes Königreich
10005737,Oradea (Vivariul Muzeului Tării Crisurilor),Rumänien
10005738,Madaras (Minizoo Motel Millenium),Rumänien
10005739,Stanley (Zoo - geschlossen ca. 1970),Vereinigtes Königreich
10005740,Hudiksvall (Lillfjärdens fågelreservat - geschlossen),Schweden
10005741,Le Landeron (Domaine de Bel-Air),Schweiz
10005742,Vejen (Anlæg),Dänemark
10005743,Bucuresti (Muzeul Național de Istorie Naturală Grigore Antipa),Rumänien
10005751,Dobron (Dobronianka Minizoo),Polen
10005752,Ottenhöfen (Basgarde Hof),Deutschland
10005753,Bled (Magical Beasts Minizoo - geschlossen 2025),Slowenien
10005754,La Wanzenau (Parc Animalier S.R.P.O.),Frankreich
10005756,Illkirch-Graffenstaden (Parc Animalier Friedel),Frankreich
10005757,Vresina (Skalka Family Park),Tschechien
10005758,Amt Neuhaus (Max Arche-Park - geschlossen),Deutschland
10005759,Wien (Seewasseraquarium am Michaelerplatz - geschlossen 1864),Österreich
10005760,Donnersbachwald (Wildpark - geschlossen),Österreich
10005761,Ingelstad (Djurpark),Schweden
10005762,Bobingen (Reptilienfarm),Deutschland
10005763,Weiden in der Oberpfalz (Vogelhäuser Max-Reger-Anlage),Deutschland
10005764,Breitenbrunn-Rittersgrün (Tiergehege am Sonneberg),Deutschland
10005765,Hilpoltstein (Erlebnisbauernhof Auhof),Deutschland
10005766,Pleinfeld-Stirn (Tiergehege Kleehof Stirn),Deutschland
10005767,Ober-Olm (Zoo De Luca),Deutschland
10005768,Moers (Tiergehege im Freizeitpark Moers),Deutschland
10005769,Willich-Schiefbahn (Tierpark Diepeshof),Deutschland
10005770,Gräddö (Samstorps Gård),Schweden
10005771,Salzwedel (Tierpark am Jeetzeufer),Deutschland
10005772,Lopej (Farma Dolinka),Slowakei
10005774,Travemünde (Ostseestation),Deutschland
10005775,Bispingen (Center Parcs Bispinger Heide),Deutschland
10005776,London (Get To know Animals),Vereinigtes Königreich
10005777,Lussas (Parc animalier de Lussas),Frankreich
10005778,Leiden (Hortus Botanicus),Niederlande
10005779,Westport (Zoo Park - geschlossen),Irland
10005780,Trentham (Trentham Estate),Vereinigtes Königreich
10005781,Medebach (Falknerei im Sauerland),Deutschland
10005782,Kulltorp (High Chaparral),Schweden
10005783,Nehvizdy (Zoopark),Tschechien
10005785,Abu Dhabi (Sea World),Vereinigte Arabische Emirate
10005786,Singapore (Bird Paradise),Singapur
10005787,Novocheboksarsk (Zoopark),Russland
10005788,Hörnum/Sylt (Schutzstation Arche Wattenmeer),Deutschland
10005789,Braderup (Naturzentrum),Deutschland
10005790,Cookham (Wildway Wildlife Mini Zoo - geschlossen 2024),Vereinigtes Königreich
10005791,Roscommon (Glendeer Pet Farm),Irland
10005793,Cheb (Minizoo der DDM Sova),Tschechien
10005794,Moycullen (Loughwell Farm Park),Irland
10005795,Gorey (Kia Ora Mini Farm),Irland
10005796,Rathangan (Lullymore Heritage & Discovery Park),Irland
10005798,Ballymoney (Rosepark Park Farm),Irland
10005799,Donabate (Newbridge House & Farm),Irland
10005800,Kilkenny (Nore Valley Park),Irland
10005801,Midleton (Leahys Open Farm),Irland
10005803,Wexford (Blackwater Open Farm),Irland
10005804,Poole (Farmer Palmer s Farm Park),Vereinigtes Königreich
10005805,Bad Kreuznach OT Bad Münster am Stein (Naturstation Lebendige Nahe),Deutschland
10005806,Dumfries (Mabie Farm Park),Vereinigtes Königreich
10005807,Leatherhead (Bocketts Farm Park),Vereinigtes Königreich
10005808,Bad Nieuweschans (Kleindierpark het Hertenkamp - ehemals: Kinderboerderij),Niederlande
10005809,Überlingen (Stadtgarten),Deutschland
10005810,Frantiskovy Lazne (Lesopark America),Tschechien
10005811,Frantiskovy Lazne (Tiergehege des Hotels Pyramida),Tschechien
10005812,Orléans (Parc floral de la Source),Frankreich
10005813,Maidstone (Leeds Castle Bird of Prey Centre),Vereinigtes Königreich
10005814,Yaroslavl (Dolphinarium),Russland
10005815,Bodrum (Dolphin Park),Türkei
10005816,Apeldoorn (Berg en Bos),Niederlande
10005817,Emmeloord (Kinderboerderij),Niederlande
10005818,Nieuwleusen (Ten Kates Dierenpark),Niederlande
10005819,Sneek (Wilhelminapark),Niederlande
10005820,Gemert (Vlindersafari),Niederlande
10005821,Höckendorf (Tiergarten Höckendorfer Heide),Deutschland
10005822,Höckendorf (Tierlabyrinth),Deutschland
10005823,Tietjerk (Park Vijversburg),Niederlande
10005824,Ureterp (Vogelasiel de Fûgelhelling),Niederlande
10005825,Leeuwarden (Kinderboerij Leeuwarden),Niederlande
10005826,Erlangen (Botanischer Garten),Deutschland
10005827,Stiens (Kinderboerderij Doniastate),Niederlande
10005828,Tattershall (Farm Park),Vereinigtes Königreich
10005829,Ceska Skalice (Family Park - ehemals Zoopark),Tschechien
10005830,Kågeröd (Söderåsens Älgpark),Schweden
10005831,Malmö (Marint Kunskapscenter),Schweden
10005832,Osnice (Papouščí ráj Osnice),Tschechien
10005833,Bylany (Bylandia),Tschechien
10005834,Chvojenec (Kočkovité šelmy Chvojenec),Tschechien
10005835,Graide (Le Jardin des Hiboux),Belgien
10005836,Hotton (Reveo Centre),Belgien
10005837,Bad Buchau (Federseeaquarium in der Adelindis Therme),Deutschland
10005838,Bad Buchau (Vogelvoliere im Kurpark),Deutschland
10005839,Roeselare (Flamingo Farm),Belgien
10005840,St Davids (Dr Beynon´s Bug Farm),Vereinigtes Königreich
10005841,Tenby (Great Wedlock Farm & Deer Park),Vereinigtes Königreich
10005843,Groningen (Kinderboerderij Stadspark Groningen),Niederlande
10005844,Le Sauze du Lac (Parc Animalier de Serre-Ponçon),Frankreich
10005845,Kirchlengern (Minigolf und Streichelzoo),Deutschland
10005846,Lodz (MiniZoo Mantadia),Polen
10005847,Licibořice (Babiččin dvoreček Licibořice),Tschechien
10005848,Hradec Králové (Obory se zvěří z Městských lesů Hradec Králové),Tschechien
10005849,Roden (Kinderboerderij),Niederlande
10005850,Amsterdamscheveld (World of Birds Foundation),Niederlande
10005851,Eerbeek (Kinderboerderij Kiboe Eerbeek),Niederlande
10005853,Keiem (`t Kakelend Kippenmuseum),Belgien
10005854,Oedelem (Nally`s Papegaaienopvang),Belgien
10005855,Kąp (Mazurskie Mini Zoo),Polen
10005856,Assen (Stadsboerderij Asserbos),Niederlande
10005857,Deventer (Vogeleiland),Niederlande
10005858,Biddinghuizen (Dierenpark de Scharrelberg),Niederlande
10005859,Apeldoorn (Kinderparadijs Malkenschoten),Niederlande
10005860,Baarn (Hertenkamp Maarschalksbos),Niederlande
10005861,Sonneberg (Wilddgehege Jufenalm),Österreich
10005862,Mühlbach am Hochkönig (Arthurhaus-Erlebnisbauernhof),Österreich
10005863,Karlštejn (Papilonia),Tschechien
10005864,Homole (Zoopark jeleni Homole),Tschechien
10005865,Ledce (Farmapark U Toma),Tschechien
10005866,Příbram (Dům Natura Příbram),Tschechien
10005867,Třeboň (Ekocentrum Vydra - vormals Záchranná stanice Třeboň),Tschechien
10005868,Amersfoort (Stadsboerderij de Vosheuvel),Niederlande
10005869,Tallinn (Papagoide Paradiis),Estland
10005870,Foxton (Wildlife Foxton Trust),Neuseeland
10005871,Bodenwerder (Weser-Aquarium),Deutschland
10005872,Wunstorf (Wildtiergehege Idensen),Deutschland
10005873,Wunstorf (Rassegeflügelpark am Steinhuder Meer),Deutschland
10005874,Ljubljana (Botanischer Garten),Slowenien
10005875,Podčetrtek (Anton Mraz Farm),Slowenien
10005876,Podčetrtek (Jelenov Greben),Slowenien
10005877,Saint Columb Major (Cornish Birds of Prey),Vereinigtes Königreich
10005878,Jonsdorf (Vogelvolieren im Kurpark),Deutschland
10005879,Wadebridge (Camel Creek Family Theme Park),Vereinigtes Königreich
10005880,Redruth (Feadon Farm Wildlife Centre - geschlossen 2025),Vereinigtes Königreich
10005881,Civitella Casanova (Parco La Rupe),Italien
10005882,Forlanini (Parco Naturale di Cervia),Italien
10005883,Milano Marittima (Casa delle Farfalle),Italien
10005884,Fossignano (Parco Zoo delle Star),Italien
10005885,Trikala (Zoo),Griechenland
10005888,Utrecht (Stadsboerderij Griftsteede),Niederlande
10005889,Enkhuizen (Sprookjeswonderland),Niederlande
10005890,Amsterdam (Kinderboerderij Het Sloterpark),Niederlande
10005891,Oostkapelle (Terra Maris),Niederlande
10005892,Holsted (Anlæg),Dänemark
10005893,Ribe (Ribelund Minidyrehave),Dänemark
10005894,Vester Vedsted (Vadehavscentret),Dänemark
10005895,Perugia (Rettilario di Perugia),Italien
10005896,Kabelvåg (Lofotmuseet),Norwegen
10005897,Wied il-Għajn (Sant Antnin Family Park Animal Corner),Malta
10005898,Zaandam (Stadsboerderij Darwinpark),Niederlande
10005899,Nijmegen (Kinderboerderij de Goffert),Niederlande
10005900,Haarlem (Kinderboerderij de Houthoeve),Niederlande
10005906,Epe (Speelparadijs en Kinderboerderij de Koperen Ezel),Niederlande
10005907,Echt (Dierenpark & Kinderboerderij Hertenspoor Echt),Niederlande
10005910,Reuver (DierenRijck),Niederlande
10005911,Tilburg (Kinderboerderij t Valleike),Niederlande
10005914,Halsteren (Hertenkamp De Beek),Niederlande
10005916,Kiewit (Kinderboerderij),Belgien
10005917,Klein Zundert (Vogelrevalidatiecentrum Zundert),Niederlande
10005918,Almere (AAP),Niederlande
10005919,Heijen (CenterParcs Het Heijderbos),Niederlande
10005920,Eigenbilzen (Alpaca Farm),Belgien
10005921,Heusden-Zolder (Dierenweide Bovy),Belgien
10005922,Tournai (Mikes Reptipark),Belgien
10005923,Nieuwpoort (Kinderboerderij de Lenspolder),Belgien
10005924,Helmond (Dierenpark De Rippert),Niederlande
10005925,Helmond (Dierenpark Hortensiapark),Niederlande
10005926,Helmond (Dierenpark de Warande),Niederlande
10005927,Bilzen (Dierenparkje Katteberg),Belgien
10005929,Bruxelles (Dierentuin Roodebeek),Belgien
10005931,Huizingen (Dierenpark de Provinciedomein Huizingen),Belgien
10005932,Mignault (Promenade Animalière La Ligule - geschlossen 2024),Belgien
10005933,Tournai (Jungle City),Belgien
10005934,Wenduine (Dierenpark),Belgien
10005935,Bizory (Animalaine),Belgien
10005936,Frahan (La Ferme pour Enfants La Passerelle),Belgien
10005937,Athus (Parc communal dAthus),Belgien
10005938,Wachtebeke (Levend erfgoedpark),Belgien
10005939,Sosnowiec (Mini Zoo),Polen
10005940,Chiaramonte Gulfi (Area Faunistica),Italien
10005941,Berlin (Domäne Dahlem),Deutschland
10005942,Sharm el Sheikh (Dolphina),Ägypten
10005943,Madinat as-Sadis min Uktubar (Dolphina Park),Ägypten
10005944,Alexandria (Aquarium),Ägypten
10005945,Alexandria (Zoo),Ägypten
10005946,Alexandria (Lion Village Antoniadis Gardens - geschlossen 2016),Ägypten
10005947,Beni Suef (Zoo),Ägypten
10005948,Cairo (Aquarium Grotto Garden),Ägypten
10005949,Desouk (Children and Family Garden),Ägypten
10005950,Hurghada (Grand Aquarium),Ägypten
10005951,Hurghada (Marine Museum & Aquarium),Ägypten
10005952,Faiyum (Zoo),Ägypten
10005953,Giza (Zoo),Ägypten
10005954,Hurghada (Dolphina),Ägypten
10005955,Hurghada (Red Sea Aquarium),Ägypten
10005957,Alexandria (Africa Safari),Ägypten
10005958,Hurghada (Dolphinworld),Ägypten
10005959,Mansoura (Zoo - geschlossen 2019),Ägypten
10005960,El Beheira (Omars Oasis Zoo),Ägypten
10005961,El Gharbeya (Tanta Museum Andalos Park),Ägypten
10005962,El Sharkeya (Zoo),Ägypten
10005963,El Hamma (Hamma Zoo),Algerien
10005964,Hydra (Parc Zoologique Et Des Loisirs),Algerien
10005965,Hydra (Zoo Ben Aknoun),Algerien
10005966,El Djelfa (Zoo),Algerien
10005967,El Aouana (Animal Park - Kissir El Aouana),Algerien
10005968,El Kala (Animal Park Brabtia),Algerien
10005969,Oran (Zoo),Algerien
10005970,Sidi Bel Abbes (Mini-Zoo Jardin Publique),Algerien
10005971,Akbou (Zoo),Algerien
10005972,Tlemcen (Zoo),Algerien
10005973,Setif (Zoo),Algerien
10005974,Altiaghach (Mini Zoo Cənnət Bağı),Aserbaidschan
10005975,Baku (Zoo),Aserbaidschan
10005976,Mardakan (Arboretum),Aserbaidschan
10005977,Lubango (Parque Infantil Do Lubango - Mini Zoo),Angola
10005978,Abbotsbury (Calmsley Hill City Farm),Australien
10005979,Adelaide (Zoo),Australien
10005980,Alice Springs (Desert Park),Australien
10005981,Anna Bay (Irukandji Shark & Ray Encounters),Australien
10005982,Apple Tree Creek (Flying High Bird Park - geschlossen 2024),Australien
10005983,Arriga (Granit Gorge Nature Park),Australien
10005984,Auburn (Botanic Gardens),Australien
10005985,Ballarat East (Ballarat Wildlife Park),Australien
10005986,Batemans Bay (Birdland Animal Park - geschlossen 2024),Australien
10005987,Beauty Point (Seahorse World),Australien
10005988,Beerwah (Australia Zoo),Australien
10005989,Berrimah (Crocodylus Park),Australien
10005990,Berry Springs (Territory Wildlife Park),Australien
10005991,Bicheno (East Coast Natureworld),Australien
10005992,Bloomsbury (Bredls Wild Farm),Australien
10005993,Bondi Beach (Marine Discovery Centre Excursions),Australien
10005994,Bongaree (Bribie Island Butterfly House),Australien
10005995,Bonville (Coffs Harbour Butterfly House),Australien
10005996,Brighton (Bonorong Wildlife Sanctuary),Australien
10005997,Broken Hill (Living Desert Park Pay Station),Australien
10005998,Bundaberg West (Alexandra Park Zoo),Australien
10005999,Bungarribee (Sydney Zoo),Australien
10006000,Burdett (Mulgas Wildlife Sanctuary - geschlossen),Australien
10006001,Burleigh Heads (David Fleay Wildlife Park),Australien
10006002,Byford (Cohunu Koala Park),Australien
10006003,Cairns City (Cairns Aquarium),Australien
10006004,Calga (Walkabout Wildlife Sanctuary),Australien
10006005,Carbunup River (Discover Deadly),Australien
10006006,Carlton (Melbourne Museum),Australien
10006007,Carrington (Tolga Bat Hospital),Australien
10006008,Childers (Snakes Downunder Reptile Park and Zoo),Australien
10006009,Coffs Harbour (Big Banana Fun Park - Steve McEwan´s Reptile World),Australien
10006010,Coffs Harbour (Dolphin Marine Conservation Park),Australien
10006011,Coomera (Dreamworld),Australien
10006012,Cow Bay (Daintree Discovery Centre),Australien
10006013,Cowes (Phillip Island Wildlife Park),Australien
10006014,Cradle Mountain (Devils@Cradle),Australien
10006015,Crafers (Cleland Wildlife Park),Australien
10006016,Cudgee (Warrnambool Wildlife Encounters),Australien
10006017,Cudlee Creek (Gorge Wildlife Park),Australien
10006018,Currumbin (Wildlife Sanctuary),Australien
10006019,Dadswells Bridge (Giant Koala),Australien
10006020,Darlington Point (Altina Wildlife Park),Australien
10006021,Darwin City (Crocosaurus Cove),Australien
10006022,Denmark (Animal Farm & Pentland Alpaca Stud),Australien
10006023,Doonside (Featherdale Wildlife Park),Australien
10006025,Dubbo (Taronga Western Plains Zoo),Australien
10006026,Duncan (Kangaroo Island Wildlife Park (ehemals Parndana Wildlife Park)),Australien
10006027,Eatons Hill (Kumbartcho Sanctuary),Australien
10006028,Enoggera Reservoir (Walkabout Creek Discovery Centre),Australien
10006029,Fig Tree Pocket (Lone Pine Koala Sanctuary),Australien
10006030,Grantville (Maru Koala and Animal Park),Australien
10006031,Green Island (Marineland Melanesia),Australien
10006032,Green Patch (Glen-Forest Tourist Park & Vineyard),Australien
10006033,Gunns Plains (Wings Wildlife Park),Australien
10006034,Halls Gap (Zoo),Australien
10006035,Healesville (Healesville Sanctuary),Australien
10006036,Helensburgh (Symbio Wildlife Park),Australien
10006037,Henley Brook (The West Australian Reptile Park),Australien
10006038,Hillarys (AQWA The Aquarium Of Western Australia),Australien
10006039,Hindmarsh Valley (Softfoot Marsupial Sanctuary),Australien
10006040,Humbug Scrub South (Humbug Scrub Wildlife Sanctuary Inc.),Australien
10006041,Hyden (Wave Rock Wildlife Park),Australien
10006042,Ipswich (Nature Centre),Australien
10006043,Kaniva (Wetlands & Fauna Park),Australien
10006044,Knockrow (Byron Bay Wildlife Sanctuary - vormals Macadamia Castle),Australien
10006045,Kuranda (Australian Butterfly Sanctuary),Australien
10006046,Kuranda (Batreach Bat Rescue & Rehabilitation),Australien
10006047,Kuranda (Birdworld),Australien
10006048,Kuranda (Koala Gardens),Australien
10006049,Kuranda (Rainforestation Nature Park),Australien
10006050,Kyabram (Kyabram Fauna Park),Australien
10006051,Lara (Serendip Sanctuary),Australien
10006052,Launceston (City Park),Australien
10006053,Lesmurdie (Kanyana Wildlife Rehabilitation Centre),Australien
10006054,Main Beach (Sea World Gold Coast),Australien
10006055,Maleny (Maleny Botanic Gardens & Bird World),Australien
10006056,Manly (Sea Life Manly Sanctuary - geschlossen 2018),Australien
10006057,Mansfield (Zoo),Australien
10006058,Melbourne (Aquarium),Australien
10006059,Merimbula (Aquarium & Wharf Restaurant),Australien
10006060,Merimbula (Potoroo Palace),Australien
10006061,Merrylands West (Central Gardens Nature Reserve),Australien
10006062,Middle Dural (Banana Cabana Primate Sanctuary),Australien
10006063,Mogo (Wildlife Park),Australien
10006064,Mole Creek (Trowunna Wildlife Park),Australien
10006065,Monarto (Safari Park),Australien
10006066,Monomeith (Warrook Farm),Australien
10006067,Mooloolaba (SEA LIFE Sunshine Coast Aquarium),Australien
10006068,Sydney (Taronga Zoo),Australien
10006069,Mount Evelyn (A Twist of Willow Bed and Breakfast - Yarra Valley Nocturnal Zoo),Australien
10006070,Mount Helen (Ballarat Bird World),Australien
10006071,Mount Samson (Lyell Deer Sanctuary),Australien
10006072,Mylor (Warrawong Wildlife Sanctuary),Australien
10006073,Nelly Bay (Aquasearch Aquarium),Australien
10006074,New Lambton (Blackbutt Reserve Wildlife Exhibit),Australien
10006075,Nicholls (Canberra Reptile Zoo),Australien
10006076,Nome (Billabong Sanctuary),Australien
10006077,North Nowra (Shoalhaven Zoo And Adventure World),Australien
10006078,Nulkaba (Hunter Valley Wildlife Park),Australien
10006079,Oxenford (Paradise Country),Australien
10006080,Packer Camp (Cairns Crocodile Farm - geschlossen),Australien
10006081,Melbourne (Zoo),Australien
10006082,Pearcedale (Moonlit Sanctuary Wildlife Conservation Park),Australien
10006083,Pilton (Darling Downs Zoo),Australien
10006084,Pinjarra (Ranger Red`s Zoo & Conservation Park),Australien
10006085,Pokolbin (Hunter Farm Adventure Centre Hunter Valley),Australien
10006086,Port Adelaide (The Seahorse Farm - geschlossen),Australien
10006087,Port Douglas (Wildlife Habitat),Australien
10006088,Port Macquarie (Billabong Zoo Koala & Wildlife Park),Australien
10006089,Rhyll (Koala Conservation Reserve),Australien
10006090,Riverside (Tasmania Zoo),Australien
10006091,Roebuck (Malcolm Douglas Crocodile Park),Australien
10006092,Saint Helens (Serpentarium Wildlife Park),Australien
10006093,Salt Ash (Oakvale Wildlife Park),Australien
10006094,Scoresby (Chesterfield Farm),Australien
10006095,Seal Bay (Raptor Domain),Australien
10006096,Shark Bay (Ocean Park Aquarium),Australien
10006097,Somersby (Australian Reptile Park),Australien
10006098,South Brisbane (Queensland Museum),Australien
10006099,South Bunbury (Bunbury Wildlife Park),Australien
10006100,South Perth (Perth Zoo),Australien
10006101,Stanley (Stanley Seaquarium),Australien
10006102,Sydney (Sea Life Sydney Aquarium),Australien
10006103,Sydney (Wild Life Sydney),Australien
10006104,Taralga (Taralga Wildlife Park),Australien
10006105,Taranna (Tasmanian Devil Unzoo),Australien
10006106,Tea Tree (Hobart Zoo & Aquarium - vormals Zoodoo Zoo),Australien
10006107,The Gap (Alice Springs Reptile Centre),Australien
10006108,Torndirrup (Australian Wildlife Park Albany),Australien
10006109,Townsville City (Great Barrier Reef Aquarium),Australien
10006110,Turvey Park (Wagga Wagga Zoo & Aviary),Australien
10006111,Two Rocks (Atlantis Marine Park Lookout - geschlossen 1990),Australien
10006112,Tynong North (Gumbuya World),Australien
10006113,Urangan (Reef World Aquarium),Australien
10006114,Victor Harbor (Urimbirra Wildlife Park),Australien
10006115,Wangetti (Hartley´s Crocodile Adventures),Australien
10006116,Wembley (Herdsman Lake Visitor Centre),Australien
10006117,Werribee South (Werribee Open Range Zoo),Australien
10006118,West Pennant Hills (Koala Park Sanctuary),Australien
10006119,West Rockhampton (Rockhampton Zoo),Australien
10006120,White Hills (Bendigo Botanic Gardens),Australien
10006121,Whiteman (Caversham Wildlife Park),Australien
10006122,Whitsundays (Hamilton Island Wildlife),Australien
10006123,Wilberforce (Wild Cat Conservation Centre),Australien
10006124,Wonga Beach (Daintree Wild Bed and breakfast & Zoo),Australien
10006125,Woodbury (Cooberrie Park Wildlife Sanctuary),Australien
10006126,Woombye (Wildlife HQ - ehemals Queensland Zoo),Australien
10006127,Wungong (Armadale Reptile & Wildlife Centre),Australien
10006128,Wyong Creek (Central Coast Zoo),Australien
10006129,Yarralumla (National Zoo and Aquarium),Australien
10006130,Yarralumla (Yarralumla Play Station),Australien
10006131,Dhaka (Bangladesh National Zoo),Bangladesch
10006132,Rangpur (Zoo),Bangladesch
10006133,Chattogram (Zoo),Bangladesch
10006134,Dulahazara (Safari-Park),Bangladesch
10006135,Cumilla (Zoo),Bangladesch
10006136,Rajshahi (Shaheed A.H.M. Kamaruzzaman Central Park & Zoo),Bangladesch
10006137,Coxs Bazar (Radiant Fish World),Bangladesch
10006138,Mawna (Bangabandhu Sheikh Mujib Safari Park),Bangladesch
10006139,Barol (Beximco Mini Zoo),Bangladesch
10006140,Zallaq (Mohamed bin Zayed Nature Reserve - vormals Al Areen Wildlife Park),Bahrain
10006141,Shakhurah (Tasneem Zoo),Bahrain
10006142,Janabiyah (Royal Camel Farm - geschlossen),Bahrain
10006143,Maqabah (Alobaidli Farm),Bahrain
10006144,Galali (Bahrain Aquarium),Bahrain
10006145,Manama (Dolphin Resort Bahrain),Bahrain
10006146,Nassau (Ardastra Gardens & Wildlife Conservation Centre),Bahamas
10006147,Paradise Island (Marine Habitat at Atlantis),Bahamas
10006148,Paradise Island (The Dig),Bahamas
10006149,Paradise Island (Seagrapes Lagoon Marine Habitat),Bahamas
10006150,Paradise Island (Predator Lagoon),Bahamas
10006151,Freeport (Garden of the Groves),Bahamas
10006152,Freeport (UNEXSO Dolphin Experience),Bahamas
10006153,Paradise Island (Dolphin Cay Atlantis),Bahamas
10006154,Nassau (Blue Lagoon Island Dolphin Encounters),Bahamas
10006155,Benny Hall (Barbados Wildlife Reserve),Barbados
10006156,Harrismith (Marizayra Sanctuary Barbados - geschlossen),Barbados
10006157,Christ Church (Ocean Park),Barbados
10006159,Jerudong (Little Kingdom Petting Zoo),Brunei Darussalam
10006160,Sumbiling Baru (Taman Batang Duri Taman Mini Zoo Temburong),Brunei Darussalam
10006162,Ouagadougou (Parc Urbain Bangr-Weoogo),Burkina Faso
10006163,Ziniare (Parc Animalier),Burkina Faso
10006164,Godomey (Jardin botanique et zoologique),Benin
10006165,Abomey Calavi ( AgouaLand),Benin
10006167,Djeregbe (Resort),Benin
10006168,Phuentsholing (Crocodile Zoo),Bhutan
10006169,Thimphu (Royal Takin Preserve),Bhutan
10006170,Itatiba (Zooparque),Brasilien
10006171,Brasilia (Zoologico de Brasilia),Brasilien
10006172,Sao Paulo (Zoo),Brasilien
10006173,Aparecida (Aquarium),Brasilien
10006175,Rio de Janeiro (AquaRio),Brasilien
10006176,Aracaju (City Zoo),Brasilien
10006177,Rio de Janeiro (Noah´s Ark),Brasilien
10006178,Bauru (Zoo),Brasilien
10006179,Belo Horizonte (Zoo),Brasilien
10006180,Penha (Beto Carrero World Zoo - geschlossen),Brasilien
10006181,Domingos Martins (BioParque das Aves),Brasilien
10006182,Rio de Janeiro (BioParque),Brasilien
10006183,Manaus (National Institute of Amazonian Research),Brasilien
10006184,Guapimirim (Centro de Primatologia do Rio de Janeiro),Brasilien
10006186,Camboriu (Complexo Ambiental Cyro Gevaerd),Brasilien
10006187,Goiania (Zoo),Brasilien
10006188,Gramado (Zoo),Brasilien
10006189,Sao Paulo (Instituto Butantan),Brasilien
10006191,Natal (Aquario),Brasilien
10006193,Camboriu (Oceanic Aquarium),Brasilien
10006194,Sapucaia do Sul (Park Zoo),Brasilien
10006195,Foz do Iguacu (Parque das Aves),Brasilien
10006196,Mongagua (Parque Ecologico a Tribuna),Brasilien
10006197,Sao Vicente (Ecological Park Voturua),Brasilien
10006198,Sao Bernardo do Campo (Zoo),Brasilien
10006199,Joao Pessoa (Parque Zoobotanico Arruda Camara),Brasilien
10006200,Petrolina (Parque Zoobotanico da Caatinga),Brasilien
10006201,Brusque (Parque Zoobotanico),Brasilien
10006202,Salvador (Parque Zoobotanico Getulio Vargas),Brasilien
10006203,Sorocaba (Parque Zoologico Municipal Quinzinho de Barros),Brasilien
10006204,Peruibe (Aquario),Brasilien
10006205,Piracicaba (Zoo),Brasilien
10006206,Taubate (Projeto Selva Viva),Brasilien
10006207,Santos (Aquarium),Brasilien
10006208,Sao Carlos (Ecological Park),Brasilien
10006209,Sao Paulo (Aquarium),Brasilien
10006210,Ubatuba (Aquarium),Brasilien
10006211,Volta Redonda (Zoo),Brasilien
10006212,Pocos de Caldas (Zoo das Aves),Brasilien
10006213,Marechal Floriano (Zoo Park da Montanha),Brasilien
10006214,Pomerode (Zoo),Brasilien
10006215,Teresina (Zoobotanico),Brasilien
10006216,Bosque Guarani (Zoo),Brasilien
10006217,Campinas (Zoo),Brasilien
10006218,Curitiba (Zoo),Brasilien
10006219,Foz do Iguacu (Roberto Ribas Lange Zoo),Brasilien
10006220,Gaborone (Mokolodi Nature Reserve),Botsuana
10006221,Gaborone (Lion Park Resort),Botsuana
10006222,Matebeleng (Lily´s Petting Farm),Botsuana
10006223,Kasane (Chobe Crocodile Farm),Botsuana
10006225,Beijing (Blue Zoo),China
10006226,Beijing (Wildlife Park),China
10006227,Beijing (Wildlife Rescue & Rehabilitation Center),China
10006228,Beijing (Zoo & Aquarium),China
10006229,Changchun (Zoological and Botanical Park),China
10006230,Chengdu (Haohai Cube Oceanarium),China
10006231,Chengdu (Panda Base),China
10006232,Chengdu (Zoo),China
10006233,Guangzhou (Chimelong Birds Park),China
10006234,Zhuhai (Chimelong Ocean Kingdom),China
10006235,Guangzhou (Chimelong Safari Park),China
10006236,Chongqing (Zoo),China
10006237,Dalian (Forest Zoo),China
10006238,Fuzhou (Zoo),China
10006239,Guangzhou (Zoo),China
10006240,Guilin (Seven Stars Park),China
10006241,Haikou (Jinniuling Park Zoo),China
10006242,Hangzhou (Polar Ocean Park),China
10006243,Hangzhou (Safari Park),China
10006244,Hangzhou (Zoo),China
10006245,Harbin (Siberia Tiger Park),China
10006246,Harbin (Zoo),China
10006247,Hefei (Wildlife Park),China
10006248,Changzhou (Hongmei Park Aviary),China
10006249,Changsha (Zoo),China
10006250,Huangshan (Hulin Park),China
10006251,Hongkong (Edward Youde Aviary),China/Hongkong
10006252,Hongkong (Ocean Park),China/Hongkong
10006253,Hongkong (Zoological and Botanical Gardens),China/Hongkong
10006254,Hohhot (Daqingshan Wildlife Park),China
10006255,Guigang (Pingnan Xiongsen Animal World),China
10006256,Jinan (Wild World),China
10006257,Jinan (Zoo),China
10006258,Kashgar (Zoo),China
10006259,Kunming (Yunnan Wildlife Park),China
10006260,Kunming (Zoo),China
10006261,Lanzhou (Zoo),China
10006262,Liuzhou (Zoo),China
10006263,Macau (Seac Pai Van Park),China/Macau
10006264,Maoming (Forest Park),China
10006265,Nanchang (Zoo),China
10006266,Beijing (Nanhaizi Milu Park),China
10006267,Nanjing (Hongshan Forest Zoo),China
10006268,Nanjing (Underwater World),China
10006269,Nanning (Zoo),China
10006270,Nantong (Forest Wild Zoo),China
10006271,Ningbo (Youngor Zoo),China
10006272,Qingdao (Aquarium),China
10006273,Qingdao (Forest Wildlife World),China
10006274,Qingdao (Haichang Polar Ocean Park),China
10006275,Qingdao (Zoo),China
10006276,Xining (Qinghai-Tibetan Plateau Wildlife Zoo),China
10006277,Qinhuangdao (Wildlife Zoo),China
10006278,Dezhou (Quancheng Polar Ocean World),China
10006279,Shanghai (Changfeng Ocean World),China
10006280,Shanghai (Haichang Ocean Park),China
10006281,Shanghai (Natural History Museum),China
10006282,Shanghai (Natural Wild Insect Kingdom),China
10006283,Shanghai (Ocean Aquarium),China
10006284,Shanghai (Wild Animal Park),China
10006285,Shanghai (Zoo),China
10006286,Shehong (Zoo),China
10006287,Shenyang (Forest Zoological Garden),China
10006288,Shenzhen (Safari Park),China
10006289,Shijiazhuang (Zoo),China
10006290,Suzhou (Forest Animal World),China
10006291,Taiyuan (Zoo),China
10006292,Huzhou (Taihu Longemont Animal World),China
10006293,Tianjin (Haichang Polar Ocean World),China
10006294,Tianjin (Zoo),China
10006295,Urumqi (Tianshan Wild Zoo),China
10006296,Weihai (Shendiaoshan Wildlife Park),China
10006298,Wuhan (Jiufeng Forest Zoo),China
10006299,Wuhan (Zoo),China
10006300,Wuxi (Zoo),China
10006301,Changji (Mini Zoo),China
10006302,Yantai (Haichang Whale Shark Aquarium),China
10006303,Yantai (Nanshan Park Zoo),China
10006304,Beijing (Badaling Bear Park),China
10006305,Beijing (Badaling Wildlife Park),China
10006306,Yichang (Three Gorges Forest Wild Animal World),China
10006307,Yinchuan (Zoo),China
10006311,Lamin (Abuko Nature Reserve),Gambia
10006312,Kartong (The Gambian Reptiles Farm),Gambia
10006313,Serrekunda (Bijilo Monkey Park),Gambia
10006314,Accra (Zoo),Ghana
10006315,Ada Foah (Ada island zoo),Ghana
10006316,Ada Foah (Aqua Safari),Ghana
10006317,Dodi Island (VRA Park),Ghana
10006318,Frami (Monkey Forest Sanctuary),Ghana
10006319,Kumasi (Zoological Gardens),Ghana
10006320,Odumase Abrafo (Monkey Forest Reserve),Ghana
10006321,Kindia (Mini Zoo de Institute Research Biology Appliquee De Guinee),Guinea
10006322,Ahmedabad (Aquatic Gallery - Science City),Indien
10006323,Alipore (Zoological Garden),Indien
10006324,Assam (State Zoo),Indien
10006325,Aurangabad (Siddharth Garden Zoo),Indien
10006326,Barang (Nandankanan Zoological Park),Indien
10006327,Basistha (Pygmy Hog Research and Breeding Centre),Indien
10006328,Bengaluru (Bannerghatta Biological Park),Indien
10006329,Chhat (Chhatbir Zoo - ehemals Mohendra Chaudry Zoological Park),Indien
10006330,Darjeeling (Padmaja Naidu Himalayan Zoological Park),Indien
10006331,Delhi (National Zoological Park),Indien
10006332,Gopalpur (Dhauladhar Nature Park),Indien
10006333,Hyderabad (Nehru Zoological Park),Indien
10006334,Joshipura (Sakkarbaug Zoological Park),Indien
10006335,Kerala (The Thiruvananthapuram Zoological Park),Indien
10006336,Kufri (Zoo),Indien
10006337,Lakhnau (Nawab Wajid Ali Shah Zoological Garden),Indien
10006338,Mahabalipuram (The Madras Crocodile Bank Trust and Centre for Herpetology),Indien
10006339,Mumbai (Zoo),Indien
10006340,Mysore (Zoo),Indien
10006341,Nainital (Zoo),Indien
10006342,Patna (Sanjay Gandhi Biological Park),Indien
10006343,Pilikula (Biological Park),Indien
10006344,Pune (Rajiv Gandhi Zoological Park),Indien
10006345,Surat (Jagdishchandra Bose Muncipal Aquarium),Indien
10006346,Surat (Sarthana Nature Park & Zoo),Indien
10006347,Tamil Nadu (VGP Marine Kingdom),Indien
10006348,Thevara Koppa (Shivamogga Zoo & Safari),Indien
10006349,Varkala (Aquarium),Indien
10006350,Vandalur (Arignar Anna Zoological Park),Indien
10006351,Yendada (Indira Gandhi Zoological Park),Indien
10006352,Cisarua (Taman Safari Bogor),Indonesien
10006353,Prigen (Taman Safari 2),Indonesien
10006354,Batang (Safari Beach Bateng),Indonesien
10006355,Serongga (Bali Safari and Marine Park),Indonesien
10006356,Surakarta (Solo Safari),Indonesien
10006357,Jakarta (Aquarium),Indonesien
10006358,Batu (Secret Zoo),Indonesien
10006359,Batu (Eco Active Park - vormals Eco Green Park),Indonesien
10006360,Jakarta (Ragunan Zoo),Indonesien
10006361,Jakarta (Sea World Ancol),Indonesien
10006362,Jakarta (Bird Land),Indonesien
10006363,Jakarta (Taman Burung TMII),Indonesien
10006364,Jakarta (Taman Akuarium Air Tawar TMII),Indonesien
10006365,Jakarta (Musem Komodo TMII),Indonesien
10006366,Jakarta (Faunaland Ancol),Indonesien
10006367,Surabaya (Zoo),Indonesien
10006368,Sukawati (Bali Bird Park),Indonesien
10006369,Sukawati (Bali Zoo),Indonesien
10006370,Sukawati (Bali Reptile Park),Indonesien
10006371,Bandung (Zoo),Indonesien
10006372,Lembang (Park & Zoo),Indonesien
10006373,Yogyakarta (Gembira Loka Zoo),Indonesien
10006374,Medan (Zoo),Indonesien
10006375,Singkawang (Sinka Zoo),Indonesien
10006376,Ambawang (Zoo),Indonesien
10006377,Tabang (Zoo),Indonesien
10006378,Bitung (Zoo),Indonesien
10006379,Sulut (Zoo),Indonesien
10006380,Bontomarannu (Education Park),Indonesien
10006381,Baghdad (Zawraa Park Zoo),Irak
10006382,Basrah (Shatt Al-Arab zoo),Irak
10006383,Erbil (Haware Taza Zoo),Irak
10006384,Duhok (Zoo),Irak
10006385,Kasnazan (Erbil Zoo),Irak
10006386,Sulaymaniyah (Chavy land zoo),Irak
10006387,Amol (Golden Village Park Zoo),Iran
10006388,Alborz (Birds Park),Iran
10006389,Ali Sadr (Nature Village Zoo),Iran
10006390,Arak (Zoo),Iran
10006391,Astara (Bird Park),Iran
10006392,Babolsar (Zoo Garden),Iran
10006393,Barajin (Qazvin Zoo),Iran
10006394,Bushehr (Birds park),Iran
10006395,Cheshmeh Khosrow (Wildlife Park),Iran
10006396,Dezful (Zoo),Iran
10006397,Fereydunkenar (Bird Garden),Iran
10006398,Hamedan (Ganjname Aquarium),Iran
10006399,Hoveyzeh (Zoo),Iran
10006400,Isfahan (Aquarium & Reptile Garden),Iran
10006401,Isfahan (Birds Garden),Iran
10006402,Isfahan (Soffe Park Zoo),Iran
10006403,Jolfa (Bird Garden),Iran
10006404,Kerman (Museum of Nature),Iran
10006405,Kerman (Zoo),Iran
10006406,Kermanshah (Sadaf Birds Garden),Iran
10006407,Kish (Aquarium & Dolphin Park),Iran
10006408,Kish (Birds Park),Iran
10006409,Koohsar (Isar Recreational and cultural complex),Iran
10006410,Mashhad (Birds Garden),Iran
10006411,Mashhad (Vakil Abad Zoo),Iran
10006412,Qamsar (Birds Garden),Iran
10006413,Qom (Bird Garden),Iran
10006414,Qoroq (Forest and Zoo Park),Iran
10006415,Semnan (Zoo & Bird Garden),Iran
10006416,Shiraz (Zoo),Iran
10006417,Semeskandeh Olya (Sari Zoo),Iran
10006418,Tabriz (Baghlar Baghi Amusement Park & Dolphinarium),Iran
10006419,Tehran (Bird Park),Iran
10006420,Tehran (City Park Aquarium),Iran
10006421,Tehran (Shahr Park Bird Garden),Iran
10006422,Tehran (Nature and Wildlife Museum of Iran),Iran
10006423,Tehran (Pardisan Zoo),Iran
10006424,Tehran (Eram Zoo),Iran
10006425,Tehran (Mellat Park Wild Life),Iran
10006426,Tehran (Haftchenar´s Museum of Wildlife and Natural Monuments),Iran
10006427,Tehran (Zima Reptiles Garden),Iran
10006428,Urmia (Zoo Dorna),Iran
10006429,Amami (Ocean Exhibition Hall),Japan
10006430,Akita (Omoriyama Zoo),Japan
10006431,Aomori (Aquarium),Japan
10006432,Asahikawa (Asahiyama Zoo),Japan
10006433,Akancho Kamiakan (Akan International Crane Center),Japan
10006434,Asamushi (Aquarium),Japan
10006436,Aso (Cuddly Dominion),Japan
10006437,Chino (Tateshina Amusement Aquarium),Japan
10006438,Chiba (Zoological Park),Japan
10006439,Chitose (Salmon Hometown Aquarium),Japan
10006440,Choshi (Sekaiichichitchana Aquarium),Japan
10006441,Tokyo (Edogawa Natural Zoo),Japan
10006442,Ena (Kamoshika Mura),Japan
10006443,Fujisawa (Enoshima Aquarium),Japan
10006444,Fukuoka (Marine World Uminonakaminchi),Japan
10006445,Fukuoka (Uminonakamichi Seaside Park),Japan
10006446,Fukuoka (Zoo and Botanical Garden),Japan
10006447,Fukushima (Aquamarine),Japan
10006448,Fukuyama (Zoo),Japan
10006449,Futtsu (Mother Farm),Japan
10006450,Gamagori (Takeshima Aquarium),Japan
10006451,Gifu (Kinka Squirrel Village),Japan
10006452,Hamada (Shimane Aquarium Aquas),Japan
10006453,Hamamatsu (Zoo),Japan
10006454,Hatsukaichi (Miyajima Public Aquarium),Japan
10006455,Hakone (Dakko Shite Hug Zoo),Japan
10006456,Hakone (Hakone-en Aquarium),Japan
10006457,Hakodate (Tropical Botanical Garden),Japan
10006458,Hanyu (Saitama Aquarium),Japan
10006459,Tokyo (Hamura Zoo),Japan
10006460,Hekinan (Seaside Aquarium),Japan
10006461,Hisayama (Torius Petting Zoo),Japan
10006462,Higashiizu (Atagawa Tropical & Alligator Garden),Japan
10006463,Higashiizu (Izu Animal Kingdom),Japan
10006464,Hirakawacho (Hirakawa Zoo),Japan
10006465,Himeji (City Aquarium),Japan
10006466,Himeji (Central Park),Japan
10006467,Himeji (City Zoo),Japan
10006468,Hiroshima (Mariho Aquarium - geschlossen 2024),Japan
10006469,Hiroshima (Asa Zoo),Japan
10006470,Hitachi (Kamine Zoo),Japan
10006471,Iida (Zoo),Japan
10006472,Ichihara (Elephant Kingdom & Sayuri World),Japan
10006473,Ichikawa (Zoo),Japan
10006474,Inawashiro (Aquamarine Kingfishers Aquarium),Japan
10006475,Isahaya (Isahayayuyu Land Kantakunosato Mutsugoro Aquarium),Japan
10006476,Ise (Sea Paradise),Japan
10006477,Ikeda (Satsukiyama Zoo),Japan
10006478,Inuyama (Japan Monkey Center),Japan
10006479,Ito (Izu Shaboten Zoo),Japan
10006480,Izumo (Gobius Aquarium),Japan
10006481,Joetsu (Aquarium Umigatari),Japan
10006482,Kagoshima (Kagoshima Aquarium Io World),Japan
10006483,Kawazu (iZoo),Japan
10006484,Kawazu (KawaZoo),Japan
10006485,Kamogawa (Sea World),Japan
10006486,Kakamigahara (World Freshwater Aquarium Aquatotto Gifu),Japan
10006487,Kashihara (Insectarium),Japan
10006488,Kasumigaura (Aquarium),Japan
10006489,Kawasaki (Yumemigasaki Zoological Park),Japan
10006490,Kawasaki (Kawasui Aquarium),Japan
10006491,Kengun (Kumamoto City Zoo and Botanical Garden),Japan
10006492,Kitakyushu (Itouzu no Mori Park),Japan
10006493,Kitami (Northern Daichi Aquarium),Japan
10006494,Kiryu (Zoo),Japan
10006495,Kuji (Moguranpia Aquarium),Japan
10006496,Kushimoto (Marine Park),Japan
10006497,Kunigami (Yanbaru Kuina Ecological Exhibition and Learning Facility Kuina no Mori),Japan
10006498,Kushiroshi (Zoo),Japan
10006499,Kushiro (Red-crowned Crane Natural Park),Japan
10006500,Kushimoto (Kushimoto Kaikai Park Center Research Institute),Japan
10006501,Kushima (Shibushi Bay Sea Station),Japan
10006502,Kusatsu (Lake Biwa Museum),Japan
10006503,Kushiro (Aquarium Pukupuku),Japan
10006504,Kuriyama (Nakayoshi Zoo),Japan
10006505,Kurume (Bird Center),Japan
10006506,Kobayashi (Idenoyama Tansuigyo Aquarium),Japan
10006507,Kobe (Suma Sea World - vormals Suma Aqualife Park),Japan
10006508,Kobe (Animal Kingdom),Japan
10006509,Kobe (Oji Zoo),Japan
10006510,Kochi (Aquarium Katsurahama),Japan
10006511,Kochi (Wanpark Kochi Animal Land),Japan
10006512,Kofu (Yuki Park),Japan
10006513,Konan (Noichi Zoological Park),Japan
10006514,Kyoto (Aquarium),Japan
10006515,Kyoto (City Zoo),Japan
10006516,Matsue (Vogel Park),Japan
10006517,Matsuno (Nijino Mori Park Osakanakan),Japan
10006518,Mombetsu (Okhotsk Tokkari Center),Japan
10006519,Miyazu (Uocchikan Aquarium - geschlossen 05/2023),Japan
10006520,Mishima (Rakujuen Park Zoo),Japan
10006521,Mihama (Minamichita Beach Land),Japan
10006522,Minamiawaji (Awaji Farm Park England Hill),Japan
10006523,Mine (Akiyoshidai Safari Land),Japan
10006524,Miura (Keikyu Aburatsubo Marine Park - geschlossen 09/2021),Japan
10006525,Miyazaki (Phoenix Zoo),Japan
10006526,Tokyo (Musashino Inokashira Park Zoo),Japan
10006527,Muroran (Public Aquarium),Japan
10006528,Muroto (Muroto Schoolhouse Aquarium),Japan
10006529,Muroto (Dolphin Center),Japan
10006530,Motobu (Okinawa-Churaumi-Aquarium),Japan
10006531,Nasu (Animal Kingdom),Japan
10006532,Nagatoro (Hodosan Zoo),Japan
10006533,Nagaoka (Teradomari Aquarium),Japan
10006534,Nanao (Notojima Aquarium),Japan
10006535,Nagasaki (Penguin Aquarium),Japan
10006536,Nagano (Chausuyama Zoo),Japan
10006537,Nago (Okinawa Neo Park),Japan
10006538,Noboribetsu (Marine Park Nixe),Japan
10006539,Niigata (Aquarium Marinepia Nihonkai),Japan
10006540,Nikko (Nihonryoseirui Research Institute),Japan
10006541,Nagoya (Sea Life),Japan
10006542,Nagoya (Port Of Nagoya Public Aquarium),Japan
10006543,Nagoya (Higashiyama Zoo and Botanical Gardens),Japan
10006544,Noboribetsu (Bear Park),Japan
10006545,Nomi (Ishikawa Zoo),Japan
10006546,Numazu (Deepsea Aquarium),Japan
10006547,Numazu (Awashima Marine Park),Japan
10006548,Numazu (Izu Mito Sea Paradise),Japan
10006549,Obihiro (Zoo),Japan
10006550,Omachi (Alpine Museum),Japan
10006551,Onomichi (Marine Bio Center Aquarium),Japan
10006552,Oga (Aquarium GAO),Japan
10006553,Okinawa (Zoo & Museum),Japan
10006554,Oita (Marine Palace Aquarium Umitamago),Japan
10006555,Oita (Takasakiyama Natural Zoological Garden),Japan
10006556,Omuta (Zoo),Japan
10006557,Osaka (Aquarium Kaiyukan),Japan
10006558,Osaka (Tennoji Zoo),Japan
10006559,Osaka (Nifrel Aquarium),Japan
10006560,Osaka (Owl cafe),Japan
10006561,Osaka (Owl Cafe Quill),Japan
10006562,Osaka (Owl Cafe Chouette),Japan
10006563,Oarai (Aqua World Ibaraki Oarai Aquarium),Japan
10006564,Otawara (Nakagawa Aquatic Park),Japan
10006565,Okayama (Ikeda Zoo),Japan
10006566,Okazaki (Higashi Park Zoo),Japan
10006567,Otaru (Aquarium),Japan
10006568,Oshima (Zoo Park),Japan
10006570,Sasebo (Umi Kirara Saikai National Park Aquarium),Japan
10006571,Sabae (Nishiyama Zoo),Japan
10006573,Sapporo (Sunpiazza Aquarium),Japan
10006574,Sapporo (City Maruyama Zoo),Japan
10006575,Sapporo (North Safari - geschlossen 2025),Japan
10006576,Saga (Kouno Park Mini Zoo),Japan
10006577,Sagamihara (Aquarium),Japan
10006578,Sakai (Echizen Matsushima Aquarium),Japan
10006579,Saikai (Nagasaki Bio Park),Japan
10006580,Sasebo (Morikirara Zoo and Botanical Garden),Japan
10006581,Sayama (Chikozan Park Children´s Zoo),Japan
10006582,Shibetsu (Salmon Science Centre),Japan
10006583,Tokyo (Shinagawa Aquarium),Japan
10006584,Saitama (Tobu Zoo),Japan
10006585,Saitama (Childrens Zoo),Japan
10006586,Sendai (Umino-Mori Aquarium),Japan
10006587,Sendai (Yagiyama Zoological Park),Japan
10006588,Shintoku (Bear Mountain),Japan
10006589,Shimonoseki (Kaikyokan Aquarium),Japan
10006590,Shimoda (Underwater Aquarium),Japan
10006591,Shimizu Ward (Marine Science Center - geschlossen 10/2024),Japan
10006592,Shirahama (Adventure World),Japan
10006593,Shunan (Tokuyama Zoo),Japan
10006594,Sobetsu (Showa Shinzan Bear Ranch),Japan
10006595,Suruga Ward (Nihondaira Zoo),Japan
10006596,Susono (Fuji Safari Park),Japan
10006597,Susami (Ebitokanino Aquarium),Japan
10006598,Suma (Aqualife Park - geschlossen 2023),Japan
10006599,Suzaka (Zoo),Japan
10006600,Taiji (Taiji-cho Whale Museum),Japan
10006601,Takaoka (Takaokakojo Park Zoo),Japan
10006602,Takamatsu (New Yashima Aquarium),Japan
10006603,Takayama (Takuminoyakata Morino Aquarium),Japan
10006604,Tamano (Shibukawadobutsu Park),Japan
10006605,Tamano (Shibukawa Marine Aquarium),Japan
10006606,Tamagusuku (Okinawa World),Japan
10006607,Tosashimizu (Kochi Prefectural Ashizuri Aquarium),Japan
10006608,Tokyo (Harajuku Kawaii Zoo Land),Japan
10006609,Tokyo (Maxell Aqua Park Shinagawa),Japan
10006610,Tokyo (Sumida Aquarium),Japan
10006611,Tokyo (Sunshine Aquarium),Japan
10006612,Tokyo (Sea Life Park),Japan
10006613,Tokyo (Tama Zoo),Japan
10006614,Tokyo (Adachi Park of Living Things),Japan
10006615,Tokyo (Ueno Zoo),Japan
10006616,Tokyo (Tower Aquarium - geschlossen 09/2018),Japan
10006617,Tokushima (Zoo),Japan
10006618,Toba (Dolphin Island Marine Amusement Park),Japan
10006619,Toba (Aquarium),Japan
10006620,Tobe (Zoological Park),Japan
10006621,Toyooka (Kinosaki Marine World),Japan
10006622,Toyohashi (Zoo),Japan
10006623,Tomioka (Gunma Safari Park),Japan
10006624,Tomigusuku (DMM Kariyushi Aquarium),Japan
10006625,Tsuruoka (Kamo Aquarium),Japan
10006626,Toyama (Family Park Zoo),Japan
10006627,Toyota (Asahi Kogen Genki-Mura),Japan
10006628,Toyota (Kuragaike Park Zoo),Japan
10006629,Ube (Tokiwa Zoo),Japan
10006630,Utsunomiya (Zoo),Japan
10006631,Utazu (Shikoku Aquarium),Japan
10006632,Uozu (Aquarium),Japan
10006633,Usa (Kyushu Natural Animal Park African Safari),Japan
10006634,Wakayama (Castle Park Zoo),Japan
10006635,Wakayama (Kyoto University Shirahama Aquarium),Japan
10006636,Wakkanai (Aquarium),Japan
10006637,Yokohama (Fortune Aquarium - vormals Omoshiro Aquarium),Japan
10006638,Yokohama (Hakkeijima Sea Paradise),Japan
10006639,Yokohama (Nogeyama Zoological Gardens),Japan
10006640,Yokohama (Zoorasia),Japan
10006641,Yokohama (Kanazawa Zoological Gardens),Japan
10006642,Azan (Zoo),Jemen
10006643,Sana´a (Zoo),Jemen
10006644,Taizz (Zoo),Jemen
10006645,Amman (The Jordan Zoo),Jordanien
10006646,Amman (Ghamadan Zoo),Jordanien
10006647,Amman (Yadoudah Zoo),Jordanien
10006648,Amman (Black iris farm),Jordanien
10006649,Aqaba (Aquarium),Jordanien
10006650,Azraq (Shaumari Wildlife Reserve),Jordanien
10006651,Russeifa (The Global Animal Village),Jordanien
10006652,Banteay Srei (Angkor Centre for Conservation of Biodiversity),Kambodscha
10006653,Banteay Srei (Banteay Srey Butterfly Centre),Kambodscha
10006654,Kboun village (Angkor Wildlife & Aquarium),Kambodscha
10006655,Phnom Penh (Safari),Kambodscha
10006656,Thmor Sor (Phnom Tamao Zoological Park and Wildlife Rescue Center),Kambodscha
10006657,Bamburi (Haller Park & Nature Trails),Kenia
10006658,Bamburi (Nguuni Nature Sanctuary),Kenia
10006659,Gede (Kipepeo Butterfly Project),Kenia
10006660,Kabarnet (Museum),Kenia
10006661,Kisumu (Museum),Kenia
10006662,Kisumu (Impala Sanctuary),Kenia
10006663,Kitale (Museum),Kenia
10006664,Malindi (Falconry Of Kenya),Kenia
10006665,Malindi (Crocodile & Snake Farm),Kenia
10006666,Sparta (Mwamanga Jungle Snake Park),Kenia
10006667,Ukunda (African Snake Park),Kenia
10006668,Nairobi (Giraffe Centre),Kenia
10006669,Nairobi (Animal Orphanage),Kenia
10006670,Nairobi (Mamba Village),Kenia
10006671,Nairobi (Safari Walk),Kenia
10006672,Nairobi (Snake Park),Kenia
10006673,Nairobi (Stedmak Wildlife),Kenia
10006674,Nanyuki (Mount Kenya Wildlife Conservancy),Kenia
10006675,Makutano (Galaxy Crocodile farm),Kenia
10006676,Mombasa (Mamba Village),Kenia
10006677,Mvita (Mamba Village),Kenia
10006678,Watamu (Snake Farm),Kenia
10006679,Bishkek (Mini-Zoopark Zhivaya Ekzotika Ekspozitsiya Zateryannyy Mir),Kirgisistan
10006680,Bishkek (Mini-Zoopark Zhivaya Ekzotika Ekspozitsiya Dikaya Afrika),Kirgisistan
10006681,Bishkek (Zoopark),Kirgisistan
10006682,Karakol (Zoopark),Kirgisistan
10006683,Aewol (Jeju Dinosaur Theme Park),Südkorea
10006684,Banpo (E-An Forest),Südkorea
10006685,Busan (Marine Natural History Museum),Südkorea
10006686,Busan (National Fisheries Science Museum),Südkorea
10006687,Busan (National Maritime Museum),Südkorea
10006688,Busan (Samjung The Park Zoo),Südkorea
10006689,Busan (Sealife Aquarium),Südkorea
10006690,Cheongju (Zoo),Südkorea
10006691,Cheongju (Cheongju Land),Südkorea
10006692,Chuncheon (Juglim Land),Südkorea
10006693,Daegu (Aquarium),Südkorea
10006694,Daegu (Arte Suseong Land),Südkorea
10006695,Daegu (Dalseong Park Zoo),Südkorea
10006696,Daegu (E-World),Südkorea
10006697,Daejeon (Aquarium),Südkorea
10006698,Daejeon (O-World),Südkorea
10006699,Danyang (Danuri Aquarium),Südkorea
10006700,Gaehwa (Art Park),Südkorea
10006701,Gangneung (Gyeongpo Aquarium),Südkorea
10006702,Goseong (Hwajinpo Maritime Museum),Südkorea
10006703,Geoje (Sea World),Südkorea
10006704,Geunnam (Freshwater Ecological Experience Center),Südkorea
10006705,Gangwon (Donkey Castle),Südkorea
10006706,Gonjiam (Jungle Zoo - geschlossen),Südkorea
10006707,Goyang (AquaPlanet Ilsan),Südkorea
10006708,Goyang (Ilsan Animal Kingdom),Südkorea
10006709,Goyang (Theme Zoozoo),Südkorea
10006710,Goryeong (Minimal Zoo),Südkorea
10006711,Guri (Bug Museum),Südkorea
10006712,Gwangju (Uchi Park Zoo),Südkorea
10006713,Gyeongju (Bird Park),Südkorea
10006714,Hanam (Zoolung),Südkorea
10006715,Hanam (Zoorarium),Südkorea
10006716,Hampyeong (Eco Park Zoo),Südkorea
10006717,Hamyang (Native Fish Ecology Hall),Südkorea
10006718,Hwacheon (Native Fish Experience),Südkorea
10006719,Jeju (Roe Deer Observation Centre),Südkorea
10006720,Jeondong (Bear Tree Park),Südkorea
10006721,Jeongseon (Baby animal farm),Südkorea
10006722,Jeonju (Zoo),Südkorea
10006723,Jeollanam (Seomjingang River Fish Museum),Südkorea
10006724,Jinju (Jinyangho Zoo),Südkorea
10006725,Jindo (Marine Ecology Museum),Südkorea
10006726,Sang (The Zoo of Morning Calm),Südkorea
10006727,Samcheok (Freshwater Aquarium),Südkorea
10006728,Seocheon (Ecorium),Südkorea
10006729,Seogwipo (Aqua Planet Jeju),Südkorea
10006730,Seogwipo (Dolphine Center),Südkorea
10006731,Seoul (Aqua Planet 63 - geschlossen 2024),Südkorea
10006732,Seoul (Childrens Grand Park),Südkorea
10006733,Seoul (Coex Aquarium),Südkorea
10006734,Seoul (Forest Park),Südkorea
10006735,Seoul (Lotte World Aquarium),Südkorea
10006736,Seoul (North Seoul Dream Forest),Südkorea
10006737,Seoul (Seodaemun Museum of Natural History),Südkorea
10006738,Seoul (Zoo),Südkorea
10006739,Seogwipo (Pacific Land),Südkorea
10006740,Seocheon (Osan Ecorium),Südkorea
10006741,Tongyeong (Fisheries Science Museum),Südkorea
10006742,Uljin (Aquarium),Südkorea
10006743,Uljin (Expo Park Animal Farm),Südkorea
10006744,Ulsan (Taehwa Ecotarium),Südkorea
10006745,Ulsan (Grand Park Zoo),Südkorea
10006746,Ulsan (Jangsaengpo Whale Museum),Südkorea
10006747,Yanggu (Korean Goral Conservation Center),Südkorea
10006748,Yangpyeong (Freshwater Fish Learning Centre),Südkorea
10006749,Yangyang (Insectarium),Südkorea
10006750,Yangsan (Tongdo Fantasia),Südkorea
10006751,Yeongdo (National Maritime Museum),Südkorea
10006752,Yeonsu (Marie n Zoo),Südkorea
10006753,Yeosu (Maritime and Fisheries Science Museum),Südkorea
10006754,Yeosu (Aqua Planet),Südkorea
10006755,Yongin (Agriculture Theme Park),Südkorea
10006756,Yongin (Everland),Südkorea
10006757,Ban Long (Tat Kuang Si Bear Rescue Centre),Laos
10006758,Kenue Kang (Lao Conservation Trust for Wildlife),Laos
10006759,Mai Nam Pakan (Khammuan Zoo),Laos
10006760,Pakbeng (Mekong Elephant Park Sanctuary),Laos
10006761,Tha Ngon (Nadeer Farm),Laos
10006762,Vientiane (Smini Zoo),Laos
10006763,Aabadiyeh (Najd Farm),Libanon
10006764,Baabda (Zazoo City),Libanon
10006765,Bir Hasan (Ghobeiry Zoo),Libanon
10006766,Flawiye (Flaoui Zoo),Libanon
10006767,Hammadiyeh (Animal Park),Libanon
10006768,Qatlabah (Rizqallah Zoo),Libanon
10006769,Zekrit (Animal City),Libanon
10006770,Benghazi (Bosco Zoo),Libyen
10006771,Benghazi (Gala Park),Libyen
10006772,Sabratha (Zoo),Libyen
10006773,Tripoli (Zoo),Libyen
10006774,Antananarivo (Tsimbazaza Zoo and Botanical Gardens),Madagaskar
10006775,Hell-Ville (Lemuria Land),Madagaskar
10006776,Ifaty (Le Village des Tortues),Madagaskar
10006777,Imeritsiatosika (Lemurs Park),Madagaskar
10006778,Ivato (Croc Farm Conservatoire Botanique de Madagascar),Madagaskar
10006779,Ivoloina (Parc Zoologique d´Ivoloina),Madagaskar
10006782,Chembe (Lake Malawi National Park Visitors Center),Malawi
10006783,Lilongwe (Wildlife Centre),Malawi
10006784,Ampang (National Zoo / Zoo Negara),Malaysia
10006786,Ayer Keroh (Melaka Butterfly & Reptile Sanctuary),Malaysia
10006787,Ayer Keroh (Zoo Melaka),Malaysia
10006788,Elopura (Sepilok Orangutan Rehabilitation Center),Malaysia
10006789,Elopura (Bornean Sun Bear Conservation Centre),Malaysia
10006790,Durian Tunggal (Melaka Bird Park - geschlossen 2024),Malaysia
10006791,Johor Bahru (Zoo),Malaysia
10006792,Kota Kinabalu (Aquarium & Marine Museum),Malaysia
10006793,Kota Kinabalu (Lok Kawi Wildlife Park),Malaysia
10006794,Kota Kinabalu (Green Connection),Malaysia
10006795,Kuala Lumpur (Aquaria KLCC),Malaysia
10006796,Kuala Lumpur (Bird Park),Malaysia
10006797,Langkawi (Underwater World),Malaysia
10006798,Langkawi (Nature Park),Malaysia
10006799,Melaka (The Shore Oceanarium),Malaysia
10006800,Penang (Bird Park),Malaysia
10006801,Pekan Kuala Baram (Miri Crocodile Farm Wildlife Mini Zoo),Malaysia
10006802,Ranau (Poring Tropical Garden),Malaysia
10006803,Siburan (Jong´s Crocodile Farm),Malaysia
10006804,Taiping (Zoo & Night Safari),Malaysia
10006805,Teluk Sengat (Crocodile World),Malaysia
10006806,Tuaran (Crocodile Farm),Malaysia
10006807,Bamako (Zoo National du Mali),Mali
10006808,Agadir (Birds Valley),Marokko
10006809,Agadir (Crocoparc),Marokko
10006810,Agadir (Dolphin World),Marokko
10006811,Casablanca (Aquadream),Marokko
10006812,Casablanca (Zoo Ain Sbaa),Marokko
10006813,Casablanca (Sindibad Zoo),Marokko
10006814,Errachidia (Park March 3),Marokko
10006815,Meknes (Al-Hoboul Park),Marokko
10006816,Rabat (Jardin Zoologique),Marokko
10006818,Sidi Moussa El Mejdoub (Dream Village),Marokko
10006819,Teveritt (Parc zoologique de Nouakchott),Mauretanien
10006820,Bayanchandmani (Zoo),Mongolei
10006821,Khovd (Zoo Park - geschlossen),Mongolei
10006822,Ulaanbaatar (Aquarium),Mongolei
10006823,Ulaanbaatar (Mini Zoo - geschlossen),Mongolei
10006824,Ulaanbaatar (Zoo and Aquarium - geschlossen 2023),Mongolei
10006825,Mandalay (Yadanarbon Zoo),Myanmar
10006826,Naypyitaw (Zoological Garden),Myanmar
10006827,Pyin Oo Lwin (National Kandawgyi Gardens),Myanmar
10006828,Rangun (Hlawga Park),Myanmar
10006829,Yangon (Zoo),Myanmar
10006830,Brazzaville (Zoolandia),Republik Kongo
10006831,Kinshasa (Zoo),Demokratische Republik Kongo
10006832,Lubumbashi (Zoo),Demokratische Republik Kongo
10006833,Kinshasa (Serpents du Congo),Demokratische Republik Kongo
10006834,Pyongyang (Korea Central Zoo),Nordkorea
10006835,Sariwon (Zoo),Nordkorea
10006836,Haeju (Zoo),Nordkorea
10006837,Wonsan (Zoo),Nordkorea
10006838,Qachas Nek (Snake Park),Lesotho
10006842,Asmara (Biet Ghiorghis Zoo - geschlossen),Eritrea
10006843,Damerjog (Refuge DECAN),Dschibuti
10006844,Hargeisa (Berta Xayawaanka Zoo),Somalia/Somaliland
10006845,al-Chartum Bahri (Kuku Zoo),Sudan
10006846,Al Qadarif (Gadarif Zoo),Sudan
10006847,Kassala (Zoo),Sudan
10006848,Port Sudan (Animals Garden),Sudan
10006849,Koundoul (Case Zoologique),Tschad
10006850,Niamey (Boubou Hama National Museum),Niger
10006851,Niamey (Mini-zoo),Niger
10006852,Garoua (Zoo),Kamerun
10006853,Limbe (Wildlife Centre),Kamerun
10006854,Yaounde (Mefou Primate Park),Kamerun
10006855,Yaounde (Mvog-Betsi Zoo),Kamerun
10006856,Franceville (Centre de Primatologie),Gabun
10006857,Bakoumba (Parc de la Lekedi),Gabun
10006858,Port-Gentil (Parc Animalier et Botanique - geschlossen 2012),Gabun
10006859,Basseterre (Dolphin Discovery St. Kitts),St. Kitts and Nevis
10006860,Montpelier Estates (Nevis Botanical Garden),St. Kitts and Nevis
10006861,Union Castries (Iyanola Zoo),St. Lucia
10006862,New Montrose (St. Vincent Botanical Gardens),St. Vincent und die Grenadinen
10006863,Goodwood (Genesis Nature Park & Art Gallery),Trinidad und Tobago
10006864,Bon Accord (Rovanel´s Resort mini zoo),Trinidad und Tobago
10006865,El Cerro di Aripo (Aripo Eco Resort mini zoo),Trinidad und Tobago
10006866,Port of Spain (Emperor Valley Zoo),Trinidad und Tobago
10006867,Rio Claro (Harry´s Waterpark),Trinidad und Tobago
10006868,Palo Seco (Rancho Quemado mini zoo),Trinidad und Tobago
10006869,Chaguaramas (Safari Eco Park),Trinidad und Tobago
10006870,Crochu (Cabier Ocean Lodge - Spice Island animal rescue sanctuary & petting zoo - geschlossen 2017),Grenada
10006871,Roseau (Botanical Garden / Dominica Parrot Conservation & Research Centre),Dominica
10006872,Trafalgar (Natty Tropical Valley Mini Zoo),Dominica
10006873,Ffryes (Wadadli Animal Nature Park),Antigua und Barbuda
10006874,Willikies (Stingray City Antigua),Antigua und Barbuda
10006886,Philipsburg (Parotte Ville),Niederlande/Sint Maarten
10006887,Bayahibe (Tanama Jungle Ranch),Dominikanische Republik
10006888,Cabarete (Rugama Tours),Dominikanische Republik
10006889,Cabarete (Wilson Zapete´s Jungle River Tour - Minizoo),Dominikanische Republik
10006890,Carretera El Choco (Monkey Jungle Dominican Republic),Dominikanische Republik
10006892,Jarabacoa (Rancho Baiguate),Dominikanische Republik
10006893,Moca (Zoologico Botanico Municipal de Moca),Dominikanische Republik
10006894,Puerto Plata (Ocean World Adventure Park),Dominikanische Republik
10006895,"Punta Cana (Bavaro Princess All Suites Resort, Spa & Casino - Minizoo)",Dominikanische Republik
10006896,Punta Cana (Dolphin Explorer),Dominikanische Republik
10006897,Punta Cana (Dolphin Island Park Bavaro),Dominikanische Republik
10006898,Punta Cana (Manati Park),Dominikanische Republik
10006899,Punta Cana (Paradisus Punta Cana Playas de Bavaro Bavaro - Minizoo),Dominikanische Republik
10006900,Punta Cana (Parque y Reserva Ecologica Ojos Indigenas),Dominikanische Republik
10006901,Punta Cana (Seaquarium Punta Cana),Dominikanische Republik
10006902,"Santiago de los Caballeros (Jardin Botanico de Santiago, Prof. Eugenio De Js. Marcano)",Dominikanische Republik
10006903,Santiago de los Caballeros (Zoologico Hacienda Maria Claridad),Dominikanische Republik
10006904,Santo Domingo (AquaMundo Sambil),Dominikanische Republik
10006905,Santo Domingo (Jardin Botanico Nacional Dr. Rafael Maria Moscoso - Jardin Mariposario Santo Domingo),Dominikanische Republik
10006906,Santo Domingo (Rancho Michelle Villa Mella),Dominikanische Republik
10006907,Santo Domingo (ZOODOM - Parque Zoologico Nacional),Dominikanische Republik
10006908,Santo Domingo Este (Acuario Nacional de la Republica Dominicana),Dominikanische Republik
10006909,Fermate (Baptist Haiti Mission Zoo),Haiti
10006910,Discovery Bay (Dolphin Cove Puerto Seco Beach),Jamaika
10006911,Falmouth (Jamaica Swamp Safari Village),Jamaika
10006912,Kingston (Hope Zoo),Jamaika
10006913,Lacovia (Jamaica Zoo),Jamaika
10006914,Lethe (Animal Farm & Nature Reserve),Jamaika
10006915,Montego Bay (Dolphin Cove Montego Bay),Jamaika
10006916,Negril (Barney´s Flower & Hummingbird Garden Jamaica),Jamaika
10006917,Ocho Rios (Dolphin Cove Moon Palace Jamaica),Jamaika
10006918,Ocho Rios (Dolphin Cove Ocho Rios),Jamaika
10006919,Ocho Rios (The Turtle River Falls & Gardens),Jamaika
10006920,Ocho Rios (Yaaman Adventure Park),Jamaika
10006921,Old Road (Wynters Park & Farm),Jamaika
10006922,Australia (Finca Fiesta Campesina),Kuba
10006923,Baracoa (Parque Zoologico Cacique Guama de Baracoa),Kuba
10006924,Bayamo (Zoologico Parque Granma),Kuba
10006925,Caibarien (Parque Zoologico de Caibarien),Kuba
10006928,Cardenas (Jardin Zoologico de Cardenas),Kuba
10006929,Cayo Guillermo (Delfinario De Cayo Guillermo),Kuba
10006930,Cayo Largo (Delfinario Cayo Largo),Kuba
10006931,Cayo Naranjo (Delfinario de Bahia de Naranjo),Kuba
10006932,Cayo Saetia (Parque Natural Cayo Saetia),Kuba
10006933,Cayo Santa Maria (Acuario y Delfinario Cayo Santa Maria),Kuba
10006934,Ciego de avila (Parque Zoologico Provincial de Ciego de avila),Kuba
10006935,Colon (Microzoologico de Colon),Kuba
10006936,Cumanayagua (Parque Zoologico de Cumanayagua),Kuba
10006937,El Verraco (Acuario de Baconao),Kuba
10006938,Florida (Parque Zoologico de Florida),Kuba
10006939,Guantanamo (Parque Elpidio Valdes - Acuario),Kuba
10006940,Guantanamo (Parque Zoologico de Guantanamo - Plaza 24 de Febrero),Kuba
10006941,Jovellanos (Zoologico de Jovellanos - geschlossen),Kuba
10006942,La Habana (Acuario de Habana Vieja),Kuba
10006943,La Habana (Acuario del Parque Lenin),Kuba
10006944,La Habana (Acuario Nacional de Cuba),Kuba
10006945,La Habana (Jardin Zoologico de la Habana),Kuba
10006946,La Habana (Parque Zoologico Nacional de Cuba),Kuba
10006947,Las Tunas (Zoologico de Las Tunas),Kuba
10006948,Manzanillo (Parque Zoologico Bartolome Maso Marquez),Kuba
10006949,Matanzas (Micro-Zoologico Parque Watkin),Kuba
10006950,Nueva Gerona (Parque Zoologico de Isla de la Juventud),Kuba
10006951,Playa Larga (Criadero de Cocodrilos),Kuba
10006952,Playa Rancho Luna (Delfinario Cienfuegos),Kuba
10006953,Puerto Padre (Parque Zoologico Municipal de Puerto Padre),Kuba
10006954,Sancti Spirtus (Zoologico Sancti Spirtus),Kuba
10006955,Santa Clara (Parque Zoologico Villa Clara),Kuba
10006956,Santiago de Cuba (Acuario Central de Santiago de Cuba),Kuba
10006957,Santiago de Cuba (Parque Zoologico de Santiago de Cuba),Kuba
10006958,Sibanicu (Mini Zoo Sibanicu),Kuba
10006959,Varadero (Delfinario Rancho Cangrejo),Kuba
10006960,Varadero (Delfinario Varadero),Kuba
10006961,Varadero (Microzoologico de Varadero),Kuba
10006962,Oranjestad (The Butterfly Farm Aruba),Niederlande/Aruba
10006963,Oranjestad (Buccaneer Aquarium),Niederlande/Aruba
10006964,Noord (Philip´s Animal Garden),Niederlande/Aruba
10006965,Paradera (Aruba Ostrich Farm),Niederlande/Aruba
10006966,Santa Cruz (Donkey Sanctuary Aruba),Niederlande/Aruba
10006967,Kralendijk (Sea Turtle Conservation Bonaire),Niederlande/Bonaire
10006968,Kralendijk (Donkey Sanctuary Bonaire),Niederlande/Bonaire
10006974,La Democracia (The Belize Zoo),Belize
10006975,Hicks Cays (St Georges Aquarium),Belize
10006976,Ciudad de Guatemala (La Aurora Zoo),Guatemala
10006977,Ciudad de Guatemala (Mundo Petapa Irtra),Guatemala
10006978,Flores (Zoologico Petencito Flores Peten),Guatemala
10006979,Guanagazapa Escuintla (Auto Safari Chapin),Guatemala
10006980,Quezaltenango (Zoologico Minerva),Guatemala
10006981,Santa Cruz de Yojoa (Joya Grande Zoo y Eco Parque),Honduras
10006982,French Cay (AJ´s Monkeys and Sloths),Honduras
10006983,French Cay (Arch´s Iguana & Marine Park),Honduras
10006984,Roatan (Mayan Eden),Honduras
10006985,French Cay (Daniel Johnson´s Monkey and Sloth Hang Out),Honduras
10006986,Tegucigalpa (Zoologico Metropolitano Rosy Walther),Honduras
10006987,Cerro Grande (Zoologico de El Ocotal),Honduras
10006988,Juticalpa (Villas Del Bosque Animal Park),Honduras
10006989,Tela (Tela Marine),Honduras
10006990,Jayaque (Fundacion Refugio Salvaje (FURESA)),El Salvador
10006991,San Salvador (Zoologico Nacional),El Salvador
10006992,Somoto (Mini Zoo),Nicaragua
10006993,Leon (Zoo Arlen Siu),Nicaragua
10006994,San Pedro (Zoologico Nacional de Nicaragua),Nicaragua
10006995,Juigalpa (Thomas Belt Zoo),Nicaragua
10006997,Upala (Blue River Resort & Hot Springs - Mariposario),Costa Rica
10006998,El Salto (Africa Safari Adventure Park),Costa Rica
10006999,Bijagua de Upala (Jardin y Mariposario Peniel),Costa Rica
10007000,Bagaces (Finca Verde Lodge - Mariposario),Costa Rica
10007002,Puerto Carillo (La Selva Wildlife Refuge & Zoo),Costa Rica
10007003,Puna Islita (Macaw Recovery Network),Costa Rica
10007004,Montezuma (Butterfly Brewing Co. & Imago Brew Pub - Mariposario),Costa Rica
10007005,La Fortuna (The Springs Resort & Spa at Arenal),Costa Rica
10007006,La Fortuna (Arenal Natura Ecological Park),Costa Rica
10007007,La Fortuna (Ecocentro Danaus),Costa Rica
10007009,La Fortuna (Granja Eco Turistica Victoria),Costa Rica
10007010,El Castillo-Arenal (Butterfly Conservatory),Costa Rica
10007011,Tilaran (Selvatura Adventure Park),Costa Rica
10007012,Monteverde (Ranario de Monteverde),Costa Rica
10007013,Monteverde (Monteverde Butterfly Gardens),Costa Rica
10007014,Monteverde (The Bat Jungle),Costa Rica
10007015,Pitahaya (NATUWA Wildlife Sanctuary),Costa Rica
10007016,Puntarenas (Parque Marino del Pacifico),Costa Rica
10007017,San Carlos (Proyecto Asis),Costa Rica
10007018,San Carlos (Centro De Rescate La Marina),Costa Rica
10007019,Venecia (Mariposario Alas Del Destino),Costa Rica
10007021,San Ramon (Mariposario El Cocora),Costa Rica
10007022,San Ramon (Parque Aventura San Luis - Mariposario),Costa Rica
10007023,San Ramon (Mariposario Vida de Colores),Costa Rica
10007024,San Ramon (Vivero el Jardin),Costa Rica
10007025,Alajuela (Doka Estate Costa Rica Coffee Tour & Plantation - Mariposario),Costa Rica
10007026,Alajuela (Rescate Wildlife Rescue Center (ehemals ZooAve)),Costa Rica
10007027,Guacima (Mariposario La Casa de la Morpho Azul),Costa Rica
10007028,Concepcion (National Technical University Atenas Campus - Mariposario),Costa Rica
10007029,Playa Agujas (Mariposario Punta leona),Costa Rica
10007030,Herradura (Neo Fauna CR),Costa Rica
10007031,Jaco (Rainforest Adventures Jaco),Costa Rica
10007032,Angeles (Centro Rescate de animales-Paraiso Carlisa),Costa Rica
10007033,Sarapiqui (Wildlife Center Snake Garden),Costa Rica
10007034,Sarapiqui (Frogs Heaven),Costa Rica
10007035,Heredia (Pierella Ecological Garden),Costa Rica
10007036,Guapiles (Rainforest Adventures Braulio Carrillo),Costa Rica
10007037,Limon (Veragua Rainforest Eco-Adventure),Costa Rica
10007038,Penshurt (Santuario de Perezosos de Costa Rica),Costa Rica
10007039,Punta Cocles (Jaguar Rescue Center),Costa Rica
10007040,Manzanillo (Iguana Verde),Costa Rica
10007041,San Josecito (Toucan Rescue Ranch),Costa Rica
10007042,Vasquez de Coronado (Instituto Clodomiro Picado - Serpentario),Costa Rica
10007043,Santa Ana (Centro de Conservacion de Santa Ana - geschlossen 2024),Costa Rica
10007044,Santa Ana (Refugio Animal de Costa Rica),Costa Rica
10007045,Escazu (Mariposario Butterfly Kingdom Costa Rica),Costa Rica
10007046,San Jose (Mariposario Spirogyra),Costa Rica
10007047,San Jose (Simon Bolivar Zoo and Botanical Garden - geschlossen 2024),Costa Rica
10007048,San Jose (National Museum of Costa Rica - Mariposario),Costa Rica
10007049,Mercedes (UCR Mariposario - Mariposario),Costa Rica
10007050,Quebradilla (Mariposario Metamorfosis),Costa Rica
10007051,San Jose (Jardin Ecologico Los Navarro - Mariposario),Costa Rica
10007052,Turrialba (Mariposario Paraiso de Mariposas),Costa Rica
10007053,Turrialba (Finca Vialig - Mariposario),Costa Rica
10007054,Naranjito (Kids Saving the Rainforest),Costa Rica
10007055,Quepos (Greentique Wildlife Refuge),Costa Rica
10007056,Platanillo (Parque Reptilandia),Costa Rica
10007057,Dominical (Alturas Wildlife Sanctuary),Costa Rica
10007058,Anton Valley (Nispero Zoo),Panama
10007059,Anton Valley (Serpentario Maravillas Tropicales),Panama
10007060,El Chiru (Buenaventura Zoo),Panama
10007061,Gamboa (Gamboa Sloth Sanctuary),Panama
10007062,Las Lomas (Raptors to the Rescue),Panama
10007063,Maria Chiquita (Safarick´s Zoologico - Animal Rescue & Rehabilitation),Panama
10007064,Palmira Centro (Jungla de Panama Wildlife Refuge),Panama
10007065,Summit (Parque Municipal Summit),Panama
10007066,Volcan (Raquel´s Ark & Bed and Breakfast),Panama
10007067,Korotogo (Kula Wild Adventure Park (ehemals Kula Eco Park)),Fidschi
10007072,Lae (The Unitech Rainforest Habitat),Papua-Neuguinea
10007074,Tanubada (Adventure Park Papua Neuguinea - vormals Port Moresby University Adventure Park),Papua-Neuguinea
10007075,Koror (Palau Aquarium),Palau
10007076,Koror (Dolphins Pacific),Palau
10007077,Babeldaob (Crocodile Farm - geschlossen),Palau
10007078,Christmas Island Shire (The Pink House Research Station),Australien/Weihnachtsinsel
10007079,Arorangi District (Discover Marine Wildlife and Eco Centre),Neuseeland/Cook-Island
10007080,Nuku´alofa (Turtle sanctuary - geschlossen 2014),Tonga
10007081,Eratap (The Reef Vanuatu Zoological - geschlossen 2024),Vanuatu
10007082,Port Vila (Turtle Sanctuary / Bluewater Island Resort Aquarium),Vanuatu
10007083,Port Havannah (Tranquility Turtle Sanctuary),Vanuatu
10007084,Anse Royale (Le Jardin du Roi),Seychellen
10007085,Cap Samy (Tortoise sanctuary),Seychellen
10007086,Curieuse (Curieuse Giant Tortoise Conservation Project - Tortoise Sanctuary),Seychellen
10007087,Desroches (Tortoise sanctuary),Seychellen
10007088,La Digue (L´Union Estate - Tortoise farm),Seychellen
10007089,Silhouette (Seychelles Giant Tortoise Conservation Project - Tortois Sanctuary),Seychellen
10007090,Victoria (Mont Fleuri Botanical Gardens),Seychellen
10007091,Balaclava (Giant Tortoise Park),Mauritius
10007092,Cascavelle (Casela Nature Park - ehemals Casela World of Adventures),Mauritius
10007093,Cascavelle (Safari Adventures Mauritius im Casela Park),Mauritius
10007094,Grande Riviere Noir (Gerald Durell Endemic Wildlife Sanctuary),Mauritius
10007095,La Preneuse (Visitor´s Centre of Black River Gorges National Park),Mauritius
10007096,Mahebourg (Ile aux Aigrettes Nature Reserve),Mauritius
10007097,Pamplemousses (Sir Seewoosagur Ramgoolam Botanical Garden),Mauritius
10007098,Plain Corail (Francois Leguat Tortoise Parc),Mauritius
10007099,Port Louis (Odysseo Oceanarium Mauritius),Mauritius
10007100,Port Louis (Tortoise Park),Mauritius
10007101,Riviere des Anguilles (La Vanille Reserve des Mascareignes),Mauritius
10007102,St. Hubert (Le Val Nature Park),Mauritius
10007103,L´etang-Sale (CrocParc),Frankreich/La Reunion
10007104,L´etang-Sale (Zoo Parc de la Reunion),Frankreich/La Reunion
10007105,Les Avirons (Le jardin des tortues),Frankreich/La Reunion
10007106,Saint-Leu (Kelonia L´Observatoire des Tortues Marines),Frankreich/La Reunion
10007107,St. Paul (Aquarium de la Reunion),Frankreich/La Reunion
10007108,Dhunikolhu (Turtle rescue center),Malediven
10007109,Naifaru (Atoll Marine Center),Malediven
10007110,Anuradhapura (Gajaba Zoo),Sri Lanka
10007111,Battaramulla (Diyatha Uyana Aquarium),Sri Lanka
10007112,Dehiwala-Mount Lavinia (Dehiwala Zoo / Colombo Zoo),Sri Lanka
10007113,Gonawala (Water World Kelaniya),Sri Lanka
10007114,Kandy (Hanthana International Bird Park & Recreation Center),Sri Lanka
10007115,Molagoda (Elephant Village),Sri Lanka
10007116,Rambukkana (Ananda Elephant Sanctuary),Sri Lanka
10007117,Rambukkana (Pinnawala Elephant Orphanage),Sri Lanka
10007118,Rambukkana (Pinnawala Zoo),Sri Lanka
10007119,Ridigayama (Safari Park),Sri Lanka
10007120,Telijjawila (Snake Farm Telijjawila),Sri Lanka
10007121,Weligama (Sri Lankan Snake Farm - Weligama),Sri Lanka
10007122,Santa Maria (Pachamama Eco Park - Viveiro Botanical Garden),Cabo Verde
10007124,Baranoa (Ranch Texas - Granja Jurasica),Kolumbien
10007125,Barranquilla (Zoologico de Barranquilla),Kolumbien
10007126,Bolivar (Aviario Nacional De Colombia),Kolumbien
10007127,Cali (Zoologico de Cali),Kolumbien
10007128,Cartagena (Port Oasis Eco Park),Kolumbien
10007129,Cota (Bioparque la Reserva),Kolumbien
10007130,Doradal (Hacienda Napoles),Kolumbien
10007131,El Rodadero (Acuario Mundo Marino),Kolumbien
10007132,Islas del Rosario (Oceanario),Kolumbien
10007133,Leticia (EcoParque Etuana),Kolumbien
10007134,Magdalena (Acuario Rodadero),Kolumbien
10007135,Medellin (Parque de la Conservacion),Kolumbien
10007136,Medellin (Parque Explora),Kolumbien
10007137,Melgar (Zoologico Cafam Melgar),Kolumbien
10007138,Nilo (Recreational Park and Zoo Piscilago Colsubsidio),Kolumbien
10007140,Puerto Lopez (Parque Avestruz),Kolumbien
10007141,San Antonio del Tequendama (Zoologico Santacruz),Kolumbien
10007142,Tibasosa (Biopark Guatika),Kolumbien
10007143,Tocancipa (Parque Jaime Duque - Bioparque Wakatá),Kolumbien
10007144,Villavicencio (Bioparque Los Ocarros),Kolumbien
10007145,Barinas (Jardin Botanico de la UNELLEZ),Venezuela
10007146,Bolivar (Parque Loefling),Venezuela
10007147,Capacho (Parque zoologico La Laguna),Venezuela
10007148,Caracas (Caricuao Zoo),Venezuela
10007149,Caracas (El Pinar Zoo),Venezuela
10007150,Caracas (Parque Generalisimo Francisco de Miranda (ehemals Parque del Este)),Venezuela
10007151,Dos Mosquises (Refugio de Tortugas Dos Mosquises),Venezuela
10007152,La Marroquine (Parque de la Exotica Flora Tropical),Venezuela
10007153,Lara (Parque Tematico Bosque Macuto),Venezuela
10007154,Lara (Parque Zoologico y Botanico Bararida),Venezuela
10007155,Maracaibo (Parque zoologico metropolitano del Zulia),Venezuela
10007156,Maracay (Zoologica Las Delicias),Venezuela
10007157,Maturin (Parque y Zoologico La Guaricha),Venezuela
10007158,Merida (Parque Zoologico Chorros de Milla),Venezuela
10007159,Polamar (Waterland Marina Mundo),Venezuela
10007160,Punta Cardon (Zoologico Paraguana),Venezuela
10007161,Valencia (Acuario),Venezuela
10007162,Georgetown (Guyana Zoo),Guyana
10007163,Georgetown (Hyde Park Zoo),Guyana
10007164,Paramaribo (Dieren Park van Paramaribo - Zoo),Suriname
10007165,Lelydorp (Suriname BIRD paradise),Suriname
10007167,Groningen (Green Heritage Fund Suriname Sloth Santuary),Suriname
10007168,Lelydorp (Neotropical Butterfly Park),Suriname
10007171,Colonche (Zoologico Rapaz Lana),Ecuador
10007172,Cotundo (Zoologico El Arca),Ecuador
10007173,Cuenca (Amaru Zoologico Bioparque),Ecuador
10007174,Guayaquil (Parque Seminario),Ecuador
10007175,Guayaquil (Zoo el Pantanal / Guayaquil Zoo),Ecuador
10007176,Guayaquil (Zoologico Del Parque Historico),Ecuador
10007177,Ilalo (Jardin Alado Ilalo),Ecuador
10007178,La Concordia (Fundacion Centro Rescate James Brown),Ecuador
10007179,Mindo (Mariposas de Mindo),Ecuador
10007180,Otavalo (Parque Condor),Ecuador
10007181,Puerto Ayora (Herbario de la Estacion Cientifica Charles Darwin),Ecuador
10007182,Puerto Villamil (Centro de Crianza Tortugas Gigantes Arnaldo Tupiza Chamaidan),Ecuador
10007183,Puyo (Fundacion Los Monos Selva y Vida),Ecuador
10007184,Puyo (Zoorefugio Tarqui),Ecuador
10007185,Quito (Vivarium de Quito),Ecuador
10007186,Quito (Zoologico de Quito / Zoologico de Guayllabamba),Ecuador
10007187,Santo Domingo de los Colorados (Zoologico la isla del Tapir),Ecuador
10007188,Tarqui (Zoologico Yurak Allpa),Ecuador
10007189,Tena (Amazoonico Animal Rescue Centre),Ecuador
10007190,Valdivia (Parque Marino Valdivia),Ecuador
10007191,Abancay (Parque Ecologico El Mirador),Peru
10007192,Aguas Calientes (Mariposario de Machu Picchu),Peru
10007193,Ayacucho (Centro Ecologico Recreacional La Totorilla ),Peru
10007194,Callao (Parque Tematico cachalico),Peru
10007195,Choquepata (Zoologico Mundo Andino),Peru
10007196,Comas (Acuario Nautilus),Peru
10007197,Cusco (Awana Kancha),Peru
10007198,Cusco (Cochahuasi Animal Sanctuary),Peru
10007199,Cusco (Zoologico UNSAAC),Peru
10007200,El Rodadero (Acuario Mundo Hippocampus),Peru
10007201,Huancayo (Zoologico Municipal),Peru
10007202,Huanchaco (Zoo),Peru
10007203,Indiana (La isla de los monos),Peru
10007204,Iquitos (Centro de rescate de fauna silvestre Pirana Park),Peru
10007205,Iquitos (Centro de Custodia Temporal Paraiso del Amazonas),Peru
10007206,Iquitos (Pilpintuwasi),Peru
10007207,Lago Yarinacocha (LA JUNGLA Centro de Conservacion y Rescate de Flora y Fauna Silvestre),Peru
10007208,Lima (La Granja Villa),Peru
10007209,Lima (Parque de Las Leyendas),Peru
10007210,Lima (Parque Zoologico Huachipa),Peru
10007211,"Lima (Zoocriadero de Colegio de la Inmaculada, Jesuitas)",Peru
10007212,Lima (Zoocriadero el Huayco),Peru
10007213,Lurin (Granja Interactiva Fundo San Vicente),Peru
10007214,Manu (Centro de Rescate de Animales Silvestres Dos Loritos),Peru
10007215,Palestina (Mariposario De palestina),Peru
10007216,Paucarpata (Zoo Mundo Arequipa Parque),Peru
10007217,Pimentel (Zoocriadero de aves gigantes),Peru
10007218,Piura (Parque Ecologico Kurt Beer),Peru
10007219,Pucallpa (Parque Natural de Pucallpa),Peru
10007220,Puerto Maldonado (Amazon Shelter),Peru
10007221,Puerto Maldonado (Centro Recreacional El Jaguar - geschlossen 2021),Peru
10007222,Puerto Pizarro (Zoocriadero de Cocodrilos),Peru
10007223,Quistococha (Complejo turistico de Quistococha),Peru
10007225,San Ramon (Mariposario Zhaveta Yard),Peru
10007226,Tarapoto (Biodiversidad San Martin),Peru
10007227,Tarapoto (Centro Urku),Peru
10007228,Tarapoto (Cerelias - Centro de Rescate y Liberacion de Animales Silvestres),Peru
10007229,Tarapoto (Mariposario y Ranario Monarca),Peru
10007230,Tingo Maria (Centro de Rescate Mundo Natural),Peru
10007231,Varillal (Centro de Rescate Amazonico),Peru
10007232,Victor Larco Herrera (Zoocriadero Vida Salvaje),Peru
10007233,Ucayali (Esperanza Verde),Peru
10007234,Santa Cruz de la Sierra (Zoologico Municipal de Santa Cruz De La Sierra),Bolivien
10007235,La Paz (Bioparque Municipal Vesty Pakos Sofro),Bolivien
10007236,Samaipata (Refugio Jacha Inti),Bolivien
10007237,Oruro (Zoologico),Bolivien
10007238,Tarija (Parque Urbano Central),Bolivien
10007239,Samaipata (Area de Bisonte americano),Bolivien
10007240,Villa Tunari (Parque Jacj Cuisi),Bolivien
10007242,Quillacollo (Parque de Aves Agroflori),Bolivien
10007243,Hernandarias (Centro de Investigacion de Animales Silvestres),Paraguay
10007244,Cerro Cora (Zoologico Granja Francisca),Paraguay
10007245,San Ignacio (Granja y Zoologico San Miguel),Paraguay
10007246,Asuncion (Zoologico de Asuncion),Paraguay
10007247,Encarnacion (Mini Zoo del Juan XXIII),Paraguay
10007248,Durazno (Bioparque Washington Rodriguez Piquinela),Uruguay
10007249,Fray Bentos (Bioparque MBopicua),Uruguay
10007250,Montevideo (Parque Lecocq),Uruguay
10007251,Montevideo (Zoologico Villa Dolores),Uruguay
10007252,Piriapolis (Reserva de Flora y Fauna Autoctona del Cerro Pan de Azucar),Uruguay
10007253,Tacuarembo (Zoologico Municipal),Uruguay
10007254,Rincon de Bonete (Reserva Acuario),Uruguay
10007255,Colonia del Sacramento (Acuario Colonia del Sacramento),Uruguay
10007256,Piriapolis (Alternatus Uruguay - Centro Educativo de Cria y Rescate de Reptiles),Uruguay
10007257,San Carlos (Parque Municipal Medina),Uruguay
10007258,Rivera (Mi Zoo),Uruguay
10007259,Buin (Zoo),Chile
10007260,Recoleta (Zoologico Nacional de Santiago),Chile
10007261,Rumizapa (Selva Viva Park),Peru
10007262,La Sarena (Parque Pedro de Valdivia),Chile
10007263,La Sarena (Zoologico la Serena),Chile
10007264,"Coquimbo (Acuario/Museo Facultad de Ciencias del Mar, UCN)",Chile
10007265,Los Vilos (Hatchery Aquarium-Los Vilos),Chile
10007266,Quilque (Zoo),Chile
10007267,Valparaiso (Acuario de Valparaiso),Chile
10007268,Lampa (Zoo),Chile
10007269,Lo Barnechea (Mampato Lo Barnechea),Chile
10007270,Santiago (Aquamundo Aquarium),Chile
10007271,Penaflor (Centro de Primates Penaflor),Chile
10007272,Isla de Maipo (Estacionamiento Granja Educativa),Chile
10007273,Rancagua (Parque Safari),Chile
10007274,Linares (Casa Noe Mundo Animal),Chile
10007275,Quillon (Bioparque Quillon),Chile
10007276,Concepcion (Zoo),Chile
10007277,Los Angeles (Zoologico Los Angeles),Chile
10007278,Puyehue (Acuario Lago Puyehue),Chile
10007279,Quilpue (Granja Alturas Del Sol),Chile
10007280,Cuinco Alto (Zoo),Chile
10007281,Batan (Bioparque Batan),Argentinien
10007283,Buenos Aires (Eco Parque - vormals Jardin Zoologico),Argentinien
10007284,Buneos Aires (Acuario Gaston Huysmans - Club de Pescadores),Argentinien
10007285,Casa Grande (Tatu Carreta - Zoologico Abierto),Argentinien
10007286,Cordoba (Parque de la Biodiversidad - vormals Zoo),Argentinien
10007287,La Plata (Zoo de La Plata Jardin Zoologico y Botanico),Argentinien
10007288,Las Rosas (Serpentario Machaqway),Argentinien
10007289,Lujan (Zoologico de Lujan),Argentinien
10007290,Mar del Plata (Aquarium Mar del Plata - geschlossen 2025),Argentinien
10007291,Mendoza (Serpentario Centro Anaconda),Argentinien
10007292,Mendoza (Zoo en Ecoparque de Mendoza),Argentinien
10007293,Puerto Iguazu (Biocentro Iguazu),Argentinien
10007295,San Clemente del Tuyu (Mundo Marino),Argentinien
10007296,Saenz Pena (Complejo Ecologico Saenz Pena),Argentinien
10007297,Cordoba (Proyecto Caraya),Argentinien
10007298,Olavarria (BioParque Municipal La Maxima),Argentinien
10007299,Montecarlo (Acuario Montecarlo),Argentinien
10007300,Montecarlo (Zoobalpark),Argentinien
10007301,America (Eco de America),Argentinien
10007302,Santa Fe (Granja la Esmeralda),Argentinien
10007303,Tucuman (Reserva Fitozoologica San Pedro de Colalao),Argentinien
10007304,Villa General Belgrano (Arca de Noe - Parque de Aventura),Argentinien
10007305,Coki Point (Coral World Ocean Park),Vereinigte Staaten von Amerika/Amerikanische Jungferninseln
10007306,Havensight (Butterfly Garden St. Thomas - geschlossen 2025),Vereinigte Staaten von Amerika/Amerikanische Jungferninseln
10007307,Charlotte Amalie (Solberg Farm),Vereinigte Staaten von Amerika/Amerikanische Jungferninseln
10007309,Quebradillas (Mariposario Honorio Hernandez),Vereinigte Staaten von Amerika/Puerto Rico
10007310,Arecibo (Arecibo Lighthouse and Historical Park),Vereinigte Staaten von Amerika/Puerto Rico
10007311,Utuabo (Mariposario Jardin Tanama),Vereinigte Staaten von Amerika/Puerto Rico
10007312,Adjuntas (Mariposario del Casa Pueblo de Adjuntas),Vereinigte Staaten von Amerika/Puerto Rico
10007313,Ponce (Museo Castillo Serralles - Mariposario),Vereinigte Staaten von Amerika/Puerto Rico
10007314,Bayamon (Parque de las Ciencias Luis A. Ferre),Vereinigte Staaten von Amerika/Puerto Rico
10007315,San Juan (Colegio angeles Custodios Calle Sicilia - Mariposario Aula Verde),Vereinigte Staaten von Amerika/Puerto Rico
10007316,Guaynabo (Parque Forestal la Marquesa),Vereinigte Staaten von Amerika/Puerto Rico
10007317,Cayo Santiago (Caribbean Primate Research Center UPR-MSC Cayo Santiago Station),Vereinigte Staaten von Amerika/Puerto Rico
10007318,Vega Baja (Kiras World Exotics Mini Zoo),Vereinigte Staaten von Amerika/Puerto Rico
10007319,Tamuning (UnterWater World),Vereinigte Staaten von Amerika/Guam
10007320,Tamuning (Guam Zoo),Vereinigte Staaten von Amerika/Guam
10007321,Florence (University of North Alabama - George H. Carroll Lion Habitat),Vereinigte Staaten von Amerika
10007322,Attalla (Tigers For Tomorrow Exotic Animal Preserve),Vereinigte Staaten von Amerika
10007323,Birmingham (McWane Science Center),Vereinigte Staaten von Amerika
10007324,Birmingham (Zoo),Vereinigte Staaten von Amerika
10007325,Pelham (Alabama Wildlife Center),Vereinigte Staaten von Amerika
10007326,Montgomery (Zoo & Mann Wildlife Learning Museum),Vereinigte Staaten von Amerika
10007327,Dauphin Island (Alabama Aquarium at the Dauphin Island Sea Lab),Vereinigte Staaten von Amerika
10007328,Gulf Shores (Alabama Gulf Coast Zoo),Vereinigte Staaten von Amerika
10007329,Fairbanks (UAF Large Animal Research Station),Vereinigte Staaten von Amerika
10007330,Palmer (The Musk Ox Farm),Vereinigte Staaten von Amerika
10007331,Palmer (Reindeer Farm),Vereinigte Staaten von Amerika
10007332,Palmer (Pratt Museum),Vereinigte Staaten von Amerika
10007333,Anchorage (Alaska Zoo),Vereinigte Staaten von Amerika
10007334,Girdwood (Alaska Wildlife Conservation Center),Vereinigte Staaten von Amerika
10007335,Seward (Alaska SeaLife Center),Vereinigte Staaten von Amerika
10007336,Sitka (Fortress of the Bear),Vereinigte Staaten von Amerika
10007337,Apache Junction (Superstition Serpentarium),Vereinigte Staaten von Amerika
10007338,Benson (The Oasis Sanctuary Foundation),Vereinigte Staaten von Amerika
10007339,Camp Verde (Out of Africa Wildlife Park),Vereinigte Staaten von Amerika
10007340,Eager (R LAZY J Wildlife Ranch - geschlossen 2024),Vereinigte Staaten von Amerika
10007341,"Litchfield Park (Wildlife World Zoo, Aquarium and Safari Park)",Vereinigte Staaten von Amerika
10007342,Marana (Ghost Ranch Exotics and Funny Foot Farm),Vereinigte Staaten von Amerika
10007343,Phoenix (Zoo),Vereinigte Staaten von Amerika
10007344,Picacho (Rooster Cogburn Ostrich Ranch),Vereinigte Staaten von Amerika
10007345,Prescott (Heritage Park Zoological Sanctuary),Vereinigte Staaten von Amerika
10007346,Sasabe (Buenos Aires National Wildlife Refuge - Visitor Center),Vereinigte Staaten von Amerika
10007347,Scottsdale (Southwest Wildlife Conservation Center),Vereinigte Staaten von Amerika
10007348,Scottsdale (Butterfly Wonderland),Vereinigte Staaten von Amerika
10007349,Scottsdale (OdySea Aquarium),Vereinigte Staaten von Amerika
10007350,Tempe (Sea Life Arizona),Vereinigte Staaten von Amerika
10007351,Tucson (Arizona-Sonora Desert Museum),Vereinigte Staaten von Amerika
10007352,Tucson (Reid Park Zoo),Vereinigte Staaten von Amerika
10007353,Valentine (Keepers of the Wild Nature Park),Vereinigte Staaten von Amerika
10007354,Williams (Bearizona Wildlife Park),Vereinigte Staaten von Amerika
10007355,Williams (Grand Canyon Deer Farm),Vereinigte Staaten von Amerika
10007356,Window Rock (Navajo Nation Zoo - Dine Bikeyah binaaldeehii doo chil danilinidi),Vereinigte Staaten von Amerika
10007357,Eureka Springs (Turpentine Creek Wildlife Refuge),Vereinigte Staaten von Amerika
10007358,Hot Springs (Arkansas Alligator Farm & Petting Zoo),Vereinigte Staaten von Amerika
10007359,Little Rock (Little Rock Zoo),Vereinigte Staaten von Amerika
10007360,Aurora (Plains Conservation Center),Vereinigte Staaten von Amerika
10007361,Colorado Springs (Cheyenne Mountain Zoo),Vereinigte Staaten von Amerika
10007362,Denver (Zoo),Vereinigte Staaten von Amerika
10007363,Denver (Downtown Aquarium),Vereinigte Staaten von Amerika
10007364,Divide (Colorado Wolf and Wildlife Center),Vereinigte Staaten von Amerika
10007365,Keenesburg (The Wild Animal Sanctuary),Vereinigte Staaten von Amerika
10007366,Littleton (SeaQuest Littleton - geschlossen 2024),Vereinigte Staaten von Amerika
10007367,Mosca (Colorado Gators Reptile Park),Vereinigte Staaten von Amerika
10007368,Pueblo (Nature & Wildlife Discovery Center - Raptor Center),Vereinigte Staaten von Amerika
10007369,Pueblo (Zoo),Vereinigte Staaten von Amerika
10007370,Westcliffe (Mission: Wolf),Vereinigte Staaten von Amerika
10007371,Westminster (Butterfly Pavilion),Vereinigte Staaten von Amerika
10007372,Ansonia (Ansonia Nature & Recreation Center),Vereinigte Staaten von Amerika
10007373,Bridgeport (Connecticuts Beardsley Zoo),Vereinigte Staaten von Amerika
10007374,Enfield (Riverside Reptiles Education Center),Vereinigte Staaten von Amerika
10007375,Goshen (Action Wildlife Foundation),Vereinigte Staaten von Amerika
10007376,Litchfield (Livingston Ripley Waterfowl Conservancy),Vereinigte Staaten von Amerika
10007377,Mystic (Aquarium),Vereinigte Staaten von Amerika
10007378,Norwalk (The Maritime Aquarium at Norwalk),Vereinigte Staaten von Amerika
10007379,Sharon (Audubon-Sharon Audubon Center),Vereinigte Staaten von Amerika
10007380,West Hartford (The Childrens Museum),Vereinigte Staaten von Amerika
10007381,Wilmington (Brandywine Zoo),Vereinigte Staaten von Amerika
10007382,Townsend (3 Palms Zoo & Education Center),Vereinigte Staaten von Amerika
10007383,Washington (Smithsonians National Zoo),Vereinigte Staaten von Amerika
10007384,Washington (Smithsonians National Museum of Natural History),Vereinigte Staaten von Amerika
10007385,Arcadia (Lions Tigers & Bears Inc),Vereinigte Staaten von Amerika
10007386,Auburndale (Genesis Zoology Center),Vereinigte Staaten von Amerika
10007387,Boca Raton (Daggerwing Nature Center),Vereinigte Staaten von Amerika
10007388,Boca Raton (Gumbo Limbo Nature Center),Vereinigte Staaten von Amerika
10007389,Bonita Springs (Everglades Wonder Gardens),Vereinigte Staaten von Amerika
10007390,Bradenton (The Bishop Museum of Science and Nature (ehemals South Florida Museum)),Vereinigte Staaten von Amerika
10007391,Bushnell (Florida International Teaching Zoo),Vereinigte Staaten von Amerika
10007392,Cape Canaveral (Golf N Gator),Vereinigte Staaten von Amerika
10007393,"Christmas (Jungle Adventures, A Real Florida Animal Park)",Vereinigte Staaten von Amerika
10007394,Citra (Endangered Animal Rescue Sanctuary),Vereinigte Staaten von Amerika
10007395,Clearwater (Marine Aquarium),Vereinigte Staaten von Amerika
10007396,Coconut Creek (Butterfly World),Vereinigte Staaten von Amerika
10007397,Coral Springs (Sawgrass Nature Center),Vereinigte Staaten von Amerika
10007398,Crestview ( Emerald Coast Zoo),Vereinigte Staaten von Amerika
10007399,Dade City (Giraffe Ranch),Vereinigte Staaten von Amerika
10007400,Davie (Flamingo Gardens),Vereinigte Staaten von Amerika
10007401,DeLand (The Reptile Discovery Center),Vereinigte Staaten von Amerika
10007402,Delray Beach (Sandoway Discovery Center),Vereinigte Staaten von Amerika
10007403,Duck Key (Dolphin Connection - geschlossen 2026),Vereinigte Staaten von Amerika
10007404,Fort Lauderdale (Museum of Discovery and Science),Vereinigte Staaten von Amerika
10007405,Fort Myers (Calusa Nature Center & Planetarium),Vereinigte Staaten von Amerika
10007406,Fort Myers (IMAG History & Science Center),Vereinigte Staaten von Amerika
10007408,Fort Pierce (St. Lucie County Aquarium),Vereinigte Staaten von Amerika
10007409,Fort Walton Beach (Gulfarium Marine Adventure Park),Vereinigte Staaten von Amerika
10007410,Gainesville (Carson Springs wildlife conservation foundation),Vereinigte Staaten von Amerika
10007411,Gainesville (Florida Museum of Natural History),Vereinigte Staaten von Amerika
10007412,Gainesville (Lubee Bat Conservancy),Vereinigte Staaten von Amerika
10007413,Gainesville (Santa Fe College Teaching Zoo),Vereinigte Staaten von Amerika
10007414,Grassy Key (Dolphin Research Center),Vereinigte Staaten von Amerika
10007415,Gulf Breeze (Gulf Breeze Zoo),Vereinigte Staaten von Amerika
10007416,Hobe Sound (Hobe Sound Nature Center),Vereinigte Staaten von Amerika
10007417,Hollywood (Anne Kolb Nature Center),Vereinigte Staaten von Amerika
10007418,Homestead (Everglades Alligator Farm),Vereinigte Staaten von Amerika
10007419,Homestead (Everglades Outpost),Vereinigte Staaten von Amerika
10007420,Homosassa (Ellie Schiller Homosassa Springs Wildlife State Park),Vereinigte Staaten von Amerika
10007421,Indian Shores (Seaside Seabird Sanctuary),Vereinigte Staaten von Amerika
10007422,Islamorada (Theater of the Sea),Vereinigte Staaten von Amerika
10007423,Jacksonville (Zoo and Gardens),Vereinigte Staaten von Amerika
10007424,Jacksonville (The Catty Shack Ranch Wildlife Sanctuary),Vereinigte Staaten von Amerika
10007425,Jacksonville (Tree Hill Nature Center),Vereinigte Staaten von Amerika
10007426,Juno Beach (Loggerhead Marinelife Center),Vereinigte Staaten von Amerika
10007427,Jupiter (Busch Wildlife Sanctuary),Vereinigte Staaten von Amerika
10007428,Jupiter (The River Center),Vereinigte Staaten von Amerika
10007429,Kenansville (Wild Florida),Vereinigte Staaten von Amerika
10007430,Key Largo (Dolphins Plus Bayside),Vereinigte Staaten von Amerika
10007431,Key Largo (Dolphins Plus Marine Mammal Responder),Vereinigte Staaten von Amerika
10007432,Key Largo (John Pennekamp Coral Reef State Park Aquarium),Vereinigte Staaten von Amerika
10007433,Key West (Key West Aquarium),Vereinigte Staaten von Amerika
10007434,Key West (The Monroe County Sheriffs Office Childrens Animal Farm),Vereinigte Staaten von Amerika
10007435,Key West (The Key West Butterfly and Nature Conservatory),Vereinigte Staaten von Amerika
10007436,Kissimmee (Gaylord Palms Resort & Convention Center),Vereinigte Staaten von Amerika
10007437,Lake Buena Vista (Walt Disney World Resort - Disneys Animal Kingdom Lodge),Vereinigte Staaten von Amerika
10007439,Lake Buena Vista (Walt Disney World Resort - Epcot),Vereinigte Staaten von Amerika
10007440,Lakeland (Safari Wilderness),Vereinigte Staaten von Amerika
10007441,Lamont (North Florida Wildlife Center),Vereinigte Staaten von Amerika
10007442,Loxahatchee (Lion Country Safari),Vereinigte Staaten von Amerika
10007443,Loxahatchee (Panther Ridge Conservation Center),Vereinigte Staaten von Amerika
10007444,Maitland (Audubon Center for Birds of Prey),Vereinigte Staaten von Amerika
10007445,Marathon (Florida Keys Aquarium Encounters),Vereinigte Staaten von Amerika
10007446,Melbourne (Brevard Zoo),Vereinigte Staaten von Amerika
10007447,Merrit Island (Romelia Farms Wildlife Preserve & Petting Zoo),Vereinigte Staaten von Amerika
10007448,Miami (By Brothers),Vereinigte Staaten von Amerika
10007449,Miami (Everglades Safari Park),Vereinigte Staaten von Amerika
10007450,Miami (Jungle Island - vormals Parrot Jungle),Vereinigte Staaten von Amerika
10007451,Miami (Seaquarium - geschlossen 2025),Vereinigte Staaten von Amerika
10007452,Miami (Monkey Jungle),Vereinigte Staaten von Amerika
10007453,Miami (Pelican Harbor Seabird Station),Vereinigte Staaten von Amerika
10007454,Miami (Phillip and Patricia Frost Museum of Science),Vereinigte Staaten von Amerika
10007455,Miami (Zoo - vormals Metro Zoo),Vereinigte Staaten von Amerika
10007456,Miami (ZWF Miami),Vereinigte Staaten von Amerika
10007457,Milton (Panhandle Butterfly House),Vereinigte Staaten von Amerika
10007458,Myakka (Lemur Conservation Foundation),Vereinigte Staaten von Amerika
10007459,Naples (Conservancy of Southwest Florida),Vereinigte Staaten von Amerika
10007460,Naples (Kowiachobee Animal Preserve),Vereinigte Staaten von Amerika
10007461,Naples (Zoo),Vereinigte Staaten von Amerika
10007462,Naples (NGALA Wildlife Preserve),Vereinigte Staaten von Amerika
10007463,Navarre (Emerald Coast Wildlife Refuge),Vereinigte Staaten von Amerika
10007464,North Fort Myers (The Shell Factory and Nature Park - geschlossen 2024),Vereinigte Staaten von Amerika
10007465,Ocala (Petting Zoo Ocala),Vereinigte Staaten von Amerika
10007466,Ochopee (Wootens Animal Sanctuary & Alligator Park),Vereinigte Staaten von Amerika
10007467,Orlando (Aquatica),Vereinigte Staaten von Amerika
10007468,Orlando (Back to Nature Wildlife Refuge),Vereinigte Staaten von Amerika
10007469,Orlando (Discovery Cove),Vereinigte Staaten von Amerika
10007470,Orlando (Fun Spot America Theme Park),Vereinigte Staaten von Amerika
10007471,Orlando (Gator Golf Adventure Park),Vereinigte Staaten von Amerika
10007472,Orlando (Gatorland),Vereinigte Staaten von Amerika
10007473,Orlando (Sea Life),Vereinigte Staaten von Amerika
10007474,Orlando (SeaWorld),Vereinigte Staaten von Amerika
10007476,Palm City (Treasure Coast Wildlife Center),Vereinigte Staaten von Amerika
10007477,Palm Harbor (Suncoast Primate Sanctuary),Vereinigte Staaten von Amerika
10007478,Palmdale (Gatorama),Vereinigte Staaten von Amerika
10007479,Panacea (Gulf Specimen Aquarium),Vereinigte Staaten von Amerika
10007480,Panama City Beach (Gulf World),Vereinigte Staaten von Amerika
10007481,Panama City Beach (ZooWorld Zoological Park),Vereinigte Staaten von Amerika
10007482,Ponce Inlet (Marine Science Center),Vereinigte Staaten von Amerika
10007483,Punta Gorda (Iguanaland),Vereinigte Staaten von Amerika
10007484,Punta Gorda (Peace River Wildlife Center),Vereinigte Staaten von Amerika
10007485,Sanford (Central Florida Zoo & Botanical Gardens),Vereinigte Staaten von Amerika
10007486,Sanibel (Bailey-Matthews National Shell Museum),Vereinigte Staaten von Amerika
10007487,Sanibel (Clinic for the Rehabilitation of Wildlife),Vereinigte Staaten von Amerika
10007488,Sarasota (Big Cat Habitat & Gulf Coast Sanctuary),Vereinigte Staaten von Amerika
10007489,Sarasota (Mote Marine Laboratory & Aquarium),Vereinigte Staaten von Amerika
10007490,Sarasota (Jungle Gardens),Vereinigte Staaten von Amerika
10007491,Sarasota (Save Our Seabirds),Vereinigte Staaten von Amerika
10007492,Silver Springs (Forest Animal Rescue),Vereinigte Staaten von Amerika
10007493,St. Augustine (Marineland Dolphin Adventure),Vereinigte Staaten von Amerika
10007494,St. Augustine (Alligator Farm Zoological Park),Vereinigte Staaten von Amerika
10007495,St. Augustine (Aquarium),Vereinigte Staaten von Amerika
10007496,St. Augustine (Wild Reserve),Vereinigte Staaten von Amerika
10007497,St. Cloud (Reptile World Serpentarium),Vereinigte Staaten von Amerika
10007498,St. Petersburg (Sunken Gardens),Vereinigte Staaten von Amerika
10007499,St. Petersburg (Tampa Bay Watch Discovery Center),Vereinigte Staaten von Amerika
10007500,Stuart (Florida Oceanographic Coastal Center),Vereinigte Staaten von Amerika
10007501,Tallahassee (Tallahassee Museum),Vereinigte Staaten von Amerika
10007502,Tampa (Busch Gardens Tampa Bay),Vereinigte Staaten von Amerika
10007503,Tampa (Croc Encounters),Vereinigte Staaten von Amerika
10007504,Tampa (Zoo - vormals Lowry Park Zoo),Vereinigte Staaten von Amerika
10007505,Tampa (Museum of Science and Industry),Vereinigte Staaten von Amerika
10007506,Tampa (The Florida Aquarium),Vereinigte Staaten von Amerika
10007507,Tarpon Springs (Tarpon Springs Aquarium and Animal Sanctuary),Vereinigte Staaten von Amerika
10007508,Tavernier (Laura Quinn Wild Bird Sanctuary / Florida Keys Wild Bird Center),Vereinigte Staaten von Amerika
10007509,Wauchula (Center for Great Apes),Vereinigte Staaten von Amerika
10007510,Wellington (Wellington Conservation Center),Vereinigte Staaten von Amerika
10007511,Weston (Sawgrass Recreation Park Everglades),Vereinigte Staaten von Amerika
10007512,West Palm Beach (McCarthys Wildlife Sanctuary),Vereinigte Staaten von Amerika
10007513,West Palm Beach (Okeeheelee Nature Center),Vereinigte Staaten von Amerika
10007514,West Palm Beach (Palm Beach Zoo & Conservation Society),Vereinigte Staaten von Amerika
10007515,Wildwood (GatorWorld Parks of Florida),Vereinigte Staaten von Amerika
10007516,Williston (Two Tails Ranch),Vereinigte Staaten von Amerika
10007517,Winter Haven (Natural Encounters),Vereinigte Staaten von Amerika
10007519,Zolfo Springs (Hardee County Wildlife Refuge),Vereinigte Staaten von Amerika
10007520,Albany (Chehaw Park & Zoo),Vereinigte Staaten von Amerika
10007521,Albany (Flint RiverQuarium),Vereinigte Staaten von Amerika
10007522,Athens (Bear Hollow Wildlife Trail),Vereinigte Staaten von Amerika
10007523,Atlanta (Botanical Garden),Vereinigte Staaten von Amerika
10007524,Atlanta (Georgia Aquarium),Vereinigte Staaten von Amerika
10007525,Atlanta (Zoo),Vereinigte Staaten von Amerika
10007526,Cleveland (North Georgia Wildlife Park and Safari),Vereinigte Staaten von Amerika
10007527,Hogansville (Georgia Untamed Zoo vormals: Iron P Homestead Zoo),Vereinigte Staaten von Amerika
10007528,Jackson (Dauset Trails Nature Center),Vereinigte Staaten von Amerika
10007529,Jekyll Island (The Georgia Sea Turtle Center),Vereinigte Staaten von Amerika
10007530,Lilburn (Yellow River Wildlife Sanctuary),Vereinigte Staaten von Amerika
10007531,Locust Grove (Noahs Ark Animal Sanctuary),Vereinigte Staaten von Amerika
10007532,Morganton (Project Chimps),Vereinigte Staaten von Amerika
10007533,Pine Mountain (Callaway Resort & Gardens),Vereinigte Staaten von Amerika
10007534,Pine Mountain (Wild Animal Safari),Vereinigte Staaten von Amerika
10007535,Roswell (Chattahoochee Nature Center),Vereinigte Staaten von Amerika
10007536,Savannah (Oatland Island Wildlife Center),Vereinigte Staaten von Amerika
10007537,Savannah (UGA Marine Education Center and Aquarium),Vereinigte Staaten von Amerika
10007538,Tybee Island (Tybee Island Marine Science Center),Vereinigte Staaten von Amerika
10007539,Valdosta (Wild Adventures Theme Park),Vereinigte Staaten von Amerika
10007540,Waverly (Incacheetoo Plantation and Petting Zoo),Vereinigte Staaten von Amerika
10007541,Honolulu (Zoo),Vereinigte Staaten von Amerika
10007542,Honolulu (Waikiki Aquarium),Vereinigte Staaten von Amerika
10007543,Honolulu (Dolphin Quest Oahu),Vereinigte Staaten von Amerika
10007544,Waimanalo Beach (Sea Life Park Hawaii),Vereinigte Staaten von Amerika
10007545,"Wailuku (Maui Ocean Center, The Aquarium of Hawaii)",Vereinigte Staaten von Amerika
10007546,Waikoloa Village (Dolphin Quest Hawaii),Vereinigte Staaten von Amerika
10007547,Hilo (Panaewa Rainforest Zoo and Gardens),Vereinigte Staaten von Amerika
10007548,Caldwell (Babby Farms),Vereinigte Staaten von Amerika
10007549,Boise (Aquarium Of Boise),Vereinigte Staaten von Amerika
10007550,Boise (Zoo),Vereinigte Staaten von Amerika
10007551,Boise (Morrison Knudsen Nature Center),Vereinigte Staaten von Amerika
10007552,Boise (The Peregrine Funds World Center For Birds of Prey),Vereinigte Staaten von Amerika
10007553,Rexburg (Yellowstone Bear World),Vereinigte Staaten von Amerika
10007554,Idaho Falls (East Idaho Aquarium),Vereinigte Staaten von Amerika
10007555,Idaho Falls (Idaho Falls Zoo at Tautphaus Park),Vereinigte Staaten von Amerika
10007556,Pocatello (Idaho Zoo),Vereinigte Staaten von Amerika
10007557,Arcola (Aikman Wildlife Adventure),Vereinigte Staaten von Amerika
10007558,Aurora (Phillips Park Zoo),Vereinigte Staaten von Amerika
10007559,Belvidere (Summerfield Zoo),Vereinigte Staaten von Amerika
10007560,Bloomington (Miller Park Zoo),Vereinigte Staaten von Amerika
10007561,Brookfield (Zoo),Vereinigte Staaten von Amerika
10007562,Chicago (Garfield Park Conservatory),Vereinigte Staaten von Amerika
10007563,Chicago (Lincoln Park Zoo),Vereinigte Staaten von Amerika
10007564,Chicago (Peggy Notebaert Nature Museum),Vereinigte Staaten von Amerika
10007565,Chicago (Shedd Aquarium),Vereinigte Staaten von Amerika
10007566,Coal Valley (Niabi Zoo),Vereinigte Staaten von Amerika
10007567,Decatur (Illinois Raptor Center),Vereinigte Staaten von Amerika
10007568,Decatur (Scovill Zoo),Vereinigte Staaten von Amerika
10007569,East Dundee (Santas Village Azoosment Park),Vereinigte Staaten von Amerika
10007570,Glen Ellyn (Willowbrook Wildlife Center),Vereinigte Staaten von Amerika
10007571,Hanna City (Wildlife Prairie Park),Vereinigte Staaten von Amerika
10007572,Lake Forest (Middlefork Savanna Forest Preserve),Vereinigte Staaten von Amerika
10007573,Lincolnshire (Didier Farms - geschlossen 2022),Vereinigte Staaten von Amerika
10007574,Lockport (Big Run Wolf Ranch),Vereinigte Staaten von Amerika
10007575,Peoria (Riverfront Museum),Vereinigte Staaten von Amerika
10007576,Peoria (Zoo),Vereinigte Staaten von Amerika
10007577,Springfield (Henson Robinson Zoo),Vereinigte Staaten von Amerika
10007578,West Dundee (Randall Oaks Zoo),Vereinigte Staaten von Amerika
10007579,Wheaton (Cosley Zoo),Vereinigte Staaten von Amerika
10007580,Albion (Black Pine Animal Sanctuary),Vereinigte Staaten von Amerika
10007581,Battle Ground (Wolf Park),Vereinigte Staaten von Amerika
10007582,Brookville (Wolf Creek Habitat & Rescue),Vereinigte Staaten von Amerika
10007583,Center Point (Exotic Feline Rescue Center),Vereinigte Staaten von Amerika
10007584,Evansville (Mesker Park Zoo),Vereinigte Staaten von Amerika
10007585,Fort Wayne (Zoo - vormals Childrens Zoo),Vereinigte Staaten von Amerika
10007586,Indianapolis (Zoo),Vereinigte Staaten von Amerika
10007587,Lafayette (Columbian Park Zoo),Vereinigte Staaten von Amerika
10007588,Michigan City (Washington Park Zoo),Vereinigte Staaten von Amerika
10007589,Paoli (Wilstem Wildlife Park),Vereinigte Staaten von Amerika
10007590,Rising Sun (Red Wolf Sanctuary and Raptor Rehabilitation Center),Vereinigte Staaten von Amerika
10007591,South Bend (Potawatomi Zoo),Vereinigte Staaten von Amerika
10007592,Des Moines (Blank Park Zoo),Vereinigte Staaten von Amerika
10007593,Dubuque (National Mississippi River Museum & Aquarium),Vereinigte Staaten von Amerika
10007594,Dubuque (StoryBook Hill Zoo),Vereinigte Staaten von Amerika
10007595,Solon (Iowa Raptor Center),Vereinigte Staaten von Amerika
10007596,Acton (The Roar Foundation - Shambala Preserve),Vereinigte Staaten von Amerika
10007597,Agua Dulce (Sweet Water Alpaca Ranch),Vereinigte Staaten von Amerika
10007598,Alpine (Lions Tigers & Bears),Vereinigte Staaten von Amerika
10007599,Atascadero (Central Coast Zoo - vormals Charles Paddock Zoo),Vereinigte Staaten von Amerika
10007600,Avila Beach (Central Coast Aquarium),Vereinigte Staaten von Amerika
10007601,Bakersfield (California Living Museum),Vereinigte Staaten von Amerika
10007602,Bakersfield (Buena Vista Museum of Natural History & Science),Vereinigte Staaten von Amerika
10007603,Big Bear Lake (Big Bear Alpine Zoo),Vereinigte Staaten von Amerika
10007604,Carlsbad (Legoland Resort - Sea Life Aquarium),Vereinigte Staaten von Amerika
10007605,Cedar Glen (Wildhaven Ranch Wildlife Sanctuary),Vereinigte Staaten von Amerika
10007606,Chula Vista (Living Coast Discovery Center),Vereinigte Staaten von Amerika
10007607,Crescent City (Ocean World),Vereinigte Staaten von Amerika
10007608,Culver City (STAR Eco Station),Vereinigte Staaten von Amerika
10007609,Dana Point (Doheny State Beach Foundation - Aquarium),Vereinigte Staaten von Amerika
10007610,Dana Point (Ocean Institute),Vereinigte Staaten von Amerika
10007611,Davis (California Raptor Center),Vereinigte Staaten von Amerika
10007612,Del Mar (Free Flight),Vereinigte Staaten von Amerika
10007613,Descanso (Alpacas and Friends),Vereinigte Staaten von Amerika
10007614,Dunlap (Project Survival Cat Haven),Vereinigte Staaten von Amerika
10007615,Escondido (San Diego Zoo Safari Park - vormals Wild Animal Park),Vereinigte Staaten von Amerika
10007616,Eureka (Sequoia Park Zoo),Vereinigte Staaten von Amerika
10007617,Folsom (Folsom City Zoo Sanctuary),Vereinigte Staaten von Amerika
10007618,Fountain Valley (The Reptile Zoo),Vereinigte Staaten von Amerika
10007619,Fresno (Chaffee Zoo),Vereinigte Staaten von Amerika
10007620,Hayward (Sulphur Creek Nature Center),Vereinigte Staaten von Amerika
10007621,Hesperia (Hesperia Zoo),Vereinigte Staaten von Amerika
10007622,Huntington Beach (Bolsa Chica Conservancy),Vereinigte Staaten von Amerika
10007623,Julian (California Wolf Center),Vereinigte Staaten von Amerika
10007624,La Jolla (Scripps Institution of Oceanography - Birch Aquarium),Vereinigte Staaten von Amerika
10007625,Laguna Beach (Pacific Marine Mammal Center),Vereinigte Staaten von Amerika
10007626,Lodi (Micke Grove Zoo),Vereinigte Staaten von Amerika
10007627,Long Beach (Aquarium of the Pacific),Vereinigte Staaten von Amerika
10007628,Los Angeles (California Science Center),Vereinigte Staaten von Amerika
10007629,Los Angeles (Zoo),Vereinigte Staaten von Amerika
10007630,Lucerne Valley (Wolf Mountain Sanctuary),Vereinigte Staaten von Amerika
10007631,Manhattan Beach (Roundhouse Aquarium),Vereinigte Staaten von Amerika
10007632,Merced (Applegate Park Zoo),Vereinigte Staaten von Amerika
10007633,Montebello (Barnyard Zoo),Vereinigte Staaten von Amerika
10007634,Monterey (Bay Aquarium),Vereinigte Staaten von Amerika
10007635,Moorpark (Moorpark College - The Teaching Zoo (ehemals Americas Teaching Zoo)),Vereinigte Staaten von Amerika
10007636,Newport Beach (Environmental Nature Center),Vereinigte Staaten von Amerika
10007637,Newport Beach (Peter and Mary Muth Interpretive Center),Vereinigte Staaten von Amerika
10007638,Oakland (Zoo),Vereinigte Staaten von Amerika
10007639,Ojai (Raptor Center),Vereinigte Staaten von Amerika
10007640,Orange (OC Zoo),Vereinigte Staaten von Amerika
10007641,Palm Desert (The Living Desert Zoo & Gardens),Vereinigte Staaten von Amerika
10007642,Palo Alto (Junior Museum and Zoo),Vereinigte Staaten von Amerika
10007643,Phelan (Forever Wild Exotic Animal Sanctuary),Vereinigte Staaten von Amerika
10007644,Point Arena (B Bryan Preserve),Vereinigte Staaten von Amerika
10007645,Redding (Turtle Bay Exploration Park),Vereinigte Staaten von Amerika
10007646,Riverside (Mariposa Gardens Alpaca Ranch),Vereinigte Staaten von Amerika
10007647,Sacramento (Zoo),Vereinigte Staaten von Amerika
10007648,Salinas (Monterey Zoo),Vereinigte Staaten von Amerika
10007649,San Diego (Natural History Museum),Vereinigte Staaten von Amerika
10007650,San Diego (Zoo),Vereinigte Staaten von Amerika
10007651,San Diego (SeaWorld),Vereinigte Staaten von Amerika
10007652,San Francisco (Aquarium Of The Bay),Vereinigte Staaten von Amerika
10007654,San Francisco (Zoo),Vereinigte Staaten von Amerika
10007655,San Francisco (California Academy of Sciences),Vereinigte Staaten von Amerika
10007656,San Jose (Happy Hollow Park & Zoo),Vereinigte Staaten von Amerika
10007657,San Mateo (CuriOdyssey),Vereinigte Staaten von Amerika
10007658,San Pedro (Cabrillo Marine Aquarium),Vereinigte Staaten von Amerika
10007659,San Pedro (Marine Mammal Care Center),Vereinigte Staaten von Amerika
10007660,Santa Ana (Zoo),Vereinigte Staaten von Amerika
10007661,Santa Barbara (Museum Of Natural History - Sea Center),Vereinigte Staaten von Amerika
10007662,Santa Barbara (Zoo),Vereinigte Staaten von Amerika
10007663,Santa Clarita (Gibbon Conservation Center),Vereinigte Staaten von Amerika
10007664,Santa Cruz (Santa Cruz Museum of Natural History),Vereinigte Staaten von Amerika
10007665,Santa Cruz (Seymour Marine Discovery Center),Vereinigte Staaten von Amerika
10007666,Santa Monica (Heal the Bay Aquarium),Vereinigte Staaten von Amerika
10007667,Santa Rosa (Safari West),Vereinigte Staaten von Amerika
10007668,Sausalito (The Marine Mammal Center),Vereinigte Staaten von Amerika
10007670,Silverado (Tucker Wildlife Sanctuary),Vereinigte Staaten von Amerika
10007671,Summerland (Santa Barbara Bird Sanctuary),Vereinigte Staaten von Amerika
10007672,Sylmar (Wildlife Learning Center),Vereinigte Staaten von Amerika
10007673,Temecula (Sugarplum Zoo),Vereinigte Staaten von Amerika
10007674,Temecula (The Alpaca Hacienda),Vereinigte Staaten von Amerika
10007675,Vallejo (Six Flags Discovery Kingdom),Vereinigte Staaten von Amerika
10007676,Walnut Creek (Lindsay Wildlife Experience),Vereinigte Staaten von Amerika
10007677,Caney (Safari Zoological Park),Vereinigte Staaten von Amerika
10007678,Clay Center (Clay Center Zoo - vormals Utility Park & Zoo),Vereinigte Staaten von Amerika
10007679,Dodge City (Wright Park Zoo - geschlossen 2022),Vereinigte Staaten von Amerika
10007680,Emporia (David Traylor Zoo of Emporia),Vereinigte Staaten von Amerika
10007681,Garden City (Lee Richardson Zoo),Vereinigte Staaten von Amerika
10007682,Goddard (Tanganyika Wildlife Park),Vereinigte Staaten von Amerika
10007683,Great Bend (Great Bend Brit Spaugh Zoo),Vereinigte Staaten von Amerika
10007684,Hays (Sternberg Museum of Natural History),Vereinigte Staaten von Amerika
10007685,Hutchinson (Hutchinson Zoo),Vereinigte Staaten von Amerika
10007686,Independence (Ralph Mitchell Zoo),Vereinigte Staaten von Amerika
10007687,Lawrence (KU Natural History Museum),Vereinigte Staaten von Amerika
10007688,Lawrence (Prairie Park Nature Center),Vereinigte Staaten von Amerika
10007689,Louisburg (Cedar Cove Conservation),Vereinigte Staaten von Amerika
10007690,Manhattan (Kansas State University - State Insect Zoo),Vereinigte Staaten von Amerika
10007691,Manhattan (Sunset Zoo),Vereinigte Staaten von Amerika
10007692,Nickerson (Hedricks exotic animal farm),Vereinigte Staaten von Amerika
10007693,Pratt (Education Center),Vereinigte Staaten von Amerika
10007694,Salina (Central Mall Aquarium Salina),Vereinigte Staaten von Amerika
10007695,Salina (Rolling Hills Zoo),Vereinigte Staaten von Amerika
10007696,Topeka (Zoo),Vereinigte Staaten von Amerika
10007697,Wichita (Kansas Wildlife Exhibit),Vereinigte Staaten von Amerika
10007698,Wichita (Sedgwick County Zoo),Vereinigte Staaten von Amerika
10007699,Williamstown (Ararat Ark Encounter - Ararat Ridge Zoo),Vereinigte Staaten von Amerika
10007700,Frankfort (Salato Wildlife Education Center),Vereinigte Staaten von Amerika
10007701,Horse Cave (Kentucky Down Under Adventure Zoo),Vereinigte Staaten von Amerika
10007702,Louisville (Zoo),Vereinigte Staaten von Amerika
10007703,Newport (Aquarium),Vereinigte Staaten von Amerika
10007704,Slade (Kentucky Reptile Zoo),Vereinigte Staaten von Amerika
10007705,Alexandria (Zoological Park),Vereinigte Staaten von Amerika
10007706,Baton Rouge (BRECs Baton Rouge Zoo),Vereinigte Staaten von Amerika
10007707,Benton (Cypress Black Bayou Recreation Park - Cypress Zoo),Vereinigte Staaten von Amerika
10007708,Broussard (Zoosiana),Vereinigte Staaten von Amerika
10007709,Delhi (Wild Country Safari Park),Vereinigte Staaten von Amerika
10007710,Folsom (Global Wildlife Center),Vereinigte Staaten von Amerika
10007711,Greenwood (Gators and Friends),Vereinigte Staaten von Amerika
10007712,Lake Charles (Gator Pond),Vereinigte Staaten von Amerika
10007713,Monroe (Louisiana Purchase Gardens & Zoo),Vereinigte Staaten von Amerika
10007714,Natchitoches (Bayou Pierre Alligator Park),Vereinigte Staaten von Amerika
10007715,New Orleans (Audubon Aquarium (ehemals Aquarium of the Americas)),Vereinigte Staaten von Amerika
10007716,New Orleans (Audubon Butterfly Garden and Insectarium),Vereinigte Staaten von Amerika
10007717,New Orleans (Audubon Zoo),Vereinigte Staaten von Amerika
10007718,Pineville (Gone Wild Safari),Vereinigte Staaten von Amerika
10007719,Shreveport (Shreveport Aquarium),Vereinigte Staaten von Amerika
10007720,Trenton (Kisma Preserve),Vereinigte Staaten von Amerika
10007721,Bar Harbor (The Oceanarium and Education Center - vormals Mount Desert Oceanarium),Vereinigte Staaten von Amerika
10007722,Mount Vernon (DEW Haven - Maine Zoo & Rescue),Vereinigte Staaten von Amerika
10007723,Boothbay Harbor (Maine State Aquarium),Vereinigte Staaten von Amerika
10007724,Gray (Maine Wildlife Park),Vereinigte Staaten von Amerika
10007725,Portland (Gulf of Maine Research Institute),Vereinigte Staaten von Amerika
10007726,York (Yorks Wild Kingdom),Vereinigte Staaten von Amerika
10007727,Thurmont (Catoctin Wildlife Preserve),Vereinigte Staaten von Amerika
10007728,Baltimore (The Maryland Zoo),Vereinigte Staaten von Amerika
10007729,Baltimore (National Aquarium),Vereinigte Staaten von Amerika
10007730,Berlin (Funny Farm Petting Zoo),Vereinigte Staaten von Amerika
10007731,Forest Hill (Three Oaks Farm Alpacas),Vereinigte Staaten von Amerika
10007732,Pocomoke City (Delmarva Discovery Center & Museum),Vereinigte Staaten von Amerika
10007733,Rising Sun (Plumpton Park Zoo),Vereinigte Staaten von Amerika
10007734,Salisbury (Zoological Park),Vereinigte Staaten von Amerika
10007735,Attleboro (Capron Park Zoo),Vereinigte Staaten von Amerika
10007736,Bolton (Animal Adventures Family Zoo & Rescue Center),Vereinigte Staaten von Amerika
10007737,Boston (Franklin Park Zoo),Vereinigte Staaten von Amerika
10007738,Boston (Museum of Science),Vereinigte Staaten von Amerika
10007739,Boston (New England Aquarium),Vereinigte Staaten von Amerika
10007740,Bourne (National Marine Life Center),Vereinigte Staaten von Amerika
10007741,Ipswich (Wolf Hollow - North American Wolf Foundation),Vereinigte Staaten von Amerika
10007742,Lincoln (Mass Audubons Drumlin Farm Wildlife Sanctuary),Vereinigte Staaten von Amerika
10007743,Ludlow (Lupa Zoo),Vereinigte Staaten von Amerika
10007744,Mendon (Southwicks Zoo),Vereinigte Staaten von Amerika
10007745,Milton (Blue Hills Trailside Museum),Vereinigte Staaten von Amerika
10007746,Nantucket (Maria Mitchell Aquarium),Vereinigte Staaten von Amerika
10007747,New Bedford (Buttonwood Park Zoo),Vereinigte Staaten von Amerika
10007748,North Attleborough (World War I Memorial Park and Zoo),Vereinigte Staaten von Amerika
10007749,Pittsfield (Berkshire Museum),Vereinigte Staaten von Amerika
10007750,South Deerfield (Magic Wings Butterfly Conservatory),Vereinigte Staaten von Amerika
10007751,Springfield (The Zoo in Forest Park & Education Center),Vereinigte Staaten von Amerika
10007752,Stoneham (Stone Zoo),Vereinigte Staaten von Amerika
10007753,Westford (The Butterfly Place),Vereinigte Staaten von Amerika
10007754,Woods Hole (Science Aquarium),Vereinigte Staaten von Amerika
10007755,Worcester (EcoTarium),Vereinigte Staaten von Amerika
10007756,Alto (Boulder Ridge Wild Animal Park),Vereinigte Staaten von Amerika
10007757,Ann Arbor (The Creature Conservancy),Vereinigte Staaten von Amerika
10007758,Athens (Critchlow Alligator Sanctuary),Vereinigte Staaten von Amerika
10007759,Auburn Hills (Sea Life Michigan Aquarium),Vereinigte Staaten von Amerika
10007760,Battle Creek (Binder Park Zoo),Vereinigte Staaten von Amerika
10007761,Birch Run (Wilderness Trails Zoo),Vereinigte Staaten von Amerika
10007762,Cedar Springs (Deer Tracks Junction),Vereinigte Staaten von Amerika
10007763,Detroit (Belle Isle Aquarium),Vereinigte Staaten von Amerika
10007764,Detroit (Belle Isle Nature Center),Vereinigte Staaten von Amerika
10007765,Grand Rapids (Blandford Nature Center),Vereinigte Staaten von Amerika
10007766,Grand Rapids (Frederik Meijer Gardens & Sculpture Park),Vereinigte Staaten von Amerika
10007767,Grand Rapids (John Ball Zoo),Vereinigte Staaten von Amerika
10007768,Howell (Howell Nature Center - Wild Wonders Wildlife Park),Vereinigte Staaten von Amerika
10007769,Kent City (Christenson Natural Wildlife Center),Vereinigte Staaten von Amerika
10007770,Lambertville (Indian Creek Zoo),Vereinigte Staaten von Amerika
10007771,Lansing (Potter Park Zoo),Vereinigte Staaten von Amerika
10007772,Mackinac Island (The Original Mackinac Island Butterfly House and Insect World),Vereinigte Staaten von Amerika
10007773,Naubinway (Garlyn Zoological Park),Vereinigte Staaten von Amerika
10007774,Newberry (Oswald Bear Ranch),Vereinigte Staaten von Amerika
10007775,Roscommon (Zoo),Vereinigte Staaten von Amerika
10007776,Royal Oak (Detroit Zoo),Vereinigte Staaten von Amerika
10007777,Saginaw (Childrens Zoo),Vereinigte Staaten von Amerika
10007778,St. Ignace (Deer Ranch),Vereinigte Staaten von Amerika
10007779,Utica (The Reptarium),Vereinigte Staaten von Amerika
10007780,Wallace (DeYoung Family Zoo),Vereinigte Staaten von Amerika
10007781,West Branch (Ogemaw Nature Park),Vereinigte Staaten von Amerika
10007782,Williamsburg (G.T. Butterfly House & Bug Zoo),Vereinigte Staaten von Amerika
10007783,Apple Valley (Minnesota Zoo),Vereinigte Staaten von Amerika
10007784,Bemidji (Paul Bunyan Animal Land),Vereinigte Staaten von Amerika
10007785,Bloomington (Richardson Nature Center),Vereinigte Staaten von Amerika
10007786,Bloomington (Sea Life Minnesota Aquarium),Vereinigte Staaten von Amerika
10007787,Brainerd (Safari North Wildlife Park),Vereinigte Staaten von Amerika
10007788,Byron (Oxbow Park & Zollman Zoo),Vereinigte Staaten von Amerika
10007789,Duluth (Great Lakes Aquarium),Vereinigte Staaten von Amerika
10007790,Duluth (Lake Superior Zoo),Vereinigte Staaten von Amerika
10007791,Ely (North American Bear Center),Vereinigte Staaten von Amerika
10007792,Ely (International Wolf Center),Vereinigte Staaten von Amerika
10007793,Freeport (Hemker Park & Zoo),Vereinigte Staaten von Amerika
10007794,Little Falls (Pine Grove Zoo),Vereinigte Staaten von Amerika
10007795,Medford (The Reptile & Amphibian Discovery Zoo),Vereinigte Staaten von Amerika
10007796,Redwood Falls (Ramsey Park Zoo),Vereinigte Staaten von Amerika
10007797,Richfield (Wood Lake Nature Center),Vereinigte Staaten von Amerika
10007798,St. Paul (Bell Museum),Vereinigte Staaten von Amerika
10007799,St. Paul (Como Park Zoo & Conservatory),Vereinigte Staaten von Amerika
10007800,St. Paul (Gabbert Raptor Center),Vereinigte Staaten von Amerika
10007801,Stevens Point (Herpetological Society),Vereinigte Staaten von Amerika
10007802,Stacy (Wildlife Science Center),Vereinigte Staaten von Amerika
10007803,Vergas (Trowbridge Creek Zoo),Vereinigte Staaten von Amerika
10007804,White Bear Mountain (Tamarack Nature Center),Vereinigte Staaten von Amerika
10007805,Gulfport (Institute For Marine Mammal Studies),Vereinigte Staaten von Amerika
10007806,Gulfport (Mississippi Aquarium),Vereinigte Staaten von Amerika
10007807,Hattiesburg (Zoo),Vereinigte Staaten von Amerika
10007808,Jackson (Zoological Park),Vereinigte Staaten von Amerika
10007809,Tupelo (Tupelo Buffalo Park & Zoo),Vereinigte Staaten von Amerika
10007810,Branson (Aquarium at the Boardwalk),Vereinigte Staaten von Amerika
10007811,Branson (Promised Land Zoo),Vereinigte Staaten von Amerika
10007812,Branson (The Butterfly Palace & Rainforest Adventure),Vereinigte Staaten von Amerika
10007814,Cape Giradeau (Cape Safari Park (ehemals: Lazy L Safari Park )),Vereinigte Staaten von Amerika
10007815,Chesterfield (Sophia M. Sachs Butterfly House),Vereinigte Staaten von Amerika
10007816,Eagle Rock (Eureka Springs Safari Park),Vereinigte Staaten von Amerika
10007817,Eureka (Endangered Wolf Center),Vereinigte Staaten von Amerika
10007818,Kansas City (Zoo & Aquarium),Vereinigte Staaten von Amerika
10007819,Kansas City (Lakeside Nature Center),Vereinigte Staaten von Amerika
10007820,Kansas City (Sea Life Kansas City),Vereinigte Staaten von Amerika
10007821,Kirkwood (Powder Valley Nature Center),Vereinigte Staaten von Amerika
10007822,Springfield (Dickerson Park Zoo),Vereinigte Staaten von Amerika
10007823,Springfield (Wonders Of Wildlife National Museum & Aquarium),Vereinigte Staaten von Amerika
10007824,St. Louis (Grants Farm),Vereinigte Staaten von Amerika
10007825,St. Louis (Missouri Botanical Garden),Vereinigte Staaten von Amerika
10007826,St. Louis (Zoo),Vereinigte Staaten von Amerika
10007827,St. Louis (Aquarium At Union Station),Vereinigte Staaten von Amerika
10007828,Strafford (Wild Animal Safari - Springfield),Vereinigte Staaten von Amerika
10007829,Sullivan (Wild Animal Adventures),Vereinigte Staaten von Amerika
10007830,Valley Park (World Bird Sanctuary),Vereinigte Staaten von Amerika
10007831,Valley Park (Lone Elk County Park),Vereinigte Staaten von Amerika
10007832,Wright City (Big Joels Safari),Vereinigte Staaten von Amerika
10007833,Billings (Zoo Montana),Vereinigte Staaten von Amerika
10007834,Bozeman (Montana Grizzly Encounter),Vereinigte Staaten von Amerika
10007835,Red Lodge (Yellowstone Wildlife Sanctuary),Vereinigte Staaten von Amerika
10007836,West Yellowstone (Grizzly & Wolf Discovery Center),Vereinigte Staaten von Amerika
10007837,Alda (Pete´s Safari),Vereinigte Staaten von Amerika
10007838,Ashland (Lee G. Simmons Conservation Park & Wildlife Safari),Vereinigte Staaten von Amerika
10007839,Bellevue (Fontenelle Forest Nature Center),Vereinigte Staaten von Amerika
10007840,Gretna (Schramm Education Center (vormals: Ak-Sar-Ben Aquarium)),Vereinigte Staaten von Amerika
10007841,Lincoln (Lincoln Childrens Zoo),Vereinigte Staaten von Amerika
10007842,Lincoln (Pioneers Park Nature Center),Vereinigte Staaten von Amerika
10007843,Omaha (Henry Doorly Zoo and Aquarium),Vereinigte Staaten von Amerika
10007844,Scottsbluff (Riverside Discovery Center),Vereinigte Staaten von Amerika
10007845,Henderson (Lion Habitat Ranch),Vereinigte Staaten von Amerika
10007846,Imlay (Safe Haven Wildlife Sanctuary),Vereinigte Staaten von Amerika
10007847,Las Vegas (Flamingo Las Vegas - Flamingo Wildlife Habitat),Vereinigte Staaten von Amerika
10007848,Las Vegas (Gilcrease Nature Sanctuary),Vereinigte Staaten von Amerika
10007849,Las Vegas (Las Vegas Natural History Museum),Vereinigte Staaten von Amerika
10007850,Las Vegas (Mandalay Bay - Shark Reef Aquarium),Vereinigte Staaten von Amerika
10007851,Las Vegas (One World Interactive Aquarium - formerly SeaQuest),Vereinigte Staaten von Amerika
10007852,Las Vegas (Springs Preserve),Vereinigte Staaten von Amerika
10007853,Reno (Animal Ark),Vereinigte Staaten von Amerika
10007854,Reno (Sierra Safari Zoo - geschlossen 2024),Vereinigte Staaten von Amerika
10007855,Candia (Charmingfare Farm),Vereinigte Staaten von Amerika
10007856,Glen (Living Shores Aquarium),Vereinigte Staaten von Amerika
10007857,Holderness (Squam Lakes Natural Science Center),Vereinigte Staaten von Amerika
10007858,Rye (Seacoast Science Center),Vereinigte Staaten von Amerika
10007859,Atlantic City (Atlantic City Aquarium),Vereinigte Staaten von Amerika
10007860,Bridgeton (Cohanzick Zoo),Vereinigte Staaten von Amerika
10007861,Brigantine (Marine Mammal Stranding Center),Vereinigte Staaten von Amerika
10007862,Camden (Adventure Aquarium),Vereinigte Staaten von Amerika
10007863,Cape May Court House (Cape May County Park & Zoo),Vereinigte Staaten von Amerika
10007864,Cape May (Nature Center of Cape May),Vereinigte Staaten von Amerika
10007865,East Rutherford (Sea Life New Jersey),Vereinigte Staaten von Amerika
10007866,Forked River (Popcorn Park Zoo),Vereinigte Staaten von Amerika
10007867,Jackson Township (Six Flags Wild Safari),Vereinigte Staaten von Amerika
10007868,Jersey City (Liberty Science Center),Vereinigte Staaten von Amerika
10007869,Medford (Woodford Cedar Run Wildlife Refuge),Vereinigte Staaten von Amerika
10007871,Paramus (Bergen County Zoo),Vereinigte Staaten von Amerika
10007872,Point Pleasant Beach (Jenkinsons Aquarium),Vereinigte Staaten von Amerika
10007873,Stone Harbor (The Wetlands Institute),Vereinigte Staaten von Amerika
10007874,Sussex (Space Farms: Zoo & Museum),Vereinigte Staaten von Amerika
10007875,Toms River (Insectropolis),Vereinigte Staaten von Amerika
10007876,West Orange (Essex County Turtle Back Zoo),Vereinigte Staaten von Amerika
10007877,Woodbrigde Township (SeaQuest Woodbridge),Vereinigte Staaten von Amerika
10007878,Alamogordo (Alameda Park Zoo),Vereinigte Staaten von Amerika
10007879,Albuquerque (ABQ BioPark Aquarium),Vereinigte Staaten von Amerika
10007880,Albuquerque (ABQ BioPark Botanic Garden),Vereinigte Staaten von Amerika
10007881,Albuquerque (ABQ BioPark Zoo),Vereinigte Staaten von Amerika
10007882,Albuquerque (Rattlesnake Museum),Vereinigte Staaten von Amerika
10007883,Carlsbad (Living Desert State Park),Vereinigte Staaten von Amerika
10007884,Clovis (Hillcrest Park Zoo),Vereinigte Staaten von Amerika
10007885,Edgewood (Wildlife West Nature Park),Vereinigte Staaten von Amerika
10007886,Espanola (New Mexico Wildlife Center),Vereinigte Staaten von Amerika
10007887,Las Cruces (Las Cruces Museum of Nature & Science),Vereinigte Staaten von Amerika
10007888,Ramah (Wild Spirit Wolf Sanctuary),Vereinigte Staaten von Amerika
10007889,Rodeo (The Chiricahua Desert Museum),Vereinigte Staaten von Amerika
10007890,Roswell (Spring River Zoo & Park),Vereinigte Staaten von Amerika
10007891,Bear Mountain (Trailside Museums & Zoo),Vereinigte Staaten von Amerika
10007892,Binghampton (Ross Park Zoo),Vereinigte Staaten von Amerika
10007893,Buffalo (Zoo),Vereinigte Staaten von Amerika
10007894,Catskill (Bailiwick Animal Park and Riding Stables),Vereinigte Staaten von Amerika
10007895,Chittenango (The Wild Animal Park),Vereinigte Staaten von Amerika
10007896,Cold Spring Harbor (Fish Hatchery & Aquarium),Vereinigte Staaten von Amerika
10007897,Gloversville (Adirondack Animal Land),Vereinigte Staaten von Amerika
10007898,Goshen (Noahs Park Retreat),Vereinigte Staaten von Amerika
10007899,Harpursville (Animal Adventure Park & Preserve),Vereinigte Staaten von Amerika
10007901,Holtsville (Holtsville Wildlife & Ecology Center - geschlossen 2025),Vereinigte Staaten von Amerika
10007902,Manorville (Long Island Game Farm Wildlife Park),Vereinigte Staaten von Amerika
10007903,Millbrook (Trevor Zoo at Millbrook School),Vereinigte Staaten von Amerika
10007904,New York City (American Museum of Natural History),Vereinigte Staaten von Amerika
10007905,New York City (Bronx Zoo),Vereinigte Staaten von Amerika
10007906,New York City (Central Park Zoo),Vereinigte Staaten von Amerika
10007907,New York City (Hudson River Parks River Project Wetlab),Vereinigte Staaten von Amerika
10007908,New York City (New York Aquarium),Vereinigte Staaten von Amerika
10007909,New York City (Prospect Park Zoo),Vereinigte Staaten von Amerika
10007910,New York City (Queens Zoo),Vereinigte Staaten von Amerika
10007911,New York City (Marine Park Salt Marsh & Nature Center),Vereinigte Staaten von Amerika
10007912,New York City (Staten Island Zoo),Vereinigte Staaten von Amerika
10007913,Niagara Falls (Aquarium of Niagara),Vereinigte Staaten von Amerika
10007914,Ossining (Teatown Lake Reservation),Vereinigte Staaten von Amerika
10007915,Quogue (Wildlife Refuge),Vereinigte Staaten von Amerika
10007916,Riverhead (Long Island Aquarium),Vereinigte Staaten von Amerika
10007917,Rochester (Seneca Park Zoo),Vereinigte Staaten von Amerika
10007918,Rockville Center (Center for Science Teaching and Learning),Vereinigte Staaten von Amerika
10007919,Rome (Fort Rickey Discovery Zoo),Vereinigte Staaten von Amerika
10007920,Schenectady (Via Aquarium),Vereinigte Staaten von Amerika
10007921,Smithtown (Sweet Briar Nature Center),Vereinigte Staaten von Amerika
10007922,South Salem (Wolf Conservation Center),Vereinigte Staaten von Amerika
10007923,Syracuse (Rosamond Gifford Zoo),Vereinigte Staaten von Amerika
10007924,Utica (Zoo),Vereinigte Staaten von Amerika
10007925,Varysbury (Hidden Valley Animal Adventure),Vereinigte Staaten von Amerika
10007926,Watertown (Thompson Park Zoo and Conservancy),Vereinigte Staaten von Amerika
10007927,West Falls (Hawk Creek Wildlife Center),Vereinigte Staaten von Amerika
10007928,Wilmington (Adirondack Wildlife Refuge and Rehab Center),Vereinigte Staaten von Amerika
10007929,Asheboro (North Carolina Zoo),Vereinigte Staaten von Amerika
10007930,Asheville (Western North Carolina Nature Center),Vereinigte Staaten von Amerika
10007931,Bryson City (Appalachian Rivers Aquarium),Vereinigte Staaten von Amerika
10007932,Burlington (Animal Park at the Conservators Center),Vereinigte Staaten von Amerika
10007933,Cameron (Aloha Safari Zoo),Vereinigte Staaten von Amerika
10007934,Charlotte (Discovery Place Science),Vereinigte Staaten von Amerika
10007935,Cherokee (Bear Zoo),Vereinigte Staaten von Amerika
10007936,Cherokee (Santas Land Fun Park & Zoo),Vereinigte Staaten von Amerika
10007937,Concord (Sea Life Charlotte-Concord),Vereinigte Staaten von Amerika
10007938,Durham (Duke Lemur Center),Vereinigte Staaten von Amerika
10007939,Durham (Museum of Life and Science),Vereinigte Staaten von Amerika
10007940,Greensboro (Science Center),Vereinigte Staaten von Amerika
10007941,Huntersville (Carolina Raptor Center),Vereinigte Staaten von Amerika
10007942,Jacksonville (Lynnwood Park Zoo),Vereinigte Staaten von Amerika
10007943,Kure Beach (North Carolina Aquarium at Fort Fisher),Vereinigte Staaten von Amerika
10007944,Liberty (Liberty Acres Animal Haven & Equine Rescue),Vereinigte Staaten von Amerika
10007945,Macclesfield (Its a Zoo Life),Vereinigte Staaten von Amerika
10007946,Manteo (North Carolina Aquarium on Roanoke Island),Vereinigte Staaten von Amerika
10007947,Mooresville (Lazy 5 Ranch),Vereinigte Staaten von Amerika
10007948,Pine Knoll Shores (North Carolina Aquarium at Pine Knoll Shores),Vereinigte Staaten von Amerika
10007949,Raleigh (North Carolina Museum of Natural Sciences),Vereinigte Staaten von Amerika
10007950,Rockwell (Tiger World),Vereinigte Staaten von Amerika
10007951,Salisbury (Rowan Wildlife Adventures),Vereinigte Staaten von Amerika
10007952,Scotland Neck (Sylvan Heights Bird Park),Vereinigte Staaten von Amerika
10007953,Troutman (Zootastic Park),Vereinigte Staaten von Amerika
10007954,Wilmington (Tregembo Animal Park),Vereinigte Staaten von Amerika
10007955,Bismarck (Dakota Zoo),Vereinigte Staaten von Amerika
10007956,Fargo (Red River Zoo),Vereinigte Staaten von Amerika
10007957,Minot (Roosevelt Park Zoo),Vereinigte Staaten von Amerika
10007958,Riverdale (Garrison Dam National Fish Hatchery),Vereinigte Staaten von Amerika
10007959,Wahpeton (Chahinkapa Zoo),Vereinigte Staaten von Amerika
10007960,Akron (Zoo),Vereinigte Staaten von Amerika
10007961,Bay Village (Lake Erie Nature & Science Center),Vereinigte Staaten von Amerika
10007962,Berlin Center (Noahs Lost Ark Animal Sanctuary),Vereinigte Staaten von Amerika
10007963,Brecksville (Brecksville Nature Center),Vereinigte Staaten von Amerika
10007964,Cincinnati (Zoo & Botanical Garden),Vereinigte Staaten von Amerika
10007965,Clarksville (Horsefeathers Farm),Vereinigte Staaten von Amerika
10007966,Cleveland (Metroparks Zoo),Vereinigte Staaten von Amerika
10007967,Cleveland (Museum of Natural History),Vereinigte Staaten von Amerika
10007968,Cleveland (Greater Cleveland Aquarium),Vereinigte Staaten von Amerika
10007969,College Corner (Hueston Woods Nature Center),Vereinigte Staaten von Amerika
10007970,Cumberlands (The Wilds),Vereinigte Staaten von Amerika
10007972,Dayton (Boonshoft Museum of Discovery),Vereinigte Staaten von Amerika
10007973,East Canton (The Bird Nerds),Vereinigte Staaten von Amerika
10007974,Kirtland (Lake County Farmpark),Vereinigte Staaten von Amerika
10007975,Kirtland (Penitentiary Glen Reservation),Vereinigte Staaten von Amerika
10007976,Mansfield (Gorman Nature Center),Vereinigte Staaten von Amerika
10007977,Mansfield (Ohio Bird Sanctuary),Vereinigte Staaten von Amerika
10007978,North Olmsted (Rocky River Nature Center),Vereinigte Staaten von Amerika
10007979,Parma (Watershed Stewardship Center in West Creek Reservation),Vereinigte Staaten von Amerika
10007980,Port Clinton (African Safari Wildlife Park),Vereinigte Staaten von Amerika
10007981,Powell (Columbus Zoo and Aquarium),Vereinigte Staaten von Amerika
10007982,Sandusky (Kalahari Resorts & Conventions - Sandusky - Safari Outdoor Adventure Park),Vereinigte Staaten von Amerika
10007983,Sandusky (Lagoon Deer Park),Vereinigte Staaten von Amerika
10007984,South Euclid (Herps Alive Foundation),Vereinigte Staaten von Amerika
10007985,Sugarcreek (The Farm At Walnut Creek),Vereinigte Staaten von Amerika
10007986,Toledo (Zoo),Vereinigte Staaten von Amerika
10007987,Whitehouse (The Whitehouse Butterfly House),Vereinigte Staaten von Amerika
10007988,Willoughby (North Chagrin Nature Center),Vereinigte Staaten von Amerika
10007989,Bartlesville (Woolaroc Museum & Wildlife Preserve),Vereinigte Staaten von Amerika
10007990,Davis (Arbuckle Wilderness Park),Vereinigte Staaten von Amerika
10007991,Hugo (Endangered Ark Foundation),Vereinigte Staaten von Amerika
10007992,Jenks (Oklahoma Aquarium),Vereinigte Staaten von Amerika
10007993,Medicine Park (Aquarium and Natural Sciences Center),Vereinigte Staaten von Amerika
10007994,Oklahoma City (Zoo),Vereinigte Staaten von Amerika
10007995,Tulsa (Zoo),Vereinigte Staaten von Amerika
10007996,Tuttle (Tiger Safari Zoological Park),Vereinigte Staaten von Amerika
10007997,Wynnewood (The Greater Wynnewood Exotic Animal Park - geschlossen 2020),Vereinigte Staaten von Amerika
10007998,Bandon (West Coast Game Park Safari - geschlossen 2025),Vereinigte Staaten von Amerika
10007999,Beaverton (Alpacas of Tualatin Valley),Vereinigte Staaten von Amerika
10008000,Bend (High Desert Museum),Vereinigte Staaten von Amerika
10008001,Cave Junction (Great Cats World Park),Vereinigte Staaten von Amerika
10008002,Coos Bay (Charleston Marine Life Center),Vereinigte Staaten von Amerika
10008003,Eugene (Cascades Raptor Center),Vereinigte Staaten von Amerika
10008004,Grants Pass (Wildlife Images Rehabilitation and Education Center),Vereinigte Staaten von Amerika
10008005,Molalla (Alpacas at Marquam Hill Ranch),Vereinigte Staaten von Amerika
10008006,Molalla (Alpacas of Dancing Meadows),Vereinigte Staaten von Amerika
10008007,Newport (Hatfield Marine Science Center Oregon State University),Vereinigte Staaten von Amerika
10008008,Newport (Discovery Zoo),Vereinigte Staaten von Amerika
10008009,Newport (Oregon Coast Aquarium),Vereinigte Staaten von Amerika
10008010,Portland (Oregon Zoo),Vereinigte Staaten von Amerika
10008011,Roseburg (Jungle Things Oregon),Vereinigte Staaten von Amerika
10008012,Scotts Mills (Alpacas On The Horizon),Vereinigte Staaten von Amerika
10008013,Seaside (Aquarium),Vereinigte Staaten von Amerika
10008014,Sherwood (Alpacas of Oregon),Vereinigte Staaten von Amerika
10008015,The Dalles (Columbia Gorge Discovery Center & Museum),Vereinigte Staaten von Amerika
10008016,Winston (Wildlife Safari),Vereinigte Staaten von Amerika
10008017,Abington (Briar Bush Nature Center),Vereinigte Staaten von Amerika
10008018,Allenwood (Clyde Peelings Reptiland),Vereinigte Staaten von Amerika
10008019,Centre Hall (Penns Cave & Wildlife Park),Vereinigte Staaten von Amerika
10008020,East Stroudsburg (Pocono Snake & Animal Farm),Vereinigte Staaten von Amerika
10008021,Eighty Four (Jerichos Barnyard Petting Zoo),Vereinigte Staaten von Amerika
10008022,Erie (Zoo),Vereinigte Staaten von Amerika
10008023,Gettysburg (Land of Little Horses),Vereinigte Staaten von Amerika
10008024,Grove City (Keystone Safari),Vereinigte Staaten von Amerika
10008025,Halifax (Lake Tobias Wildlife Park),Vereinigte Staaten von Amerika
10008026,Hershey (ZooAmerica North American Wildlife Park),Vereinigte Staaten von Amerika
10008027,"Holtwood (Hilldale Farms Alpacas, Jody and Carl Miller)",Vereinigte Staaten von Amerika
10008028,Jamestown (Pymatuning Deer Park),Vereinigte Staaten von Amerika
10008029,Jim Thorpe (Bear Mountain Butterfly Sanctuary),Vereinigte Staaten von Amerika
10008030,Jones Mills (Living Treasures Animal Park),Vereinigte Staaten von Amerika
10008031,Lake Ariel (Claws n Paws Wild Animal Park),Vereinigte Staaten von Amerika
10008032,Lititz (Wolf Sanctuary of PA),Vereinigte Staaten von Amerika
10008033,Manheim (Graystone Ridge Alpacas),Vereinigte Staaten von Amerika
10008034,Mount Joy (Eastland Alpacas),Vereinigte Staaten von Amerika
10008035,New Castle (Living Treasures Animal Park New Castle),Vereinigte Staaten von Amerika
10008036,Norristown (Elmwood Park Zoo),Vereinigte Staaten von Amerika
10008037,Royersford (Upper Schuylkill Valley Park),Vereinigte Staaten von Amerika
10008038,Penns Creek (T&Ds Cats of the World),Vereinigte Staaten von Amerika
10008039,Philadelphia (Zoo),Vereinigte Staaten von Amerika
10008040,Philadelphia (The Academy of Natural Sciences of Drexel University),Vereinigte Staaten von Amerika
10008041,Pittsburgh (National Aviary),Vereinigte Staaten von Amerika
10008042,Pittsburgh (Zoo & Aquarium),Vereinigte Staaten von Amerika
10008043,Schnecksville (Lehigh Valley Zoo),Vereinigte Staaten von Amerika
10008044,Scranton (Electric City Aquarium & Reptile Den),Vereinigte Staaten von Amerika
10008045,West Grove (Alpaca Farms),Vereinigte Staaten von Amerika
10008046,York (Alpacas of York),Vereinigte Staaten von Amerika
10008047,Bristol (Audubon Society of Rhode Island Nature Center and Aquarium),Vereinigte Staaten von Amerika
10008048,Jamestown (Beavertail Aquarium),Vereinigte Staaten von Amerika
10008049,New Shoreham (Abrams Animal Farm),Vereinigte Staaten von Amerika
10008050,New Shoreham (Block Island Maritime Institute),Vereinigte Staaten von Amerika
10008051,North Kingstown (Biomes Marine Biology Center),Vereinigte Staaten von Amerika
10008052,Pawtucket (Daggett Farm Petting Zoo),Vereinigte Staaten von Amerika
10008053,Providence (Roger Williams Park Zoo),Vereinigte Staaten von Amerika
10008054,Anderson (Ballyhoo Petting Zoo),Vereinigte Staaten von Amerika
10008055,Awendaw (Sewee Visitor & Environmental Education Center),Vereinigte Staaten von Amerika
10008056,Awendaw (The Avian Conservation Center),Vereinigte Staaten von Amerika
10008057,Charleston (Charles Towne Landing),Vereinigte Staaten von Amerika
10008058,Charleston (Magnolia Plantation and Gardens),Vereinigte Staaten von Amerika
10008059,Charleston (South Carolina Aquarium),Vereinigte Staaten von Amerika
10008060,Columbia (Riverbanks Zoo and Garden),Vereinigte Staaten von Amerika
10008061,Cottageville (Bee City Zoo),Vereinigte Staaten von Amerika
10008062,Edisto Island (Edisto Island Serpentarium),Vereinigte Staaten von Amerika
10008063,Greenville (Zoo),Vereinigte Staaten von Amerika
10008064,Hamer (Reptile Lagoon),Vereinigte Staaten von Amerika
10008065,Murrells Inlet (Brookgreen Gardens - Lowcountry Zoo),Vereinigte Staaten von Amerika
10008066,Myrtle Beach (Safari (ehemals T.I.G.E.R.S.)),Vereinigte Staaten von Amerika
10008067,Myrtle Beach (Ripleys Aquarium of Myrtle Beach),Vereinigte Staaten von Amerika
10008068,North Myrtle Beach (Alligator Adventure),Vereinigte Staaten von Amerika
10008069,Salley (Eudora Farms),Vereinigte Staaten von Amerika
10008070,Wellford (Hollywild Animal Park),Vereinigte Staaten von Amerika
10008071,Rapid City (Bear Country USA),Vereinigte Staaten von Amerika
10008072,Rapid City (Reptile Gardens),Vereinigte Staaten von Amerika
10008073,Watertown (Bramble Park Zoo),Vereinigte Staaten von Amerika
10008074,Sioux Falls (Great Plains Zoo),Vereinigte Staaten von Amerika
10008075,Sioux Falls (Butterfly House & Aquarium),Vereinigte Staaten von Amerika
10008076,Alamo (Tennessee Safari Park),Vereinigte Staaten von Amerika
10008077,Bybee (Briarwood Ranch Safari Park),Vereinigte Staaten von Amerika
10008078,Chattanooga (Zoo),Vereinigte Staaten von Amerika
10008079,Chattanooga (Reflection Riding Arboretum & Nature Center),Vereinigte Staaten von Amerika
10008080,Chattanooga (Tennessee Aquarium),Vereinigte Staaten von Amerika
10008081,Clinton (Little Ponderosa Zoo and Rescue),Vereinigte Staaten von Amerika
10008082,Gatlinburg (Ripleys Aquarium of the Smokies),Vereinigte Staaten von Amerika
10008083,Kingsport (Bays Mountain Park and Planetarium),Vereinigte Staaten von Amerika
10008084,Knoxville (Zoo),Vereinigte Staaten von Amerika
10008085,Limestone (Brights Zoo),Vereinigte Staaten von Amerika
10008086,Memphis (Zoo),Vereinigte Staaten von Amerika
10008087,Nashville (Aquarium Restaurant),Vereinigte Staaten von Amerika
10008088,Nashville (Zoo at Grassmere),Vereinigte Staaten von Amerika
10008089,Pigeon Forge (Parrot Mountain and Gardens),Vereinigte Staaten von Amerika
10008090,Sevierville (RainForest Adventures Discovery Zoo),Vereinigte Staaten von Amerika
10008091,Sevierville (Smoky Mountain Deer Farm and Exotic Petting Zoo),Vereinigte Staaten von Amerika
10008092,Abilene (Abilene Zoological Park),Vereinigte Staaten von Amerika
10008093,Allen (The Center for Birds of Prey),Vereinigte Staaten von Amerika
10008094,Alvin (Bayou Wildlife Zoo),Vereinigte Staaten von Amerika
10008095,Amarillo (Zoo),Vereinigte Staaten von Amerika
10008096,Angleton (Crocodile Encounter),Vereinigte Staaten von Amerika
10008097,Austin (Aquarium),Vereinigte Staaten von Amerika
10008098,Austin (Nature & Science Center),Vereinigte Staaten von Amerika
10008099,Austin (Zoo),Vereinigte Staaten von Amerika
10008100,Bastrop (Texas Reptile Zoo),Vereinigte Staaten von Amerika
10008101,Beaumont (Gator Country),Vereinigte Staaten von Amerika
10008102,Boyd (The Wild Animal Sanctuary Texas - geschlossen 2025),Vereinigte Staaten von Amerika
10008103,Bridgeport (Center For Animal Research and Education),Vereinigte Staaten von Amerika
10008104,Brownsville (Gladys Porter Zoo),Vereinigte Staaten von Amerika
10008105,Bryan (Aggieland Wild Animal Safari),Vereinigte Staaten von Amerika
10008106,Cedar Creek (Capital of Texas Zoo),Vereinigte Staaten von Amerika
10008107,Copperas Cove (Topsey Exotic Ranch & Park),Vereinigte Staaten von Amerika
10008108,Corpus Christi (Texas State Aquarium),Vereinigte Staaten von Amerika
10008109,Dallas (Texas Discovery Gardens),Vereinigte Staaten von Amerika
10008110,Dallas (Childrens Aquarium at Fair Park),Vereinigte Staaten von Amerika
10008111,Dallas (Zoo),Vereinigte Staaten von Amerika
10008112,Dallas (Dallas World Aquarium),Vereinigte Staaten von Amerika
10008113,El Paso (Zoo),Vereinigte Staaten von Amerika
10008114,Fort Worth (Zoo),Vereinigte Staaten von Amerika
10008115,Fort Worth (SeaQuest - geschlossen 2024),Vereinigte Staaten von Amerika
10008116,Franklin (Franklin Drive Thru Safari),Vereinigte Staaten von Amerika
10008117,Gainesville (Frank Buck Zoo),Vereinigte Staaten von Amerika
10008118,Galveston (Moody Gardens),Vereinigte Staaten von Amerika
10008119,Glen Rose (Fossil Rim Wildlife Center),Vereinigte Staaten von Amerika
10008120,Grand Saline (Canton Grand Safari Adventure - vormals East Texas Zoo & Gator Park),Vereinigte Staaten von Amerika
10008121,Grapevine (Sea Life Grapevine),Vereinigte Staaten von Amerika
10008122,Houston (Bear Creek Pioneers Park),Vereinigte Staaten von Amerika
10008123,Houston (Downtown Aquarium),Vereinigte Staaten von Amerika
10008124,Houston (Museum of Natural Science),Vereinigte Staaten von Amerika
10008125,Houston (Zoo),Vereinigte Staaten von Amerika
10008126,Jacksonville (Cherokee Trace Drive-Thru Safari),Vereinigte Staaten von Amerika
10008127,Johnson City (The Exotic Resort Zoo),Vereinigte Staaten von Amerika
10008128,Kemah (Aquarium Restaurant),Vereinigte Staaten von Amerika
10008129,Lake Jackson (Sea Center Texas),Vereinigte Staaten von Amerika
10008130,Leon Valley (San Antonio Aquarium),Vereinigte Staaten von Amerika
10008131,Lufkin (Ellen Trout Zoo),Vereinigte Staaten von Amerika
10008132,McKinney (Heard Natural Science Museum & Wildlife Sanctuary),Vereinigte Staaten von Amerika
10008133,Mission (National Butterfly Center),Vereinigte Staaten von Amerika
10008134,Navasota (St Francis Wolf Sanctuary),Vereinigte Staaten von Amerika
10008135,New Braunfels (Animal World & Snake Farm Zoo),Vereinigte Staaten von Amerika
10008136,Pilot Point (Sharkarosa Wildlife Ranch),Vereinigte Staaten von Amerika
10008137,San Marcos (San Marcos Aquatic Resources Center),Vereinigte Staaten von Amerika
10008138,San Antonio (Aquatica San Antonio),Vereinigte Staaten von Amerika
10008139,San Antonio (Natural Bridge Wildlife Ranch),Vereinigte Staaten von Amerika
10008140,San Antonio (Zoo),Vereinigte Staaten von Amerika
10008141,San Antonio (SEA LIFE San Antonio),Vereinigte Staaten von Amerika
10008142,San Antonio (SeaWorld),Vereinigte Staaten von Amerika
10008143,Spring (TGR Exotics Wildlife Park),Vereinigte Staaten von Amerika
10008144,Taylor (Wild Things Zoofari),Vereinigte Staaten von Amerika
10008145,Tyler (Caldwell Zoo),Vereinigte Staaten von Amerika
10008146,Tyler (Tiger Creek Wildlife Refuge),Vereinigte Staaten von Amerika
10008147,Uvalde (Uvalde National Fish Hatchery),Vereinigte Staaten von Amerika
10008148,Victoria (The Texas Zoo),Vereinigte Staaten von Amerika
10008149,Waco (Cameron Park Zoo),Vereinigte Staaten von Amerika
10008150,Wylie (In-Sync Exotics),Vereinigte Staaten von Amerika
10008151,Draper (Loveland Living Planet Aquarium),Vereinigte Staaten von Amerika
10008152,Farmington (Lagoon Amusement Park - Tierhaltung 2025 beendet),Vereinigte Staaten von Amerika
10008153,Layton (SeaQuest Utah),Vereinigte Staaten von Amerika
10008154,Logan (Zootah),Vereinigte Staaten von Amerika
10008155,Salt Lake City (Natural History Museum of Utah),Vereinigte Staaten von Amerika
10008156,Salt Lake City (Tracy Aviary & Botanical Gardens),Vereinigte Staaten von Amerika
10008157,Salt Lake City (Utahs Hogle Zoo),Vereinigte Staaten von Amerika
10008158,Stockton (Otters And Others Zoo And Conservation),Vereinigte Staaten von Amerika
10008159,Burlington (ECHO - Leahy Center for Lake Champlain),Vereinigte Staaten von Amerika
10008160,Quechee (VINS Nature Center),Vereinigte Staaten von Amerika
10008161,Broad Run (Ever After Alpaca Farm),Vereinigte Staaten von Amerika
10008162,Catlett (Greenfield Farms Alpacas),Vereinigte Staaten von Amerika
10008163,Gainesville (Clover Meadows Farm),Vereinigte Staaten von Amerika
10008164,Gate City (Creation Kingdom Zoo - geschlossen 2025),Vereinigte Staaten von Amerika
10008165,Hampton (Bluebird Gap Farm),Vereinigte Staaten von Amerika
10008166,Leesburg (Leesburg Animal Park),Vereinigte Staaten von Amerika
10008167,Luray (Luray Zoo - A Rescue Zoo),Vereinigte Staaten von Amerika
10008168,Max Meadows (Fort Chiswell Animal Park),Vereinigte Staaten von Amerika
10008169,Moseley (Metro Richmond Zoo),Vereinigte Staaten von Amerika
10008170,Natural Bridge (Natural Bridge Zoo),Vereinigte Staaten von Amerika
10008171,Natural Bridge (Virginia Safari Park),Vereinigte Staaten von Amerika
10008172,Newport News (Virginia Living Museum),Vereinigte Staaten von Amerika
10008173,Norfolk (Virginia Zoological Park),Vereinigte Staaten von Amerika
10008174,Richmond (The Robins Nature Center at Maymont),Vereinigte Staaten von Amerika
10008175,Roanoke (Mill Mountain Zoo),Vereinigte Staaten von Amerika
10008176,The Plains (Marys Alpaca At Cedar Hill Farm),Vereinigte Staaten von Amerika
10008177,Vienna (Nova Wild (ehemals Reston Zoo)),Vereinigte Staaten von Amerika
10008178,Virginia Beach (Virginia Aquarium & Marine Science Center),Vereinigte Staaten von Amerika
10008179,West Springfield (Hidden Pond Nature Center),Vereinigte Staaten von Amerika
10008180,Williamsburg (Busch Gardens),Vereinigte Staaten von Amerika
10008181,Arlington (The Outback Kangaroo Farm),Vereinigte Staaten von Amerika
10008182,Bellingham (Marine Life Center),Vereinigte Staaten von Amerika
10008183,Bremerton (Bremerton Bug and Reptile Museum),Vereinigte Staaten von Amerika
10008184,Des Moines (Marine Science and Technology Center),Vereinigte Staaten von Amerika
10008185,Eatonville (Northwest Trek Wildlife Park),Vereinigte Staaten von Amerika
10008186,Issaquah (Cougar Mountain Zoo),Vereinigte Staaten von Amerika
10008187,Mead (Cat Tales Zoological Park),Vereinigte Staaten von Amerika
10008188,Monroe (The Reptile Zoo),Vereinigte Staaten von Amerika
10008189,Olympia (Puget Sound Estuarium),Vereinigte Staaten von Amerika
10008190,Port Angeles (Feiro Marine Life Center),Vereinigte Staaten von Amerika
10008191,Port Townsend (Port Townsend Marine Science Center),Vereinigte Staaten von Amerika
10008192,Poulsbo (Western Washington University - SEA Discovery Center),Vereinigte Staaten von Amerika
10008193,Pullman (Washington State University Bear Center),Vereinigte Staaten von Amerika
10008194,Seattle (Pacific Science Center),Vereinigte Staaten von Amerika
10008195,Seattle (Aquarium),Vereinigte Staaten von Amerika
10008196,Seattle (Woodland Park Zoo),Vereinigte Staaten von Amerika
10008197,Sequim (Olympic Game Farm),Vereinigte Staaten von Amerika
10008198,Shelton (Wild Felid Advocacy Center of Washington),Vereinigte Staaten von Amerika
10008199,Tacoma (Point Defiance Zoo & Aquarium),Vereinigte Staaten von Amerika
10008200,Tenino (Wolf Haven International),Vereinigte Staaten von Amerika
10008201,Walla Walla (Pioneer Park Aviary),Vereinigte Staaten von Amerika
10008202,Westport (Westport Aquarium),Vereinigte Staaten von Amerika
10008203,French Creek (West Virginia State Wildlife Center),Vereinigte Staaten von Amerika
10008204,Wheeling (Oglebay Good Zoo),Vereinigte Staaten von Amerika
10008206,Appleton (Butterfly Gardens Of Wisconsin),Vereinigte Staaten von Amerika
10008207,Baraboo (Circus World),Vereinigte Staaten von Amerika
10008208,Baraboo (International Crane Foundation),Vereinigte Staaten von Amerika
10008209,Baraboo (Ochsner Park & Zoo),Vereinigte Staaten von Amerika
10008211,Chippewa Falls (Irvine Park Zoo),Vereinigte Staaten von Amerika
10008212,Delavan (The Dancing Horses Theatre - Animal Gardens & Petting Zoo),Vereinigte Staaten von Amerika
10008213,Green Bay (Bay Beach Wildlife Sanctuary),Vereinigte Staaten von Amerika
10008214,Suamico (NEW Zoo & Adventure Park),Vereinigte Staaten von Amerika
10008215,Hayward (Wilderness Walk Zoo),Vereinigte Staaten von Amerika
10008216,Kewaunee (Bruemmer Park Zoo),Vereinigte Staaten von Amerika
10008217,Lake Geneva (Safari Lake Geneva),Vereinigte Staaten von Amerika
10008218,Madison (Henry Vilas Zoo),Vereinigte Staaten von Amerika
10008219,Manitowoc (Manitowoc Lincoln Park Zoo),Vereinigte Staaten von Amerika
10008220,Marshfield (Wildwood Zoo),Vereinigte Staaten von Amerika
10008221,Milwaukee (Discovery World),Vereinigte Staaten von Amerika
10008222,Milwaukee (County Zoo),Vereinigte Staaten von Amerika
10008223,Milwaukee (Public Museum),Vereinigte Staaten von Amerika
10008224,Minocqua (Wildwood Wildlife Park And Nature Center),Vereinigte Staaten von Amerika
10008225,Neshkoro (Shamba Safari),Vereinigte Staaten von Amerika
10008226,Oconomowoc (Concord General Store - Zoo),Vereinigte Staaten von Amerika
10008227,Oshkosh (Menominee Park Zoo),Vereinigte Staaten von Amerika
10008228,Poynette (MacKenzie Center),Vereinigte Staaten von Amerika
10008229,Racine (Zoo),Vereinigte Staaten von Amerika
10008230,Sharon (Valley Of The Kings Sanctuary And Retreat),Vereinigte Staaten von Amerika
10008231,St. Croix Falls (Fawn-doe-rosa Wildlife Educational Park),Vereinigte Staaten von Amerika
10008232,Stevens Points (UWSP Museum of Natural History),Vereinigte Staaten von Amerika
10008233,Sturgeon Bay (Open Door Bird Sanctuary),Vereinigte Staaten von Amerika
10008234,Waterford (Bear Den Zoo & Petting Farm),Vereinigte Staaten von Amerika
10008235,West Bend (Shalom Wildlife Zoo),Vereinigte Staaten von Amerika
10008236,Weyauwega (Animal Haven Farm Zoo),Vereinigte Staaten von Amerika
10008237,Wisconsin Dells (Alligator Alley Adventures),Vereinigte Staaten von Amerika
10008238,Wisconsin Dells (Beaver Springs - Dells Fish & Wildlife Museum & Aquarium),Vereinigte Staaten von Amerika
10008239,Wisconsin Dells (Timbavati Wildlife Park),Vereinigte Staaten von Amerika
10008240,Wisconsin Dells (Wisconsin Deer Park),Vereinigte Staaten von Amerika
10008241,Wisconsin Rapids (Wisconsin Rapids Municipal Zoo),Vereinigte Staaten von Amerika
10008242,Wilson (Teton Raptor Center),Vereinigte Staaten von Amerika
10008243,Abbotsford (The Reptile Guy - Wild Education),Kanada
10008244,Aldergrove (Greater Vancouver Zoo),Kanada
10008245,Aylesford (Oaklawn Farm Zoo - geschlossen 2023),Kanada
10008246,Bonaventure (Bioparc de la Gaspesie),Kanada
10008247,Bowser (Deep Bay Marine Field Station),Kanada
10008248,Brampton (Chinguacousy Park Petting Zoo),Kanada
10008249,Brantford (Brantford Twin Valley Zoo),Kanada
10008250,Breadalbane (Jurassic Barts Dinosaur Museum and Petting Farm),Kanada
10008251,Brentwood Bay (Victoria Butterfly Gardens),Kanada
10008252,Brockville (The Aquatarium at Tall Ships Landing),Kanada
10008253,Brossard (BFLY),Kanada
10008254,Caledonia (The Killman Zoo),Kanada
10008255,Calgary (Bow Habitat Station & Sam Livingston Fish Hatchery),Kanada
10008256,Calgary (Calgary Zoo),Kanada
10008257,Cambridge (African Lion Safari),Kanada
10008258,Cambridge (Cambridge Butterfly Conservatory),Kanada
10008259,Campbellville (Mountsberg Raptor Centre),Kanada
10008260,Campbell River (Discovery Passage Aquarium),Kanada
10008261,Carcross (Caribou Crossing Trading Post),Kanada
10008262,Carignan (Fauna Foundation),Kanada
10008263,Champneys West (Champneys West Aquarium),Kanada
10008264,Coaldale (Alberta Birds of Prey Foundation),Kanada
10008265,Cochrane (The Cochrane Polar Bear Habitat),Kanada
10008266,Coombs (Butterfly World Coombs),Kanada
10008267,Dartmouth (Back to the Sea),Kanada
10008268,Delta (OWL Orphaned Wildlife Rehabilitation Society),Kanada
10008269,Douglas (Westman Reptile Gardens),Kanada
10008270,Edmonton (Valley Zoo),Kanada
10008271,Edmonton (Royal Alberta Museum),Kanada
10008272,Edmonton (Marine Life),Kanada
10008273,Errington (North Island Wildlife Recovery Centre),Kanada
10008274,Frampton (Miller Zoo),Kanada
10008275,Gibsons (Nicholas Sonntag Marine Education Centre),Kanada
10008276,Godbout (Centre dinterpretation des oiseaux de proie de Godbout),Kanada
10008277,Golden (Grizzly Bear Interpretive Centre),Kanada
10008278,Golden (Northern Lights Wildlife Wolf Centre),Kanada
10008279,Granby (Zoo de Granby),Kanada
10008280,Grand etang (Gulf Aquarium and Marine Station Cooperative),Kanada
10008281,Greater Sudbury (Science North),Kanada
10008282,Haliburton (Haliburton Forest Wolf Centre),Kanada
10008283,Hamilton (Little Rays Reptile Zoo and Nature Centre),Kanada
10008284,Holyrood (Salmonier Nature Park),Kanada
10008285,Huntington (Two Rivers Wildlife Park),Kanada
10008286,Indian River (Canadas Dinosaur Park (ehemals: Indian River Reptile Zoo)),Kanada
10008287,Innisfail (Discovery Wildlife Park),Kanada
10008288,Kamloops (BC Wildlife Park),Kanada
10008289,Kelowna (Kangaroo Creek Farm),Kanada
10008290,Kincardine (Bervie Zoological Park),Kanada
10008291,Kingsville (Colasantis Tropical Gardens),Kanada
10008292,Laval (BFLY),Kanada
10008293,Le Fjord-du-Saguenay (Zoo de Falardeau),Kanada
10008294,Midland (Wye Marsh Wildlife Centre),Kanada
10008295,Moncton (Magnetic Hill Zoo),Kanada
10008296,Moncton (The Boardwalk and Butterfly World),Kanada
10008297,Montague (Moonlight PEI Sanctuary - Buffaloland Park),Kanada
10008298,Mono Mills (Turda Farms),Kanada
10008299,Montebello (Parc Omega),Kanada
10008301,Montreal (Insectarium de Montreal),Kanada
10008302,Morpeth (Greenview Aviaries Park & Zoo),Kanada
10008303,Niagara Falls (Bird Kingdom),Kanada
10008304,Niagara Falls (Butterfly Conservatory),Kanada
10008305,Niagara Falls (Marineland Canada - geschlossen 2025),Kanada
10008306,Niagara Falls (The Niagara Parks Floral Showhouse),Kanada
10008307,North Vancouver (Grouse Mountain Wildlife Refuge),Kanada
10008308,North York (Ontario Science Centre),Kanada
10008309,Oro-Medonte (Scales Nature Park),Kanada
10008310,Orono (Jungle Cat World Wildlife Park),Kanada
10008311,Oshawa (Oshawa Zoo),Kanada
10008312,Oxford Station (Saunders Country Critters Zoo & Garden Center),Kanada
10008313,Peachland (Parrot Island Sanctuary),Kanada
10008314,Peterborough (Riverview Park & Zoo),Kanada
10008315,Petty Harbour-Maddox Cove (Petty Harbour Mini Aquarium),Kanada
10008316,Phelpston (Elmvale Jungle Zoo),Kanada
10008317,Port McNeill (MERS Marine Education & Research Society),Kanada
10008318,Quebec (Aquarium du Quebec),Kanada
10008319,Quebec (BFLY),Kanada
10008320,Reidville (Newfoundland Insectarium),Kanada
10008321,Saint-Bernard-de-Lacolle (Parc Safari),Kanada
10008322,Saint-edouard-de-Maskinonge (Zoo Animalia),Kanada
10008323,Saint-Eustache (Exotarium - Ferme de Reptiles),Kanada
10008324,Saint-Felicien (Zoo Sauvage),Kanada
10008325,Sainte-Anne-de-Bellevue (Zoo Ecomuseum),Kanada
10008326,Sainte-Anne-de-la-Rochelle (CineZoo),Kanada
10008327,Sainte-Anne-des-Monts (Exploramer),Kanada
10008328,Sarsfield (Little Rays Reptile Zoo and Nature Centre),Kanada
10008329,Saskatoon (Saskatoon Forestry Farm Park & Zoo),Kanada
10008330,Shawinigan-Sud (Ranch Dupont),Kanada
10008331,Shediac (Centre Homarus Centre),Kanada
10008332,Shippagan (Aquarium et Centre marin du Nouveau-Brunswick),Kanada
10008333,Shubenacadie (Provincial Wildlife Park),Kanada
10008334,Sidney (Shaw Centre for the Salish Sea),Kanada
10008335,Stanley Bridge (Carrs Wildlife Centre),Kanada
10008336,St. Andrews (Huntsman Marine Science Centre - Fundy Discovery Aquarium),Kanada
10008337,St. Johns (The Fluvarium),Kanada
10008338,Stevensville (Safari Niagara),Kanada
10008339,Stratford (Le Nirvana de la Faune),Kanada
10008340,Sunderland (Story Book Farm Primate Sanctuary),Kanada
10008341,Telegraph Cove (Whale Interpretive Centre),Kanada
10008342,Terrebonne (educazoo Inc.),Kanada
10008343,Thompson (Boreal Discovery Center),Kanada
10008344,Thunderbay (Chippewa Park Wildlife Exhibit Division of Parks and Recreation),Kanada
10008345,Toronto (Far Enough Farm),Kanada
10008346,Toronto (High Park Zoo),Kanada
10008347,Toronto (Ripleys Aquarium of Canada),Kanada
10008348,Toronto (Riverdale Farm),Kanada
10008349,Toronto (Zoo),Kanada
10008350,Ucluelet (Ucluelet Aquarium),Kanada
10008351,Vancouver (Bloedel Conservatory),Kanada
10008352,Vancouver (Vancouver Aquarium),Kanada
10008353,Vaughan (Reptilia Zoo),Kanada
10008354,Victoria (Victoria Bug Zoo),Kanada
10008355,Vittoria (Canadian Raptor Conservancy),Kanada
10008356,Waterford (Waterford Deer Park),Kanada
10008357,Waterloo (Waterloo Park - Eby Farmstead),Kanada
10008358,Wendover (Papanack Park Zoo),Kanada
10008359,Whitby (Reptilia Zoo and Education Centre Whitby),Kanada
10008360,Winnipeg (Assiniboine Park Zoo),Kanada
10008361,Yukon (Wildlife Preserve),Kanada
10008362,Akumal (Dolphin Discovery Tulum-Akumal),Mexiko
10008363,Amecameca de Juarez (Hacienda Panoaya Park),Mexiko
10008364,Apetatitlan (Zoologico del Altiplano de Tlaxcala),Mexiko
10008365,Barcelo Maya (Dolphinaris Barcelo),Mexiko
10008366,Cancun (Delphinus Playa Mujeres),Mexiko
10008367,Cancun (Delphinus Punta Cancun),Mexiko
10008368,Cancun (Dolphinaris Cancun),Mexiko
10008369,Cancun (Interactive Aquarium Cancun),Mexiko
10008370,Cancun (Parque Agua Escondida Cancun),Mexiko
10008371,Chan Chemuyil (Delphinus Xel-Ha),Mexiko
10008372,Chapa de Mota (Bioparque Estrella),Mexiko
10008373,Chapultepec (Parque Estatal Urbano Barranca de Chapultepec),Mexiko
10008374,Chetumal (Zoologico Payo Obispo),Mexiko
10008375,Chignahuapan (Museo Mexicano del Axolote (MUMAX)),Mexiko
10008376,Chilpacingo (Zoologico Zoochilpan),Mexiko
10008377,Ciudad de Mexico (Acuario Inbursa),Mexiko
10008378,Ciudad de Mexico (Acuario Interactivo),Mexiko
10008379,Ciudad de Mexico (Acuario Michin CDMX),Mexiko
10008380,Ciudad de Mexico (Zoologico de Chapultepec),Mexiko
10008381,Ciudad de Mexico (Zoologico de San Juan de Aragon),Mexiko
10008382,Coatzacoalcos (Parque Ecologico Jaguaroundi),Mexiko
10008383,Colima (EcoParc (ehemals: Parque Regional Metropolitano Griselda Alvarez)),Mexiko
10008384,Colima (El Palapo Eco Park (ehemals: BioUniverZoo)),Mexiko
10008385,Cordoba (africa Bio Zoo),Mexiko
10008386,Coscomatepec de Bravo (Parque Recreativo Cosco),Mexiko
10008387,Coyoacan (Zoologico Los Coyotes),Mexiko
10008388,Coyuca de Benitez (Aracnee),Mexiko
10008389,Cozumel (Dolphin Discovery Cozumel),Mexiko
10008390,Cozumel (Dolphinaris Cozumel),Mexiko
10008391,Culican Rosales (Zoologico de Culiacan),Mexiko
10008392,Cuyutlan (El Tortugario Ecologico),Mexiko
10008393,El Paraiso (Parque Zoologico de Queretaro Wameru),Mexiko
10008394,Ensenada (Pai Pai Ecotourism Park),Mexiko
10008395,Epazoyucan (Tuzoofari),Mexiko
10008396,Garcia (Centro Recreativo Los Faisanes),Mexiko
10008397,Guadalajara (Acuario Michin Guadalajara),Mexiko
10008398,Guadalajara (Zoologico Guadalajara),Mexiko
10008399,Guadalupe (Parque Zoologico La Pastora),Mexiko
10008400,Heroica Puebla de Zaragoza (Africam Safari),Mexiko
10008401,Irapuato (Zoologico de Irapuato),Mexiko
10008402,Isla Mujeres (Dolphin Discovery Isla Mujeres),Mexiko
10008403,Ixtapa Zihuatanejo (Delfiniti de Mexico),Mexiko
10008404,Ixtapaluca (El Nido Aviario),Mexiko
10008405,Juan Aldama (Zoologico de Chihuahua),Mexiko
10008406,Juarez (Recreativo Zoologico San Jorge),Mexiko
10008407,Leon de los Aldama (Parque Zoologico de Leon),Mexiko
10008408,Leon de los Aldama (Sealand Leon),Mexiko
10008409,Manzanillo (Iguanario Archundia),Mexiko
10008410,Mazatlan (Gran Acuario Mazatlan Mar de Cortes),Mexiko
10008411,Merida (Parque Zoologico Bicentenario Animaya),Mexiko
10008412,Merida (Parque Zoologico del Centenario),Mexiko
10008413,Mexicali (Bosque de la Ciudad de Mexicali),Mexiko
10008414,Mhahual (Dolphin Discovery Costa Maya),Mexiko
10008415,Morelia (Parque Zoologico Benito Juarez),Mexiko
10008416,Morelos (Zoofari Centro de Conservacion),Mexiko
10008417,Moroleon (Parque Zoologico Moroleon),Mexiko
10008418,Nayarit (Cocodrilario Del Nayar),Mexiko
10008419,Nepantla de Sor Juana Ines de la Cruz (Museo De Serpientes Vivas El Teutle),Mexiko
10008420,Nezahaulcoyotl (Zoologico Parque del Pueblo),Mexiko
10008421,Nuevo Laredo (Zoologico y Acuario de Nuevo Laredo),Mexiko
10008422,Nuevo Vallarta (Dolphin Discovery Vallarta),Mexiko
10008423,Nuevo Vallarta (Santuario de Cocodrilos El Cora),Mexiko
10008424,Oaxaca (Santuario del Jaguar (ehemals: Yaguarxoo)),Mexiko
10008425,Orizaba (Eco Parque Rio),Mexiko
10008426,Palenque (Ecoparque Aluxes),Mexiko
10008427,Playa del Carmen (Delphinus Riviera Maya),Mexiko
10008428,Playa del Carmen (Delphinus Xcaret),Mexiko
10008429,Playa del Carmen (Dolphin Discovery Playa del Carmen Maroma),Mexiko
10008430,Playa del Carmen (Xcaret Mexico),Mexiko
10008431,Puerto Aventuras (Dolphin Discovery Riviera Maya),Mexiko
10008432,Puerto Aventuras (Dolphinaris Riviera Maya),Mexiko
10008433,Puerto Morelos (Croco Cun Zoo),Mexiko
10008434,Puerto Morelos (Delphinus Puerto Morelos),Mexiko
10008435,Reynosa (Zoologico de Reynosa),Mexiko
10008436,San Augutin (Sealand),Mexiko
10008437,San Bernardino Tlaxcalancingo (Zoo Parque Loro Puebla),Mexiko
10008438,San Blas (Cocodrilario Kiekari),Mexiko
10008439,San Jose del Cabo (Cabo Dolphins San Jose del Cabo),Mexiko
10008440,San Jose del Cabo (Dolphin Discovery San Jose del Cabo),Mexiko
10008441,San Luis de Potosi (Zoologico De Mexquitic),Mexiko
10008442,Santa Maria Nativitas (Parque Ecologico Zacango),Mexiko
10008443,Sonora (Delfinario Sonora),Mexiko
10008444,Tabasco (Yumka),Mexiko
10008445,Tampico Alto (El Solito),Mexiko
10008446,Tehuacan (El Club de los Animalitos),Mexiko
10008447,Tepetongo (Mundo Granjero & Zoo),Mexiko
10008448,Tijuana (Zoologico del Parque Morelos),Mexiko
10008449,Tlacotalpan (Mini Zoologico de Pio Barran Barteli),Mexiko
10008450,Totolapa (AkgaPun KitsisTanka-Reserva Ecologica),Mexiko
10008451,Tulum (Bahia Principe Hotel - Dolphinaris Tulum),Mexiko
10008452,Tuxtla Gutierrez (Zoomat - ehemals: Zoologico Miguel alvarez del Toro),Mexiko
10008453,Valladolid (Vallazoo),Mexiko
10008454,Veracruz (Acuario de Veracruz),Mexiko
10008455,Seeb (Oman Aquarium),Oman
10008456,Barka (Al Noman Zoo),Oman
10008457,Tayissah (Taymissah Zoo),Oman
10008458,Ibra (Safari World),Oman
10008459,Al Hamra Dakhliya (Al Naseem Park),Oman
10008460,Ben Cat (Dai Nam Zoo - Vuon thu),Vietnam
10008461,Dien Xuan (Eco-Tourism Resort - Khu du loch sinh thai Doc Nhan Tam),Vietnam
10008462,Ha Noi (Hanoi Zoo - Vuon Thu),Vietnam
10008463,Ho Ch Minh (Dam Sen Zoo - Vuon thu Dom Sen),Vietnam
10008464,Ha Noi (VinKE & Vinpearl Aquarium Times City - VinKE & Thoy Cung Times City),Vietnam
10008465,Hoi An (Hoi An Children Zoo and Horse Riding - cafe so Thu Trai ngiom ngoa Hoi An),Vietnam
10008466,Loc Duong (ZooDoo),Vietnam
10008467,Nha Trang (National Oceanographic Museum of Vietnam - Boo Tang Hoi Duong Hoc),Vietnam
10008468,Nha Trang (Tri Nguyen Aquarium - Thoy Cung),Vietnam
10008469,Nha Trang (VinWonders),Vietnam
10008470,Nho Quan (Endangered Primate Rescue Center EPRC),Vietnam
10008472,Phu Loc (ARA Bird Garden),Vietnam
10008473,Phu Quoc (Vinpearl Safari),Vietnam
10008474,Phu Quoc (VinWonders),Vietnam
10008475,Tan Phu (Dao Tien Endangered Primate Species Centre),Vietnam
10008477,Thanh pho Bien Hoa (Mango Garden Resort),Vietnam
10008479,Thanh pho Long Xuyen (Blue Sky Crocodile Land - Long Xuyen Crocodile),Vietnam
10008480,Thanh pho Phan Thiot (Vita Garden Mini-Zoo),Vietnam
10008481,Thanh pho Qui Nhon (FLC Zoo Safari Park Quy Nhon),Vietnam
10008482,Dong Nai (Cat Tien Bear Sanctuary - Trung tam Gou Cat Tien),Vietnam
10008483,Nho Quan (Save Vietnam's Wildlife - Carnivore and Pangolin Education Centre),Vietnam
10008484,Thanh pho Da Lot (Da Lat Animal Kim Ngan Hills - Doi thu Kim Ngan Da Lot),Vietnam
10008485,Karaulbaza (Ekotsentr Dzheyran),Usbekistan
10008486,Samarkand (Yoshlik Attraction Park / Terrarium),Usbekistan
10008487,Tashkent (Zoo - Toshkent hayvonot bogoi),Usbekistan
10008488,Tashkent (Gafur Gulom Park - Goafur Goulom bogoi),Usbekistan
10008489,Andijon (Andijon Zoopark - Andijon hayvonot bogoi),Usbekistan
10008490,Fargona (Fargona Zoopark - Fargoona hayvonot bogoi),Usbekistan
10008491,Termiz (Termiz Zoopark - Termiz hayvonot bogoi),Usbekistan
10008492,Tashkent (Magic City Aquarium),Usbekistan
10008494,Duschanbe (Zoopark Duschanbe - Boghi khayvonoti Duschanbe),Tadschikistan
10008495,Abbottabad (Lalazar Wildllife Park),Pakistan
10008496,Ahmedpur Mcleod Ganj (Ameer Private Wildlife Breeding Farm),Pakistan
10008497,Attock (Jinnah Park Zoo),Pakistan
10008498,Attock (Ladies Park AMF),Pakistan
10008499,Attock (Mehria Zoo And Park),Pakistan
10008500,Attock (Zoo Park MRF),Pakistan
10008501,Bahawalnagar (Bahawalnagar Zoo),Pakistan
10008502,Bahawalnagar (Mini Zoo),Pakistan
10008503,Bahawalpur (Zoo),Pakistan
10008504,Bahawalpur (Lal Suhanra Blackbuck Enclosure),Pakistan
10008505,Bahawalpur (Lal-Sohanra-Nationalpark),Pakistan
10008506,Bahria Enclave (Bahria Enclave Zoo),Pakistan
10008507,Bannu (Town Ship Pheasantry),Pakistan
10008508,Bahria Town Karachi (DanZoo),Pakistan
10008509,Batkhela (Pheasantry),Pakistan
10008510,Batkhela (Wildlife Safari Park),Pakistan
10008511,Chishtian (Gulistan Safari Park),Pakistan
10008512,Chishtian (Ubaidullah wildlife breeding farm UWF),Pakistan
10008513,Dera Ghazi Khan (Zoological Garden),Pakistan
10008514,Dhodial (Dhodial Pheasantry),Pakistan
10008515,Faisalabad (Canal View Park),Pakistan
10008516,Faisalabad (Gutwala Park Faisalabad),Pakistan
10008517,Faisalabad (Jaranwala Zoo),Pakistan
10008518,Faisalabad (Wild Life Breeding Center Gatwala),Pakistan
10008519,Ghora Gali (Wildlife Park Bansra Gali Murree),Pakistan
10008520,Haleji (Haleji Lake Wildlife Sanctuary),Pakistan
10008521,Hyderabad (Rani Bagh Zoo),Pakistan
10008522,Islamabad (Chattar Park),Pakistan
10008523,Islamabad (Lake View Park),Pakistan
10008524,Jhang (Shakarganj Zoo),Pakistan
10008525,Kamalia (Kamalia Wildlife Park),Pakistan
10008526,Karachi (Arif Hussain Shaheed Mini Zoo Park),Pakistan
10008527,Karachi (Bagh e Rizwan Family Park & Mini Zoo),Pakistan
10008528,Karachi (Karachi Zoological and Botanical Gardens),Pakistan
10008529,Karachi (KN Academy Zoo),Pakistan
10008530,Karachi (Landhi Korangi Zoo),Pakistan
10008531,Karachi (Masjid Nisar Shaheed Park),Pakistan
10008532,Karachi (Mehmood Ghaznavi Park),Pakistan
10008533,Karachi (Mir Usman Ali Khan Parda Park & Mini Zoo),Pakistan
10008534,Karachi (Mufti Ramzan Family Park & Mini Zoo),Pakistan
10008535,Karachi (Nasir Hussain Shaheed Family Park),Pakistan
10008536,Karachi (Rafah-e-Aam Park),Pakistan
10008537,Karachi (Safari Fun World),Pakistan
10008538,Karachi (Samzu Park),Pakistan
10008539,Karachi (TWEC - The Wildlife Experience Center),Pakistan
10008540,Kasur (Changa Manga Vulture Conservation Centre),Pakistan
10008541,Kohat (Kotal Wildlife Park),Pakistan
10008542,Kohat (Toghmangara safary park),Pakistan
10008543,Lahore (Bahria Orchard Main Zoo),Pakistan
10008544,Lahore (Changa Manga Forest Zoo),Pakistan
10008545,Lahore (Faizi Private Wildlife Breeding Farm),Pakistan
10008546,Lahore (Jallo Zoo),Pakistan
10008547,Lahore (Lahore Zoo),Pakistan
10008548,Lahore (Safari Villas Park),Pakistan
10008549,Lahore (Safari Zoo),Pakistan
10008550,Lahore (Saint Marys Park Mini Zoo),Pakistan
10008551,Lahore (Sukh Chayn Gardens),Pakistan
10008552,Lashkari Jo Goth (Kirthar Park),Pakistan
10008553,Multan (BIO ParK Bahauddin Zakariya University (BZU)),Pakistan
10008554,Muzaffarabad (Jalalabad Garden),Pakistan
10008555,Nankana Sahib (Rana Resort & Safari Park),Pakistan
10008556,Okara (Sulemanki National Park),Pakistan
10008557,Patikka (Patikka Zoo),Pakistan
10008558,Perowal (Wildlife Park),Pakistan
10008559,Peshawar (Bagh e Naran),Pakistan
10008560,Peshawar (Sherabad Pheasantry Peshawar),Pakistan
10008561,Rahim Yar Khan (Wildlife Parks Rahim Yar Khan),Pakistan
10008562,Rawalpindi (Bahria Town Corner Zoo),Pakistan
10008563,Rawalpindi (Jungle World & Zoo),Pakistan
10008564,Rawalpindi (Lion Zoo),Pakistan
10008565,Rawalpindi (Lohi Bher Wildlife Park),Pakistan
10008566,Rawalpindi (Mini Golf Club & Restaurant),Pakistan
10008567,Shah Allah Ditta Islamabad (Birds Paradise),Pakistan
10008568,Sukkur (Benazir Bhutto Family Park Sukkur),Pakistan
10008569,Swabi (Baja Wildlife Park),Pakistan
10008570,Swabi (Kund Park),Pakistan
10008571,Toba Tek Singh (Rajana Forest Bhagat Wildlife Park),Pakistan
10008572,Vehari (Wildlife Park),Pakistan
10008578,Entebbe (Uganda Wildlife Conservation Education Centre - Entente Zoo),Uganda
10008579,Entebbe (Uganda Reptiles Village),Uganda
10008580,Jinja (Source Of The Nile Reptile Park),Uganda
10008581,Lukalu (CTC Conservation Center),Uganda
10008582,Bizerte (Musee Oceanographique - Aquarium Sidi El Henni),Tunesien
10008583,Bouficha (Friguia Park),Tunesien
10008584,Chenini Nahal (Amin Zoo),Tunesien
10008585,Hammam Sousse (Kantaoui Zoo Botanic Park),Tunesien
10008586,Midoun (Djerba Explore Park),Tunesien
10008588,Sfax (Jardin Publics de Touta),Tunesien
10008589,Tozeur (Desert Zoo Si Tijani Bejghil),Tunesien
10008590,Tozeur (Le Paradis de LOasis et Zoo du Sahara),Tunesien
10008591,Tunis (Parque Zoologique de la Ville de Tunis - Belvedere-Zoo),Tunesien
10008592,Yasmine Hammamet (Carthage Land Yasmine Hammamet),Tunesien
10008593,Lome (Fauna Cultura),Togo
10008594,Temedja (ZooParc),Togo
10008595,Sara Kawa (Parc Sarakawa),Togo
10008596,Djamde (Parc Djamde),Togo
10008597,Victoria Falls (Victoria Falls Crocodile Park),Simbabwe
10008598,Victoria Falls (The Elephant and cheetah experience),Simbabwe
10008599,Bushtick (Chipangali Wildlife Orphanage),Simbabwe
10008600,Somerby (Kuimba Shiri Bird Park),Simbabwe
10008601,Somerby (Lion Park Harare),Simbabwe
10008602,Somerby (Snake World),Simbabwe
10008603,Harare (Mukuvisi Woodlands),Simbabwe
10008604,Harare (Wild Is Life & ZEN),Simbabwe
10008605,Freetown (Tacugama Chimpanzee Sanctuary),Sierra Leone
10008606,Dakar (Parcs Forestier et Zoologique de Hann),Senegal
10008607,Sangalkam (Le Village des Tortues),Senegal
10008608,Nguerigne Bambara (Parc Exotique du Senegal),Senegal
10008609,Same (Fathala Wildlife Reserve),Senegal
10008611,Kashamata (Chimfunshi Wildlife Orphanage),Sambia
10008612,Lusaka (Kalimba Reptile Park),Sambia
10008613,Chilanga (Munda Wanga Environmental Park),Sambia
10008614,Livingstone (Livingstone Crocodile Park),Sambia
10008615,Luanshya (Local Zoo),Sambia
10008616,Kasheta (The Wild Tatenda),Sambia
10008617,Lusaka (Parays Animal Sanctuary),Sambia
10008618,Livingstone (Mukuni Big 5 Safari),Sambia
10008619,Kigali (Kandt House Museum),Ruanda
10008620,Namaacha (Zoologico Namaacha),Mosambik
10008621,Maputo (Jardim Zoologico),Mosambik
10008622,Tsumeb (Mokuti Etosha Lodge - Ontouka Reptile Park),Namibia
10008623,Gobabis (Harnas Wildlife Foundation),Namibia
10008624,Swakopmund (Snake Park),Namibia
10008625,Swakopmund (National Marine Aquarium),Namibia
10008626,Abeokuta (Funaab Zoo),Nigeria
10008627,Abeokuta (OOPL Wildlife Park),Nigeria
10008628,Abuja (National Childrens Park & Zoo Abuja),Nigeria
10008629,Adamawa (Yola Jimeta Zoo),Nigeria
10008630,Akure (Futa Wildlife Park),Nigeria
10008631,Asaba (Maryam Babangida Leisure Park),Nigeria
10008632,Benin City (Ogba Zoo),Nigeria
10008633,Borno (Sanda Kyarimi Park Zoo),Nigeria
10008634,Calabar (CERCOPAN),Nigeria
10008635,Calabar (Pandrillus Nigeria - Drill Ranch),Nigeria
10008636,Ibadan (University of Ibadan - Zoological Garden),Nigeria
10008637,Ife (Obafemi Awolowo University - Biological Gardens),Nigeria
10008638,Isalu (Q-Brat Zoo & Gardens),Nigeria
10008639,Jos (Jos Wildlife Park),Nigeria
10008640,Jos (Jos Zoo),Nigeria
10008641,Kano (Kano State Zoological Garden),Nigeria
10008642,Kwara (Unilorin Zoo),Nigeria
10008643,Lagos (University of Lagos - Biological Garden),Nigeria
10008644,Lekki (Omu Resort - Lagos),Nigeria
10008645,Makurdi (Makurdi Zoological Garden),Nigeria
10008646,Nekede (Nekede Zoological Garden),Nigeria
10008647,Port Harcourt (Port Harcourt Zoo),Nigeria
10008648,Maiduguri (Sanda Kyarini Park Zoo),Nigeria
10008649,Bagamoy (Kaole Snake Park),Tansania
10008650,Changu Island (Giant Tortoise Santuary),Tansania
10008651,Dar Es Salaam (Dar Es Salaam Zoo),Tansania
10008652,Duka Bovu (Meserani Snake Park),Tansania
10008653,Jozani (Joriefa Park),Tansania
10008654,Jozani (Jozani Butterfly & Boutique),Tansania
10008655,Jozani (Jozani Sea Turtle and Tortoise Sanctuary),Tansania
10008656,Kiromo (Kiromo Zoo),Tansania
10008657,Kitogani (Zala Park),Tansania
10008658,Malindi (Mnarani Snake Park),Kenia
10008659,Mbalizi (Ifisi Zoo),Tansania
10008660,Mbinga (Lugari Min zoological garden),Tansania
10008661,Mikumi (Genesis snake park and motel),Tansania
10008662,Mwanza (Saanane Islands National Park),Tansania
10008663,Nungwi (Nungwi Mnarani Aquarium),Tansania
10008664,Nungwi (Zanzibar Kilosas Conservation),Tansania
10008665,Stone Town (Cheetahs Rock),Tansania
10008666,Tabora (Tabora Zoo),Tansania
10008667,Zanzibar (Zanzibar Park),Tansania
10008668,Addo (Addo Wildlife Center),Südafrika
10008669,Bapsfontain (Endofaun Zoo),Südafrika
10008670,Bela-Bela (Cheetah Experience),Südafrika
10008671,Bela-Bela (Mabalingwe Game Reserve - Boschpoort Safaris: Predator Park),Südafrika
10008672,Bela-Bela (Mabula Game Lodge),Südafrika
10008673,Bela-Bela (Mystic Monkeys and Feathers Wildlife Park),Südafrika
10008674,Bela-Bela (Sondela Nature Reserve & Spa Bela Bela),Südafrika
10008675,Bela-Bela (Thaba Kwena Crocodile Farm),Südafrika
10008676,Benoni (Benoni Monkey And Bird Park),Südafrika
10008677,Bethlehem (LIONSROCK Big Cat Sanctuary),Südafrika
10008678,Bloemfontain (Zanchieta Wild Cat Farm),Südafrika
10008679,Brits (Ann van Dyk Cheetah Centre),Südafrika
10008680,Broederstroom (Lion & Safari Park),Südafrika
10008681,Cape Town (Cheetah Outreach),Südafrika
10008682,Cape Town (Giraffe House),Südafrika
10008683,Cape Town (Monkey Town Primate Centre),Südafrika
10008684,Cape Town (Two Oceans Aquarium),Südafrika
10008685,Cape Town (West Coast Farm Stall),Südafrika
10008686,Cape Town (World of Birds Wildlife Sanctuary & Monkey Park),Südafrika
10008687,Cathkin Park (Dragon Rock Reptile and Nature Park),Südafrika
10008688,Cathkin Park (Falcon Ridge - Bird Of Prey Center),Südafrika
10008689,Cato Ridge (Natal Zoological Gardens),Südafrika
10008690,Chartwell (Croc City Crocodile & Reptile Park),Südafrika
10008691,District Brits (UKUTULA Lodge & Game Reserve),Südafrika
10008692,Dolphin Coast (Ndlondlo Reptile Park),Südafrika
10008693,Dullstroom (Dullstroom Bird of Prey & Rehabilitation Centre),Südafrika
10008694,Durban (Flag Animal Farm),Südafrika
10008695,Durban (Mitchell Park Zoo),Südafrika
10008696,Durban (Umgeni River Bird Park),Südafrika
10008697,Durban (uShaka Marine World),Südafrika
10008698,East London (Aquarium),Südafrika
10008699,East London (Queenspark Zoo),Südafrika
10008700,eManzana (Cradle of Life),Südafrika
10008701,Eshowe (Eshowe Butterfly Dome),Südafrika
10008702,Groblersdal (Mbidi Resort & Animal Sanctuary),Südafrika
10008703,Hartbeespoort (Chameleon Village - Lion and Tiger park),Südafrika
10008704,Hartbeespoort (Chameleon Village - Reptile and Conservation Park),Südafrika
10008705,Hartbeespoort (Elephant Sanctuary Hartbeespoort),Südafrika
10008706,Hartbeespoort (Hartebeespoort Dam Snake and Animal Park),Südafrika
10008707,Hartbeespoort (Monkey Sanctuary),Südafrika
10008708,Hazyview (Perrys Bridge Reptile Park),Südafrika
10008709,Hillcrest (Amazona Birds),Südafrika
10008710,Hluhluwe (Emdoneni Lodge with Cheetah Project),Südafrika
10008711,Hluhluwe (Gooderson Dumazulu Lodge & Traditional Village),Südafrika
10008712,Hluhluwe (Zulu Croc),Südafrika
10008713,Hoedspruit (Hoedspruit Endangered Species Centre (HESC)),Südafrika
10008714,Hoedspruit (Hoedspruit Reptile Centre),Südafrika
10008715,Hoedspruit (Moholoholo Animal Rehabilitation Centre),Südafrika
10008716,Hout Bay (World of Birds Wildlife Sanctuary),Südafrika
10008717,Syrien,Südafrika
10008718,Jeffreys Bay (Africa Dawn),Südafrika
10008719,Johannesburg (Zoo),Südafrika
10008720,Johannesburg (Montecasino Bird Gardens),Südafrika
10008721,Johannesburg (Snake City),Südafrika
10008722,Kimberley (Felidae Centre),Südafrika
10008723,Kirkwood (Daniell Cheetah Project),Südafrika
10008724,Kroonstad (Boskoppie Lion And Tiger Reserve),Südafrika
10008725,Krugersdorp (Bothongo Rhino & Lion Nature Reserve),Südafrika
10008726,Kwambonambi (Reptile City),Südafrika
10008727,Margate (Pure Venom Reptile Park),Südafrika
10008728,Maselspoort (Bagamoya Wildlife Estate),Südafrika
10008729,Mbombela (Chimp Eden),Südafrika
10008730,Mbonambi (Umfolozi River Lodge & Bird Park),Südafrika
10008731,Middelburg (Amora),Südafrika
10008732,Midrand (Lory Park Zoo),Südafrika
10008733,Mokopane (Mokopane Biodiversity Conservation Centre - SANBI),Südafrika
10008734,Mossel Bay (Bartolomeu Dias Museum Complex),Südafrika
10008735,Mossel Bay (The Shark Lab - Mini Aquarium),Südafrika
10008736,Mtubatuba (Crocodile Centre St Lucia),Südafrika
10008737,Nelspruit (Sudwala Butterfly Effect Nature Garden),Südafrika
10008738,New Germany (New Germany Nature Reserve),Südafrika
10008739,oThongathi (Crocodile Creek),Südafrika
10008740,Oudtshoorn (Cango Wildlife Ranch),Südafrika
10008741,Oudtshoorn (Safari Ostrich Farm),Südafrika
10008742,Outer West Durban (PheZulu Safari Park),Südafrika
10008743,Parys (Rietkuil Conservation and Research Farm),Südafrika
10008744,Pienaars Rivier (Genius Loci Game Ranch),Südafrika
10008745,Pienaarsrivier (Zaagkuilsdrift Bird Sanctuary And Lodge),Südafrika
10008746,Pietermaritzburg (African Bird of Prey Sanctuary),Südafrika
10008747,Plettenberg Bay (Birds of Eden),Südafrika
10008748,Plettenberg Bay (Garden Route Wolf Sanctuary),Südafrika
10008749,Plettenberg Bay (Knysna Elephant Park),Südafrika
10008750,Plettenberg Bay (Lawnwood Snake Sanctuary),Südafrika
10008751,Plettenberg Bay (Monkeyland),Südafrika
10008752,Plettenberg Bay (Radical Raptors),Südafrika
10008753,Plettenberg Bay (Tenikwa Wildlife Rehabilitation & Awareness Centre),Südafrika
10008754,Plettenberg Bay (The Elephant Sanctuary Plettenberg Bay),Südafrika
10008755,Polokwane (Meropa Casino and Entertainment World - Wildthingz),Südafrika
10008756,Polokwane (Polokwane Snake & Reptile Park),Südafrika
10008757,Port Edward (Mac Banana),Südafrika
10008758,Pretoria (National Zoological Gardens of South Africa),Südafrika
10008759,Pretoria (Safari Garden Centre),Südafrika
10008760,Pretoria (Wonderboom Bird Park & Aquarium),Südafrika
10008761,Ramsgate (Butterfly Valley Butterfly Farm),Südafrika
10008762,Robertson (Birds Paradise),Südafrika
10008763,Rustenburg (Jabula Big Cat Sanctuary),Südafrika
10008764,Rustenburg (Predators Rock Bush Lodge),Südafrika
10008765,Scottburgh (Crocworld),Südafrika
10008766,Sidbury (Kwantu Private Game Reserve Sanctuary),Südafrika
10008767,Southbroom (Riverbend Crocodile Farm),Südafrika
10008768,Stanford (Panthera Africa Big Cat Sanctuary),Südafrika
10008769,Stellenbosch (Eagle Encounters),Südafrika
10008770,Stellenbosch (Exotic Animal World (ehemals Butterfly World)),Südafrika
10008771,Stellenbosch (Vredenheim Wildlife & Winery),Südafrika
10008772,Stilfontain (Wawielpark Holiday Resort),Südafrika
10008773,Suider Üaarl (Le Bonheur Reptiles and Adventures),Südafrika
10008774,Thabazimbi (Marakele Animal Sanctuary),Südafrika
10008775,Tsitsikamma (Tsitsikamma Wolf Sanctuary),Südafrika
10008776,Tzaneen (Agatha Crocodile Ranch),Südafrika
10008777,Vaalwater (Eventiera),Südafrika
10008778,Vaalwater (Jugomaro Predator Park),Südafrika
10008779,Vaalwater (Waterberg Wildlife Sanctuary (ehemals: Waterberg Predator Park)),Südafrika
10008780,Vanderbijlpark (Emerald River Lodge - Animal World Game Park & Zoo),Südafrika
10008781,Vierfontain (Letsatsi la Africa Wildlife Park),Südafrika
10008782,Vrede (Moreson Ranch Lodge Lion Park),Südafrika
10008783,Paterson (Shamwari Private Game Reserve),Südafrika
10008784,Riyadh (Zoo),Saudi-Arabien
10008785,Jeddah (Fakieh Aquarium),Saudi-Arabien
10008786,Taif (Zoo),Saudi-Arabien
10008787,Al-Kharj (Zoo),Saudi-Arabien
10008788,Jeddah (Cyan Waterpark),Saudi-Arabien
10008789,Al Taraf (Al-Taraf Model Zoo),Saudi-Arabien
10008790,Dammam (Dolphin Village Dammam),Saudi-Arabien
10008791,Riyadh (BLVD - Dolphin Show),Saudi-Arabien
10008792,Riyadh (BLVD - Forest),Saudi-Arabien
10008793,Kathmandu (Central Zoo - Sadar Zoo),Nepal
10008794,Anantalingeshwar (Tiger Lily Petting Farm & Hands-On Museum),Nepal
10008795,Kankai (Jamunkhadi Zoo),Nepal
10008796,Tilottama (Banbatika Zoo),Nepal
10008797,Lekhnath (Pokhara Zoological Park),Nepal
10008798,Rodriguez (Avilon Zoo),Philippinen
10008799,Albuquerque (Bohol Python & Wildlife Park),Philippinen
10008800,Mabalacat (Clark Safari and Adventure Park),Philippinen
10008801,Mabalacat (Zoocobia Fun Zoo),Philippinen
10008802,Carmen (Cebu Safari and Adventure Park),Philippinen
10008803,Talisay (Crocolandia Foundation),Philippinen
10008804,Manila (Ocean Park),Philippinen
10008805,Manila (Zoo),Philippinen
10008806,Bacolod (Negros Forest Park),Philippinen
10008807,Quezon City (Ninoy Aquino Parks and Wildlife Center),Philippinen
10008808,Puerto Princesa (Palawan Wildlife Rescue and Conservation Center),Philippinen
10008809,Loboc (Xzootic Animal Park),Philippinen
10008810,Loboc (Zoocolate Thrills Theme Park),Philippinen
10008811,Vigan City (Baluarte Resort and Mini Zoo),Philippinen
10008812,Mendez (Paradizoo),Philippinen
10008813,Legabizpi City (Albay Park & Wildlife),Philippinen
10008814,Malabon (Zoo),Philippinen
10008815,Pililla (Zoo - Lyger Animal Sanctuary),Philippinen
10008816,Ban Mai (Samphran Peacock Park),Thailand
10008817,Bang Phra (Bang Phra Wildlife Breeding Centre),Thailand
10008818,Bang Phra (Khao Kheow Open Zoo),Thailand
10008819,Bang Talat (Suanpalm Farmnok),Thailand
10008820,Bangkok (Snake Farm),Thailand
10008821,Bangkok (PATA Zoo),Thailand
10008822,Bangkok (Safari World),Thailand
10008823,Bangkok (SEA LIFE Bangkok Ocean World - ehemals Siam Ocean World),Thailand
10008824,Chai Mongkhon (Nakhon Ratchasima Zoo - vormals Korat Zoo),Thailand
10008825,Chalong (Dolphins Bay Phuket),Thailand
10008826,Choeng Thale (Elephant Care Park Nai Dee Phuket),Thailand
10008827,Choeng Thale (Elephant Jungle Sanctuary Phuket),Thailand
10008828,Choeng Thale (Elephant Wildlife Sanctuary),Thailand
10008829,Choeng Thale (Green Elephant Sanctuary Park),Thailand
10008830,Choeng Thale (Phuket Eco Elephant Park),Thailand
10008831,Hin Lek Fai (Hua Hin Zoo),Thailand
10008832,Kathu (Elephant Jungle Sanctuary Phuket),Thailand
10008833,Kathu (Nopparat Elephant camp),Thailand
10008834,Kathu (Real Kathu Elephant Sanctuary),Thailand
10008835,Kathu (Tiger Kingdom Phuket),Thailand
10008836,Kham Muang (Khonkaen Zoo),Thailand
10008837,Khanong Phra (The Bonanza Exotic Zoo),Thailand
10008838,Khao Rup Chang (Songkhla Zoo),Thailand
10008839,Khao Tha Phra (Chainat Bird Park),Thailand
10008840,Khao Yai (Malai Farm),Thailand
10008841,Khlong Khut (Kung Kraben Aquarium),Thailand
10008842,Khunphithak (Chang Puak Camp Damnoen Saduak),Thailand
10008843,Khunphithak (Tiger World Thailand),Thailand
10008844,Kwae Yai (Bueng Boraphet Aquarium),Thailand
10008845,Lum Sum (Tiger Temple Kanchanaburi),Thailand
10008846,Mae Raem (Siam Insect Zoo),Thailand
10008847,Mai Fat (Rajamangkala Aquarium Trang),Thailand
10008848,Muang Pattaya (Pattaya Dolphin World - geschlossen),Thailand
10008849,Na Chom Thian (Nong Nooch Tropical Botanical Garden),Thailand
10008850,Nai Mueang (Garden Birds of Thailand),Thailand
10008851,Nai Mueang (Museum National - Roi Et Municipality Aquarium),Thailand
10008852,Nong Khanak (Sriayuthaya Lion Park),Thailand
10008853,Nong Khrok (80th Chaloem Phrakiat Park - Si Sa Ket Aquarium),Thailand
10008854,Nong Kom Ko (Nong Khai Aquarium),Thailand
10008855,Nong Kwai (Chiang Mai Night Safari),Thailand
10008856,Nong Pla Lai (Monster World Pattaya),Thailand
10008857,Nong Pla Lai (The Million Years Stone Park & Pattaya Crocodile Farm),Thailand
10008858,Nong Yat (Mekong Underwater World),Thailand
10008859,Paklok (Phuket Elephant Sanctuary),Thailand
10008860,Pang Mu (Learning Center for Wildlife and Forest Conservation Mae Hong Son Province),Thailand
10008861,Pattaya City (Underwater World Pattaya),Thailand
10008862,Phe (Rayong Aquarium),Thailand
10008863,Saen Suk (The Institute of Marine Science of Burapha University - Aquarium),Thailand
10008864,Sam Phraya (Huai Sai Wildlife Breeding Center),Thailand
10008865,Si Racha (Siri Park & Zoo),Thailand
10008866,Si Racha (Tiger Topia Sriracha),Thailand
10008867,Suthep (Choeng Doi Suthep Wildlife Conservation Development and Extension),Thailand
10008868,Tambon Ban Nai Dong (The field animals dream),Thailand
10008869,Tambon Maret (Samui Aquarium and Tiger Zoo),Thailand
10008870,Tambon Si Sunthon (Phuket Elephant Nature Reserve),Thailand
10008871,Thale Chup Son (Lopburi Zoo),Thailand
10008872,Thambon Su Thep (Chiang Mai Zoo & Aquarium),Thailand
10008873,Wichit (Aquaria Phuket),Thailand
10008875,Wichit (Phuket Aquarium),Thailand
10008876,Wichit (Phuket Bird Park),Thailand
10008877,Kabul (Zoo),Afghanistan
10008878,Villabassa (Minizoo Olympia / Parco animali Olympia),Italien
10008879,Stamford (Stamford Museum & Nature Center),Vereinigte Staaten von Amerika
10008880,Honeoye Falls (Wild Wings Nature Center),Vereinigte Staaten von Amerika
10008881,La Castellana (Eltoro Zoo De La Castellana),Philippinen
10008882,Palos Verdes (Marineland of the Pacific - geschlossen 1987),Vereinigte Staaten von Amerika
10008884,Bati (Haramaya Zoo),Äthiopien
10008886,Addis Abeba (Lion Park),Äthiopien
10008887,Panama City (Punta Culebra Nature Center),Panama
10008888,Pyskočely (Pyzuu fun park),Tschechien
10008889,Jaboticabal (Nucleo de Pesquisa e Conservação de Cervídeos),Brasilien
10008890,Sao Paulo (Zoo Agenor - geschlossen 1975),Brasilien
10008891,Rio de Janeiro (Jardim Zoológico de Villa Isabel - geschlossen 1941),Brasilien
10008892,Ho Chi Minh City (Saigon Zoo and Botanical Gardens),Vietnam
10008893,Pathum Thani (Thanyaburi Mini Zoo),Thailand
10008894,Bangkok (Dusit Zoo - geschlossen 2018),Thailand
10009004,Lake Buena Vista (Walt Disney World Resort - Disney´s Animal Kingdom),Vereinigte Staaten von Amerika
10009005,Playa del Carmen (Xaman-Ha Aviario),Mexiko
10009006,Kanpur (Zoological Park),Indien
10009007,Ranchi (Bhagwan Birsa Biological Park),Indien
10009008,Chennai (Childrens Park),Indien
10009009,Surat (Dr. Shyamaprasad Mukherjee Zoological Garden),Indien
10009010,Bokaro (Jawaharlal Nehru Biological Park),Indien
10009011,Bilaspur (Kanan Pandari Zoo),Indien
10009012,Bhilai (Maitri Baagh Zoo),Indien
10009013,Rangapahar (Nagaland Zoological Park),Indien
10009014,Rajkot (Zoological Park),Indien
10009015,Vadodara (Sri Sayaji Baug Zoo),Indien
10009016,Thrissur (Zoo),Indien
10009017,Jamshedpur (Tata Steel Zoological Park),Indien
10009018,Burdwan (Bardhaman Zoological Park),Indien
10009019,Chennai (Snake Park),Indien
10009020,Gwalior (Gandhi Zoological Park),Indien
10009021,Rourkela (Indira Gandhi Park Zoo),Indien
10009022,Kota (Zoo),Indien
10009023,Ludhiana (Zoo),Indien
10009024,Nagpur (Maharajbag Zoo),Indien
10009025,Pune-Chinchiwad (Nisargakavi Bahinabai Choudhary Pranisangahalaya - geschlossen 2020),Indien
10009026,Rohtak (Zoo),Indien
10009027,Shimoga (Tiger & Lion Safari),Indien
10009028,Bhopal (Van Vihar National Park and Zoo),Indien
10009029,Mothijharan (Wild Animal Conservation Center),Indien
10009030,Hissar (Deer Park),Indien
10009031,Dehradun (Mini Zoo),Indien
10009032,Howrah (Deer Park),Indien
10009033,Tikarpara (Gharial Research & Conservation Unit),Indien
10009035,Kolkata (Eco Park),Indien
10009036,Nayagarh (Deer Park),Indien
10009037,Shillong (Meghalaya Zoo),Indien
10009038,Vasona (Lion Safari),Indien
10009039,Thirunvananthapuram (Nayyar Mini Zoo),Indien
10009040,Satna (White Tiger Safari and Zoo),Indien
10009041,Kolhapur (Zoo),Indien
10009042,Bhiwani (Mini Zoo),Indien
10009043,Pipli (Mini Zoo),Indien
10009044,Jalpaiguri (North Bengal Wild Animals Park),Indien
10009045,Nalanda (Rajgir Zoo Safari),Indien
10009046,Cochbihar (Rasikbeel Mini Zoo),Indien
10009047,Mandi (Rewalsar Mini Zoo),Indien
10009048,Kevadiya (Sardar Patel Zoological Park),Indien
10009049,Gorakhpur (Zoo),Indien
10009050,Bellary (Children´s Park-Cum-Zoo),Indien
10009051,Malampuzha (Snake Park),Indien
10009052,Purulia (Mini Zoo),Indien
10009053,Gadchiroli (Amtes Animal Ark),Indien
10009054,Manali (Nehru Phesantary),Indien
10009055,Pereira (Bioparque Ukumari),Kolumbien
10009059,Turmero (Zoológico de la Familia Pantin),Venezuela
10009060,Cotia (Animália Park),Brasilien
10009061,Guarulhos (Zoo),Brasilien
10009062,Belén de Escobar (Bioparque Temaikèn),Argentinien
10009063,"Wuhan (Institute of Hydrobiology, CAS)",China
10009064,"Flatts Village (Bermuda Aquarium, Museum and Zoo)",Vereinigtes Königreich/Bermuda
10009065,Willemstad (Curaçao Sea Aquarium),Niederlande/Curacao
10009066,Guwang (Hidden Mini Zoo Bali),Indonesien
10009067,Alajuela (La Paz Waterfall Gardens),Costa Rica
10009068,Huangshan (Wildlife Rescue Center),China
10009069,Los Angeles (Natural History Museum of Los Angeles County),Vereinigte Staaten von Amerika
10009070,Monteverde (Serpentario - geschlossen 2020),Costa Rica
10009071,Front Royal (Smithsonian Conservation Biology Institute),Vereinigte Staaten von Amerika
10009072,Itabashi (Botanical Garden),Japan
10009073,Aberdeen (Wylie Park),Vereinigte Staaten von Amerika
10009074,Abingdon (Anita C. Leight Estuary Center),Vereinigte Staaten von Amerika
10009075,Agua Dulce (Animal Tracks),Vereinigte Staaten von Amerika
10009076,Alameda (Crab Cove Discovery Center),Vereinigte Staaten von Amerika
10009077,Albuquerque (New Mexico Museum of Natural History & Science),Vereinigte Staaten von Amerika
10009079,Alexandria (Jerome Buddie Ford Nature Center),Vereinigte Staaten von Amerika
10009080,Alton (National Great Rivers Museum),Vereinigte Staaten von Amerika
10009081,Ann Arbor (Domino´s Farms Petting Farm),Vereinigte Staaten von Amerika
10009082,Ann Arbor (Leslie Science & Nature Center),Vereinigte Staaten von Amerika
10009083,Annadale (Hidden Oaks Nature Center),Vereinigte Staaten von Amerika
10009084,Anniston (Museum of Natural History),Vereinigte Staaten von Amerika
10009085,Apopka (C.A.R.E. Foundation),Vereinigte Staaten von Amerika
10009086,Arlington (Potomac Overlook Regional Park),Vereinigte Staaten von Amerika
10009087,Ash (Emberwood Farm),Vereinigte Staaten von Amerika
10009088,Athens (Texas Freshwater Fisheries Center),Vereinigte Staaten von Amerika
10009089,Augusta (Kellogg Bird Sanctuary),Vereinigte Staaten von Amerika
10009090,Baltimore (Carrie Murray Nature Center),Vereinigte Staaten von Amerika
10009091,Barrington (Wildlife Encounters Ecology & Wellness Center),Vereinigte Staaten von Amerika
10009092,Barstow (Desert Discovery Center),Vereinigte Staaten von Amerika
10009093,Baton Rouge (Blue Zoo),Vereinigte Staaten von Amerika
10009094,Baton Rouge (LSU Mike the Tiger´s Habitat),Vereinigte Staaten von Amerika
10009095,Bernice (Area at Grand Lake State Park),Vereinigte Staaten von Amerika
10009096,Bethel (Hays For Zorses),Vereinigte Staaten von Amerika
10009097,Blacklick (American Primate Educational Sanctuary),Vereinigte Staaten von Amerika
10009098,Bonham (North Texas Safari Park),Vereinigte Staaten von Amerika
10009100,Bonsall (Wild Wonders),Vereinigte Staaten von Amerika
10009101,Boynton Beach (Animal EDventure Park & Safari ),Vereinigte Staaten von Amerika
10009103,Brandon (McClain Resort),Vereinigte Staaten von Amerika
10009104,Branson (Bransons Wild World),Vereinigte Staaten von Amerika
10009105,Bridgehampton (South Fork Natural History Museum and Nature Center),Vereinigte Staaten von Amerika
10009106,Broadway (Zoological Park),Vereinigte Staaten von Amerika
10009107,Broken Bow (Beavers Bend Safari Park),Vereinigte Staaten von Amerika
10009108,Brooksville (Boyett´s Grove & Citrus Attraction),Vereinigte Staaten von Amerika
10009109,Bryan (Brazos Valley Museum of Natural History),Vereinigte Staaten von Amerika
10009110,Bunkerville (Camel Safari),Vereinigte Staaten von Amerika
10009111,Cadiz (Woodlands Nature Station),Vereinigte Staaten von Amerika
10009112,Cape Girardeau (Conservation Nature Center),Vereinigte Staaten von Amerika
10009113,Cape Neddick (Center For Wildlife),Vereinigte Staaten von Amerika
10009114,Cape Vincent (Fisheries Station),Vereinigte Staaten von Amerika
10009116,Dahlonega (Chestatee Wildlife Preserve & Zoo),Vereinigte Staaten von Amerika
10009117,Elgin (Lords Park Zoo),Vereinigte Staaten von Amerika
10009118,Granville (Jungle Experience Zoo),Vereinigte Staaten von Amerika
10009119,Hillsdale (Nature´s Creek Zoo),Vereinigte Staaten von Amerika
10009120,Kaufman (Texas Zoofari Park),Vereinigte Staaten von Amerika
10009121,Kingwood (Hovatter´s Wildlife Zoo),Vereinigte Staaten von Amerika
10009122,Lavonia (The Haven Zoo),Vereinigte Staaten von Amerika
10009124,Locust Grove (Zoo Safari USA),Vereinigte Staaten von Amerika
10009125,Monroe (Horn T Zoo),Vereinigte Staaten von Amerika
10009126,Port Clinton (The Watering Hole Safari and Waterpark),Vereinigte Staaten von Amerika
10009127,Sigel (Farmer´s Inn Animal Park),Vereinigte Staaten von Amerika
10009128,Twin Falls (Zoological Center),Vereinigte Staaten von Amerika
10009129,Windsor (Livermon Park & Mini Zoo),Vereinigte Staaten von Amerika
10009130,Melville (White Post Farms),Vereinigte Staaten von Amerika
10009131,Commerce (Atlanta Safari Park),Vereinigte Staaten von Amerika
10009132,Como (Safari Wild Animal Park),Vereinigte Staaten von Amerika
10009133,Evant (Buena Vista Wildlife Safari),Vereinigte Staaten von Amerika
10009134,Grapeland (Safari - geschlossen 2024),Vereinigte Staaten von Amerika
10009135,Guntown (Blue Springs Safari),Vereinigte Staaten von Amerika
10009136,Hartwell (Lake Hartwell Wildlife Safari),Vereinigte Staaten von Amerika
10009137,Hempstead (Angel Pines Safari),Vereinigte Staaten von Amerika
10009138,Hope Hull (Alabama Safari Park),Vereinigte Staaten von Amerika
10009139,Horse Cave (Dutch Country Safari Park),Vereinigte Staaten von Amerika
10009140,Jefferson (Lonesome Dove Drive-Thru Safari),Vereinigte Staaten von Amerika
10009141,Lantana (Safari Bob´s),Vereinigte Staaten von Amerika
10009142,Laredo (Safari and Adventure Park),Vereinigte Staaten von Amerika
10009143,Lawrenceberg (Little Crooked Creek Safari),Vereinigte Staaten von Amerika
10009144,Metter (Wild Georgia Safari Park),Vereinigte Staaten von Amerika
10009146,Stillwater (Lost Creek Safari),Vereinigte Staaten von Amerika
10009147,Yuma (Southland Safari),Vereinigte Staaten von Amerika
10009148,Cartersville (Pettit Creek Farms),Vereinigte Staaten von Amerika
10009149,Cave Creek (Wild at Heart),Vereinigte Staaten von Amerika
10009150,Cheney (Eagle Valley Raptor Center - geschlossen 2023),Vereinigte Staaten von Amerika
10009151,Chilton (Ledge View Nature Center),Vereinigte Staaten von Amerika
10009152,Chipley (Seacrest Wolf Preserve),Vereinigte Staaten von Amerika
10009153,Cuyahoga Heights (CanalWay Center),Vereinigte Staaten von Amerika
10009154,Coeur d´Alene (Big Red´s Barn Indoor Animal Experience & Education),Vereinigte Staaten von Amerika
10009155,Columbia (Lakota Wolf Preserve),Vereinigte Staaten von Amerika
10009156,Decatur (Cook Museum of Natural Science),Vereinigte Staaten von Amerika
10009157,Dornsife (Green Horse Farm Animal Park & Petting Zoo),Vereinigte Staaten von Amerika
10009158,Dow (Treehouse Wildlife Center),Vereinigte Staaten von Amerika
10009159,Elkader (Osborne Visitor Welcome Center & Nature Center),Vereinigte Staaten von Amerika
10009160,Ethel (Magnolia Wilds - vormals Barn Hill Preserve),Vereinigte Staaten von Amerika
10009161,Fairbanks (Large Animal Research Station),Vereinigte Staaten von Amerika
10009162,Fenton (Supe´s Exotic Jungle),Vereinigte Staaten von Amerika
10009163,Folsom (SeaQuest),Vereinigte Staaten von Amerika
10009164,Fort Collins (Fort Collins Museum of Discovery),Vereinigte Staaten von Amerika
10009165,Fort Myers Beach (Ostego Bay Foundation Marine Science Center),Vereinigte Staaten von Amerika
10009166,Fort Pierce (Ocean Discovery Visitors Center),Vereinigte Staaten von Amerika
10009167,Fort Walton Beach (Emerald Coast Science Center),Vereinigte Staaten von Amerika
10009168,Frankfort (TPA Park),Vereinigte Staaten von Amerika
10009169,Fredericksburg (Longneck Manor),Vereinigte Staaten von Amerika
10009170,Fredericksburg (The Preserve),Vereinigte Staaten von Amerika
10009171,Fredericksburg (Rhinory),Vereinigte Staaten von Amerika
10009172,Garfield (Wildlife Conservation & Education Center),Vereinigte Staaten von Amerika
10009173,Gatlinburg (Ober Adventure Park & Ski Area),Vereinigte Staaten von Amerika
10009174,Gaylord (Gaylord´s City Elk Park),Vereinigte Staaten von Amerika
10009175,Genevieve (Crown Ridge Tiger Sanctuary),Vereinigte Staaten von Amerika
10009176,Glen Echo (Park Aquarium),Vereinigte Staaten von Amerika
10009177,Glenbuelah (Rustic Retreat Deer Park),Vereinigte Staaten von Amerika
10009178,Golden (Park District),Vereinigte Staaten von Amerika
10009179,Graham (Tickled Pink Petting Zoo),Vereinigte Staaten von Amerika
10009180,Great Bend (Kansas Wetlands Education Center),Vereinigte Staaten von Amerika
10009181,Guyton (Hope Ranch GVS),Vereinigte Staaten von Amerika
10009182,Haines (American Bald Eagle Foundation),Vereinigte Staaten von Amerika
10009183,Haines (Kroschel Wildlife Center - geschlossen 2024),Vereinigte Staaten von Amerika
10009184,Hancock (Botna Bend Park),Vereinigte Staaten von Amerika
10009185,Harbor Springs (Deer Park),Vereinigte Staaten von Amerika
10009186,Harlem (Feathered Friends Forever),Vereinigte Staaten von Amerika
10009187,Henderson (Broken Shovels Farm Sanctuary),Vereinigte Staaten von Amerika
10009188,Hendersonville (Aquarium & Shark Lab by Team ECCO),Vereinigte Staaten von Amerika
10009189,Hershey (Hershey Park),Vereinigte Staaten von Amerika
10009190,Hickory (Catawba Science Center),Vereinigte Staaten von Amerika
10009191,Hilton Head Island (Coastal Discovery Museum),Vereinigte Staaten von Amerika
10009192,Hochatown (Rescue Center & Petting Zoo),Vereinigte Staaten von Amerika
10009193,Holland (Nelis´ Dutch Village),Vereinigte Staaten von Amerika
10009194,Holland (Outdoor Discovery Center),Vereinigte Staaten von Amerika
10009196,Homer (Homer Lake Interpretive Center),Vereinigte Staaten von Amerika
10009198,Hopkinson (Foster Parrots and The New England Exotic Wildlife Sanctuary),Vereinigte Staaten von Amerika
10009199,Houston (International Owl Center),Vereinigte Staaten von Amerika
10009200,Hubert (Possumwood Acres Wildlife Sanctuary),Vereinigte Staaten von Amerika
10009201,Hudson (Hansen´s Farm Fresh Dairy),Vereinigte Staaten von Amerika
10009202,Humble (Houston Aquarium & Animal Adventure),Vereinigte Staaten von Amerika
10009203,"Huntington (Heritage Farm, Museum, and Village)",Vereinigte Staaten von Amerika
10009204,Indianapolis (Eagle Creek Park Earth Discovery Center),Vereinigte Staaten von Amerika
10009205,Indianapolis (Eagle Creek Park Ornithology Center),Vereinigte Staaten von Amerika
10009206,Ithaca (Sciencenter),Vereinigte Staaten von Amerika
10009207,Jackson (Mississippi Museum of Natural Science),Vereinigte Staaten von Amerika
10009208,Jackson (Howling Woods Farm),Vereinigte Staaten von Amerika
10009209,Jacksonville (MOSH Museum of Science and History),Vereinigte Staaten von Amerika
10009210,Jamestown (National Buffalo Museum),Vereinigte Staaten von Amerika
10009211,Jefferson (Busy B Ranch Wildlife Park),Vereinigte Staaten von Amerika
10009212,Johnson City (Reptilandia),Vereinigte Staaten von Amerika
10009213,Junction City (Milford Nature Center & Fish Hatchery),Vereinigte Staaten von Amerika
10009214,Kailua-Kona (Ocean Rider),Vereinigte Staaten von Amerika
10009215,Kailua-Kona (Three Rings Ranch Exotic Animal Sanctuary),Vereinigte Staaten von Amerika
10009216,Key Largo (Island Dolphin Care),Vereinigte Staaten von Amerika
10009218,Kingston (Forsyth Nature Center),Vereinigte Staaten von Amerika
10009219,Kinston (Neuseway Nature Park),Vereinigte Staaten von Amerika
10009220,Knox (Coastal Children´s Museum),Vereinigte Staaten von Amerika
10009221,Kodiak (Kodiak Fisheries Research Center Aquarium),Vereinigte Staaten von Amerika
10009222,Lady Lake (Uncle Donald´s Farm),Vereinigte Staaten von Amerika
10009223,Lake Village (SOR Wildlife Adventure),Vereinigte Staaten von Amerika
10009224,Lamar (Bacchus Family Adventure Farm),Vereinigte Staaten von Amerika
10009225,Lancaster (North Museum of Nature & Science),Vereinigte Staaten von Amerika
10009226,Largo (George C. McGough Nature Park),Vereinigte Staaten von Amerika
10009227,Las Vegas (The Aquarium at Silverton Casino),Vereinigte Staaten von Amerika
10009228,Leawood (Prairie Oak Nature Center),Vereinigte Staaten von Amerika
10009229,Lehi (Hutchings Museum & Institute),Vereinigte Staaten von Amerika
10009230,Lexington (Timber Creek Petting Farm),Vereinigte Staaten von Amerika
10009231,Libertyville (Lambs Farm Farmyard),Vereinigte Staaten von Amerika
10009232,Linville (Grandfather Mountain Wildlife Habitats & Wilson Center for Nature Discovery),Vereinigte Staaten von Amerika
10009233,Little Rock (Central Arkansas Nature Center),Vereinigte Staaten von Amerika
10009234,Live Oak (Mystic Jungle Educational Facility),Vereinigte Staaten von Amerika
10009235,Logan (Adventure Golf at Rempel´s Grove),Vereinigte Staaten von Amerika
10009236,Logan (Chief Logan State Park),Vereinigte Staaten von Amerika
10009237,Lompoc (Cabrillo High School Aquarium),Vereinigte Staaten von Amerika
10009238,Los Fresnos (Fragile Planet Wildlife Park),Vereinigte Staaten von Amerika
10009239,Lynchburg (Hill City Aqua Zoo - vormals SeaQuest),Vereinigte Staaten von Amerika
10009240,Medeira (Alligator Attraction & Wildlife Learning Center),Vereinigte Staaten von Amerika
10009241,Mammoth Spring (Mammoth Spring National Fish Hatchery),Vereinigte Staaten von Amerika
10009242,Manchester (Lutz Children´s Museum),Vereinigte Staaten von Amerika
10009243,Manor (Crowes Nest Farm),Vereinigte Staaten von Amerika
10009244,Manorville (Animal Farm Petting Zoo),Vereinigte Staaten von Amerika
10009245,Maplewood (Sustainable Safari),Vereinigte Staaten von Amerika
10009246,Marathon (Turtle Hospital),Vereinigte Staaten von Amerika
10009247,McGregor (Blue Hills Ranch),Vereinigte Staaten von Amerika
10009248,McHenry (Wild Acres),Vereinigte Staaten von Amerika
10009249,Melrose (Single Vision),Vereinigte Staaten von Amerika
10009250,Miami (Gator Park),Vereinigte Staaten von Amerika
10009251,Millington (Raptor Trust),Vereinigte Staaten von Amerika
10009252,Minford (Rose Valley Animal Park),Vereinigte Staaten von Amerika
10009253,Minocqua (Northwoods Wildlife Center),Vereinigte Staaten von Amerika
10009254,Mobile (Environmental Studies Center),Vereinigte Staaten von Amerika
10009255,Moss Point (Gulf Coast Gator Ranch),Vereinigte Staaten von Amerika
10009256,Myakka City (Bearadise Ranch Bear Preserve),Vereinigte Staaten von Amerika
10009257,Mystic (Denison Pequotsepos Nature Center),Vereinigte Staaten von Amerika
10009258,Naples (Shy Wolf Sanctuary Experience Center),Vereinigte Staaten von Amerika
10009259,Nashville (Rainbow Ranch Petting Zoo),Vereinigte Staaten von Amerika
10009260,New Era (Lewis Adventure Farm & Zoo),Vereinigte Staaten von Amerika
10009261,Newport (Save the Bays Exploration Center & Aquarium - geschlossen 2024),Vereinigte Staaten von Amerika
10009262,Niles (The Aquarium at Eastwood),Vereinigte Staaten von Amerika
10009263,Northbrook (River Trail Nature Center),Vereinigte Staaten von Amerika
10009264,Norwich (Montshire Museum of Science),Vereinigte Staaten von Amerika
10009265,Oak Harbor (Northwest Wildlife Sanctuary),Vereinigte Staaten von Amerika
10009266,Ocala (Discovery Center),Vereinigte Staaten von Amerika
10009267,Oneonta (Popp Butterfly Conservatory),Vereinigte Staaten von Amerika
10009268,Oklahoma City (Blue Zoo Aquarium),Vereinigte Staaten von Amerika
10009269,Orlando (Science Center),Vereinigte Staaten von Amerika
10009271,Overland Park (Deanna Rose Children´s Farmstead),Vereinigte Staaten von Amerika
10009272,Owatonna (RAD Reptile & Amphibian Discovery Zoo ),Vereinigte Staaten von Amerika
10009273,Pagosa Springs (Rocky Mountain Wildlife Park),Vereinigte Staaten von Amerika
10009274,Panama City (Bear Creek Feline Center),Vereinigte Staaten von Amerika
10009275,Pawnee (Bill Ranch),Vereinigte Staaten von Amerika
10009276,Pensacola (Uncle Sandys Macaw Bird Park),Vereinigte Staaten von Amerika
10009277,Perry (Go Fish Education Center),Vereinigte Staaten von Amerika
10009278,Phoenix (Liberty Wildlife),Vereinigte Staaten von Amerika
10009279,Ponchatoula (Kliebert & Sons Gator Tours),Vereinigte Staaten von Amerika
10009280,Portland (Bird Alliance of Oregon Wildlife Sanctuary - vormals Audubon Wildlife Sanctuary),Vereinigte Staaten von Amerika
10009281,Powell (Ohio Wildlife Center),Vereinigte Staaten von Amerika
10009282,Richmond (Joseph Moore Museum),Vereinigte Staaten von Amerika
10009283,River Forest (Trailside Museum of Natural History),Vereinigte Staaten von Amerika
10009284,Roanoke (Mill Mountain Discovery Center),Vereinigte Staaten von Amerika
10009285,Roanoke (Science Museum of Western Virginia),Vereinigte Staaten von Amerika
10009286,Rock Springs (Wisconsin Big Cat Rescue),Vereinigte Staaten von Amerika
10009287,Rockville (Hobson Adventure Farm),Vereinigte Staaten von Amerika
10009288,Rome (Rome-Floyd County ECO River Education Center),Vereinigte Staaten von Amerika
10009289,Roseville (SeaQuest - geschlossen 2025),Vereinigte Staaten von Amerika
10009290,Round Lake (Prairie Grass Nature Museum),Vereinigte Staaten von Amerika
10009291,Sanibel Island (CROW Clinic for the Rehabilitation of Wildlife),Vereinigte Staaten von Amerika
10009292,Sardis City (Bama Bucks Exotic Animal Park),Vereinigte Staaten von Amerika
10009293,Seaford (Tackapausha Museum & Preserve),Vereinigte Staaten von Amerika
10009294,Shipshewana (Dutch Creek Farm Animal Park),Vereinigte Staaten von Amerika
10009295,Short Hills (Cora Hartshorn Arboretum & Bird Sanctuary),Vereinigte Staaten von Amerika
10009296,Shreveport (Walter B. Jacobs Memorial Nature Park),Vereinigte Staaten von Amerika
10009297,Smyrna (Wolf Mountain Nature Center),Vereinigte Staaten von Amerika
10009298,Solomons (Calvert Marine Museum),Vereinigte Staaten von Amerika
10009299,Spanaway (Old McDebbie´s Farm & Jim´s U-Fish),Vereinigte Staaten von Amerika
10009300,Spokane (Blue Zoo),Vereinigte Staaten von Amerika
10009301,Stanton (Anderson & Girls Orchards),Vereinigte Staaten von Amerika
10009302,Statesboro (Center for Wildlife Education),Vereinigte Staaten von Amerika
10009303,Sterling (Davis Farmland Discovery Farm),Vereinigte Staaten von Amerika
10009304,Summerdale (Alligator Alley),Vereinigte Staaten von Amerika
10009305,Syracuse (Little Ray´s Nature Centre),Vereinigte Staaten von Amerika
10009306,Tacoma (Debbie Dolittle´s Animal Experience),Vereinigte Staaten von Amerika
10009307,Tampa (HorsePower for Kids & Animal Sanctuary),Vereinigte Staaten von Amerika
10009308,Troy (Brukner Nature Center),Vereinigte Staaten von Amerika
10009309,Troy (Idle-Hour Ranch),Vereinigte Staaten von Amerika
10009310,Valley View (Oak Meadow Ranch),Vereinigte Staaten von Amerika
10009311,Van Buren (Missouri Down Under Adventure Zoo),Vereinigte Staaten von Amerika
10009312,Vass (Exotic Animal Sanctuary),Vereinigte Staaten von Amerika
10009313,Walters (Hawk Hill Farms),Vereinigte Staaten von Amerika
10009314,Waterloo (Sunrise Children´s Zoo),Vereinigte Staaten von Amerika
10009315,Waycross (Okefenokee Swamp Park),Vereinigte Staaten von Amerika
10009316,Wellsburg (Barn Stahl Petting Zoo),Vereinigte Staaten von Amerika
10009317,West Marlboro (Southern Vermont Natural History Museum),Vereinigte Staaten von Amerika
10009318,West Palm Beach (Cox Science Center and Aquarium),Vereinigte Staaten von Amerika
10009319,West Union (Family Traditions Animal Adventure),Vereinigte Staaten von Amerika
10009320,Westport (Earthplace),Vereinigte Staaten von Amerika
10009321,Winston-Salem (Kaleideum),Vereinigte Staaten von Amerika
10009322,Woodbury (Highwire Deer & Animal Farm),Vereinigte Staaten von Amerika
10009323,Wyckoff (James A. McFaul Environmental Center),Vereinigte Staaten von Amerika
10009324,Yellow Springs (Glen Helen Raptor Center),Vereinigte Staaten von Amerika
10009326,Montreal (Biodome),Kanada
10009327,Saint-Calixte (Familizoo),Kanada
10009328,Hastings (Funky Farm),Australien
10009329,Moorooduc (The Big Goose),Australien
10009331,Bayles (Fauna Reserve),Australien
10009332,Doveton (Myuna Farm),Australien
10009333,Kasane (CARACAL),Botsuana
10009334,Victoria Falls (Snake Park - geschlossen 2019),Simbabwe
10009335,Kota Tangerang Selatan (Aviary Park),Indonesien
10009336,Milaiha (Al Bustan Zoological Centre),Vereinigte Arabische Emirate
10009337,Tha Mai Ruak (Wildlife Friends Foundation Thailand),Thailand
10009338,Kham Yai (Ubon Ratchathani Zoo),Thailand
10009339,West Bay (Cayman Turtle Center),Vereinigtes Königreich/Cayman Island
10009340,Otjiwarongo (Cheetah Conservation Fund),Namibia
10009341,Telêmaco Borba (Parque Ecológico Klabin),Brasilien
10009342,St. Maarten (Dolphin Discovery Anguilla - geschlossen 2018),Vereinigtes Königreich/Anguilla
10009343,West Bay (Dolphin Discovery Cove Cayman),Vereinigtes Königreich/Cayman Island
10009344,West Bay (Dolphin Discovery Grand Cayman),Vereinigtes Königreich/Cayman Island
10009345,George Town (Cardinal D´s Park),Vereinigtes Königreich/Cayman Island
10009346,George Town (Aquarium of Aquaworld Duty Free Mall),Vereinigtes Königreich/Cayman Island
10009347,George Town (Dart Family Park),Vereinigtes Königreich/Cayman Island
10009348,"Bodden Town (Pirates Cave, Family Fun Cave & Mini Zoo - geschlossen 2024)",Vereinigtes Königreich/Cayman Island
10009349,North Side (Queen Elizabeth II Botanic Park - Blue Iguana Conservation Centre),Vereinigtes Königreich/Cayman Island
10009350,Road Town (J.R. O´Neal Botanical Garden),Vereinigtes Königreich/Britische Jungferninseln
10009351,Road Town (Dolphin Discovery Tortola - geschlossen 2025),Vereinigtes Königreich/Britische Jungferninseln
10009352,Las Vegas (Golden Nugget),Vereinigte Staaten von Amerika
10009353,Chan Chemuyil (Xel-Há Park),Mexiko
10009354,Paddy River (Tidbinbilla Nature Reserve Sanctuary),Australien
10009355,Ban Keun (Lao Conservation Trust for Wildlife),Laos
10009356,Sunriver (Nature Center & Observatory),Vereinigte Staaten von Amerika
10009357,Tupper Lake (The Wild Center - ehemals: Natural History Museum of Adirondacks),Vereinigte Staaten von Amerika
10009358,Addis Abeba (Unity Park),Äthiopien
10009359,Addis Abeba (Addis Zoo Peacock Park),Äthiopien
10009360,Holeta (Ensessa Kotteh Wildlife Rescue),Äthiopien
10009361,Boise (Idaho Reptile Zoo),Vereinigte Staaten von Amerika
10009362,Göteborg (Trädgårdsföreningen),Schweden
10009363,Trelleborg (Stadsparken i Trelleborg),Schweden
10009364,Ängelholm (Hembygdspark),Schweden
10009365,Amal (Djurpark),Schweden
10009366,Lidköping (Stadsnära Lantgård),Schweden
10009367,Traryd (Djurparken Traryds Skans),Schweden
10009368,Steninge (Djurpark - geschlossen 1970),Schweden
10009369,Igeltjärna (Brovallens Djurpark - geschlossen 1966),Schweden
10009370,Eriksmyst (Hällingsjö Djurpark - geschlossen 1962),Schweden
10009371,Skateberg (Läckö Zoo - geschlossen 1964),Schweden
10009372,Bay Lake (Discovery Island - geschlossen 1999),Vereinigte Staaten von Amerika
10009373,Mangaratiba (Portobello Safari Resort),Brasilien
10009374,Westerstede (Landerlebnis Janßen),Deutschland
10009375,Englewood (Flat Rock Brook Nature Center),Vereinigte Staaten von Amerika
10009376,Rockville (Croydon Creek Nature Center),Vereinigte Staaten von Amerika
10009377,Middle River (Marshy Point Nature Center),Vereinigte Staaten von Amerika
10009378,Spanish Fort (Five Rivers Delta Center),Vereinigte Staaten von Amerika
10009379,Durham (Piedmont Wildlife Center),Vereinigte Staaten von Amerika
10009380,Charlotte (Discovery Place Nature),Vereinigte Staaten von Amerika
10009381,Darien (Nature Center),Vereinigte Staaten von Amerika
10009382,New Canaan (Nature Center),Vereinigte Staaten von Amerika
10009383,Clearwater (Moccasin Lake Nature Park),Vereinigte Staaten von Amerika
10009384,Boynton Beach (Green Cay Nature Center),Vereinigte Staaten von Amerika
10009385,Gainesville (Elachee Nature Science Center),Vereinigte Staaten von Amerika
10009386,Columbus (Oxbow Meadows Environmental Learning Center),Vereinigte Staaten von Amerika
10009387,Jekyll Island (Tidelands Nature Center),Vereinigte Staaten von Amerika
10009389,Horta (Aquário do Porto Pim - geschlossen 2019),Portugal/Azoren
10009390,Scottsdale (Phoenix Herpetological Sanctuary),Vereinigte Staaten von Amerika
10009391,Wichita (Great Plains Nature Center),Vereinigte Staaten von Amerika
10009392,Wichita (The Reptarium - Wichita Reptile Zoo - geschlossen),Vereinigte Staaten von Amerika
10009393,Los Angeles (Griffth Park Zoo geschlossen - 1966),Vereinigte Staaten von Amerika
10009394,Edmonton (Al Oeming´s Alberta Game Farm geschlossen - 1988),Kanada
10009395,Kaleden (Okanagan Game Farm geschlossen - 1999),Kanada
10009396,Catskill (Game Farm - geschlossen - 2006),Vereinigte Staaten von Amerika
10009397,Miami (Crandon Park Zoo - geschlossen 1980),Vereinigte Staaten von Amerika
10009398,Gozaisho (Japan Serow Center - geschlossen 2006),Japan
10009399,Indianapolis (Washington Park Zoo - geschlossen 1987),Vereinigte Staaten von Amerika
10009400,Milwaukee (Washington Park Zoo - geschlossen 1963),Vereinigte Staaten von Amerika
10009401,San Francisco (Randall Museum),Vereinigte Staaten von Amerika
10009402,Grand Prairie (Lion Country Safari - geschlossen 1992),Vereinigte Staaten von Amerika
10009403,Stockbridge (Lion Country Safari - geschlossen 1984),Vereinigte Staaten von Amerika
10009404,Irvine (Lion Country Safari - geschlossen 1984),Vereinigte Staaten von Amerika
10009405,Vancouver (Stanley Park Zoo - geschlossen 1996),Kanada
10009406,Kropp (Wisentpark),Deutschland
10009407,Vilcabamba (Centro Recreacional Yamburara),Ecuador
10009408,Shortland (Hunter Wetlands Centre Australia),Australien
10009409,Shizuoka (Yogyo Aquarium),Japan
10009410,Loja (Zoo),Ecuador
10009411,Davie (HAPPI Farm),Vereinigte Staaten von Amerika
10009414,Ha Noi (Botanical Garden - Vuon Bach Thao),Vietnam
10009415,Linz (Schlossmuseum),Österreich
10009416,Engelhartszell (Wassererlebnis Mini-Donau),Österreich
10009417,Seebarn am Wagram (Respektturtle),Österreich
10009418,Svendborg (Naturama),Dänemark
10009419,Santo Domingo (Parque Tricao),Chile
10009420,Chiemsee (Wildgehege Herreninsel),Deutschland
10009421,Anger (Wildgehege Steinhögl),Deutschland
10009422,Mismaloya (Zoológico de Vallarta),Mexiko
10009423,Davao City (Philippine Eagle Foundation),Philippinen
10009424,Baños de Agua Santa (Eco zoologico San Martin),Ecuador
10009425,Salammbo (Musee Oceanographique de Salammbo - Dar el Hout -),Tunesien
10009426,Radès (Parc zoologique de Montazah Farhat-Hached - geschlossen 2020),Tunesien
10009427,New York City (Brooklyn Children´s Museum),Vereinigte Staaten von Amerika
10009428,Dania Beach (Secret Woods Nature Center),Vereinigte Staaten von Amerika
10009429,Atlanta (Fernbank Science Center),Vereinigte Staaten von Amerika
10009430,Port El Kantaoui (Oasis Zoo and Botanical Park),Tunesien
10009431,Monastir (Mini Zoo de lHotel Iberostar Sahara beach - geschlossen 2010),Tunesien
10009432,Gafsa (Zoo de Orbata),Tunesien
10009433,Douz (Zoo Bordj Sahara - geschlossen 2016),Tunesien
10009434,Baoding (Zoo),China
10009435,Speyer (Pfälzisches Aquarium - geschlossen),Deutschland
10009436,Okeechobee (Arnold´s Wildlife Rehabilitation Center - geschlossen 2022),Vereinigte Staaten von Amerika
10009437,New York City (Alley Pond Environmental Center),Vereinigte Staaten von Amerika
10009438,Hornsea (Bugtopia Hornsea Zoo),Vereinigtes Königreich
10009439,Icod de los Vinos (Mariposario del Drago Butterfly Park),Spanien
10009440,Castillo Caleta de Fuste (Sea Lions),Spanien
10009441,Bintaro Jaya (BXSea),Indonesien
10009442,Trento (MUSE - Museo delle Scienze),Italien
10009443,Auchterarder (Gleneagle Falconry),Vereinigtes Königreich
10009444,Turá (Panthera Park),Slowakei
10009445,Oshino-mura (Fuji Yusui no Sato Aquarium),Japan
10009446,Sao José do Rio Preto (Zoológico Municipal),Brasilien
10009447,Foz do Iguacu (Foz Eco Park Zoo),Brasilien
10009448,Cascavel (Zoológico Municipal),Brasilien
10009449,Ribeirao Preto (Bosque Zoo Fábio Barreto),Brasilien
10009450,Sapucai-Mirim (NR ZOO - geschlossen),Brasilien
10009451,Dois Vizinhos (Zoológico Unisep - geschlossen),Brasilien
10009452,Ananindeua (Centro Nacional de Primatas),Brasilien
10009453,Bonduel (Docs Harley-Davidson Zoo),Vereinigte Staaten von Amerika
10009454,Webster (Chase Sanctuary and Wildlife Conservancy),Vereinigte Staaten von Amerika
10009455,Beijing (Natural History Museum),China
10009456,Matsushima (Marinepia Matsushima Aquarium - geschlossen 2015),Japan
10009457,Trebichovice (Oburka Podhaj),Tschechien
10009458,Stare Mesto (Terarium v KOVOZOO),Tschechien
10009459,Praha (Divoka zahrada Hostivar),Tschechien
10009460,Guiyang (Qianlingshan Park Zoo),China
10009461,Xi´an (Qinling Wildlife Park),China
10009462,Zhengzhou (Zoo),China
10009463,Monrovia (Zoo - geschlossen),Liberia
10009464,Hongcheon-gun (Alpaca World),Südkorea
10009465,Port Moresby (Nature Park),Papua-Neuguinea
10009467,Panjin (Liaohe Wetland Zoo),China
10009468,Lhasa (Norbulingka Zoo),China
10009469,Lhasa (Jingtu Animal Protection Zoo),China
10009470,Qiqihar (Longsha Zoological and Botanical Gardens),China
10009471,Jixi (Zoo),China
10009472,Hailin (Siberia Tiger Park),China
10009473,Mudanjiang (Crater Wild Animal Park),China
10009474,Yanbian (Peoples Park Rare Zoo),China
10009475,Jilin (City Zoo),China
10009476,Harbin (Polarland),China
10009477,Daqing (Childrens Park),China
10009478,Changchun (Zhongtai Ocean World),China
10009479,Changchun (Future Zoo Animal City),China
10009480,Fushun (Royal Ocean Park),China
10009481,Fushun (Zoo),China
10009482,Benxi (Zoo),China
10009483,Anshan (Zoo),China
10009484,Anshan (Xiliu Laoshuan Zoo),China
10009485,Yingkou (Xiongyue Botanical Garden),China
10009486,Dalian (Discovery Kingdom),China
10009487,Dalian (Hutan Amusement Park),China
10009488,Dalian (Shenya Ocean World),China
10009489,Qinhuangdao (Shanhaiguan Lertao Ocean Park),China
10009490,Tangshan (Zoo),China
10009491,Tianjin (Guanghe Valley Zoo),China
10009492,Xinzhou (Wangshi Aquarium),China
10009493,Xinzhou (Tiansen Polar Region Aquarium),China
10009494,Cangzhou (Zoo),China
10009495,Dezhou (Underwater World),China
10009496,Dezhou (Animal and Botanical Garden),China
10009497,Chlum u Trebone (Zamecky Farmapark - geschlossen 2024),Tschechien
10009498,Dobrany (Farmapark),Tschechien
10009499,Plant City (Zooville USA),Vereinigte Staaten von Amerika
10009500,Litvínov (Selský dvorek Muzeum Veteráni),Tschechien
10009501,Dubec (Želví zahrada),Tschechien
10009502,Bohatice (ZOO park),Tschechien
10009503,Jaroměř (Ornipark - geschlossen 2024),Tschechien
10009504,Králíky (Království sov),Tschechien
10009505,Žlutava (Minizoo),Tschechien
10009506,Tiszaderzs (Kenguru Park),Ungarn
10009507,Vranov nad Dyjí (Akvárium),Tschechien
10009508,Hatě (Merlinova farma),Tschechien
10009509,Žďár nad Sázavou (Zookoutek),Tschechien
10009510,Weil im Schönbuch (Garuda Falknerei),Deutschland
10009511,Iquitos (Rainforest Awareness Rescue Centre),Peru
10009512,Lezaun (Granja escuela Basabere),Spanien
10009513,Peshawar (Zoo),Pakistan
10009514,Midland (Zoo - geschlossen 1977),Vereinigte Staaten von Amerika
10009515,Houston (Busch Gardens - geschlossen 1973),Vereinigte Staaten von Amerika
10009516,Warangal (Kakatiya Zoological Park),Indien
10009517,Aizawal (Zoological Park),Indien
10009518,Gangtok (Sikkim Himalayan Zoological Park),Indien
10009519,Ahmedabad (Kamla Nehru Zoo),Indien
10009520,Tirupati (Sri Venkateshwara Zoological Park),Indien
10009521,Saltillo (Museo del Desierto),Mexiko
10009522,Hongkong (Kadoorie Farm & Botanic Garden),China/Hongkong
10009523,Oshkosh (Jack R. Facente Serpentarium - geschlossen 2023),Vereinigte Staaten von Amerika
10009524,Musquodoboit Harbour (Hope For Wildlife),Kanada
10009525,Lunz am See (Haus der Wildnis),Österreich
10009526,Cibinong (Animalium Brin),Indonesien
10009527,Scarsdale (Greenburgh Nature Center),Vereinigte Staaten von Amerika
10009528,Petersburg (Petersburg (Shavers Creek Environmental Center)),Vereinigte Staaten von Amerika
10009529,Macon (Museum of Arts and Sciences),Vereinigte Staaten von Amerika
10009530,Wien (Arbeitsgemeinschaft Papageienschutz - geschlossen 2025),Österreich
10009531,Feyregg (Falkenhof),Österreich
10009532,Iquitos (La isla de los monos),Peru
10009533,Aurora (SeaWorld Ohio - geschlossen 2016),Vereinigte Staaten von Amerika
10009534,Cleveland (Botanical Garden),Vereinigte Staaten von Amerika
10009535,West Des Moines (Blue Zoo Aquarium Des Moines),Vereinigte Staaten von Amerika
10009536,Corvallis (Chintimini Wildlife Center),Vereinigte Staaten von Amerika
10009537,Sapporo (AOAO SAPPORO),Japan
10009539,New Orleans (Audubon Species Survival Center),Vereinigte Staaten von Amerika
10009540,Hongkong (Kowloon Park),China/Hongkong
10009541,Greenville (Special Memories Zoo - geschlossen 2020),Vereinigte Staaten von Amerika
10009542,Maldon (Promenade Zoo),Vereinigtes Königreich
10009543,Phoenix (Tropic Gardens Zoo - geschlossen 1980),Vereinigte Staaten von Amerika
10009544,Istanbul (Aslan Park),Türkei
10009545,Istanbul (ViaSea Aquarium),Türkei
10009546,Istanbul (Polonezkoy Zoo - Natural Life Park),Türkei
10009547,Istanbul (Kus Cenneti / Bird Paradise),Türkei
10009548,Konya (Belediyesi Hayvanat Bahcesi),Türkei
10009549,Adelaide (South Australian Museum),Australien
10009552,Mayaguez (Dr Juan A Rivero Zoo of Puerto Rico - Mayaguez Zoo - geschlossen 2017),Vereinigte Staaten von Amerika/Puerto Rico
10009553,London (Reptilia Zoo London),Kanada
10009554,Puerto Moreles (Toolok Kaa'n Reptile Rescue - Santuario de vida Silvestre),Mexiko
10009555,Paris (Serre des forets tropicales humides/Jardin des Plantes),Frankreich
10009556,Halifax (Nova Scotia Museum of Natural History),Kanada
10009558,Las Vegas (Southern Nevada Zoological-Botanical Park – geschlossen 2013),Vereinigte Staaten von Amerika
10009559,Québec (Jardin zoologique - geschlossen 2006),Kanada
10009560,Davenport (Fejervary Park Zoo - geschlossen 2008),Vereinigte Staaten von Amerika
10009561,Maplewood (Snake Discovery: A Reptile Experience),Vereinigte Staaten von Amerika
10009562,Perth (WA Museum Boola Bardip),Australien
10009563,Svarín (Ranč Kráľova Lehota),Slowakei
10009564,Košice (ZOO DOM),Slowakei
10009565,Neu Darchau (Michaelshof Sammatz),Deutschland
10009567,Hermosillo (Centro Ecologico de Sonora),Mexiko
10009568,Clarington (Bowmanville Zoo - geschlossen 2016),Kanada
10009569,Moose Jaw (Wild Animal Park - vormals Moose Jaw Zoo and Recreation Park - geschlossen 1995),Kanada
10009570,Saint John (Cherry Brook Zoo - geschlossen 2020),Kanada
10009571,Bloomington (Gene Holter Movieland Animal Park - geschlossen 1983),Vereinigte Staaten von Amerika
10009572,Brandon (Willies Wildlife Zoo - geschlossen 2005),Vereinigte Staaten von Amerika
10009573,Chatham (Grindstone Valley Zoo - geschlossen 2007),Vereinigte Staaten von Amerika
10009574,Fairlee (Rare Bird and Animal Farm - geschlossen 1968),Vereinigte Staaten von Amerika
10009575,Gallitzin (Forest Zoo and Fantasy Forest - geschlossen 1995),Vereinigte Staaten von Amerika
10009576,Gentry (Wild Wilderness Drive-Through Safari - geschlossen 2022),Vereinigte Staaten von Amerika
10009577,Grand Island (Grand Island Heritage Zoo - geschlossen 2001),Vereinigte Staaten von Amerika
10009578,Hudson (Bensons Wild Animal Farm - geschlossen 1987),Vereinigte Staaten von Amerika
10009579,Maggie Valley (Soco Gardens Zoo - geschlossen 2005),Vereinigte Staaten von Amerika
10009580,Pine Crest (Miami Rare Bird Farm - geschlossen 1961),Vereinigte Staaten von Amerika
10009581,Scotch Plains (Terry Lou Zoo - geschlossen 1995),Vereinigte Staaten von Amerika
10009582,Winchester (Little Ponderosa Animal Farm and Zoo - geschlossen 2004),Vereinigte Staaten von Amerika
10009583,Port Blair (Deer Park),Indien
10009584,Port Blair (Fisheries Musueum & Aquarium),Indien
10009585,Port Blair (Mini Zoo Haddo),Indien
10009586,Port Blair (Biological Park Chidiyatapu),Indien
10009587,Hpa Yar Gyi (Wingabaw Elephant Camp),Myanmar
10009588,Bago (Snake pagoda Pegu),Myanmar
10009589,Yangon (Tharkayta Crocodile Farm),Myanmar
10009590,Yangon (Rangoon public park zoo),Myanmar
10009591,Jayapura City (Penangkaran Buaya Crocodile Farm),Indonesien
10009592,Merauke (Yamai Ato Animal Park),Indonesien
10009593,Pringgarata (Lombok Golden Macaw Bird Park),Indonesien
10009594,Sigar Penjalin (Lombok Wildlife Park),Indonesien
10009595,Jember (Mini Zoo),Indonesien
10009596,Gunung Tunak (Deer Sanctuary),Indonesien
10009597,Makassar (Susad Zoo),Indonesien
10009598,Palangka Raya (Wisata Nyawang Kewan Rafisha),Indonesien
10009599,Palangka Raya City (Zoo Palangkaraya),Indonesien
10009600,Banjarmasin City (Jahri Saleh Zoo),Indonesien
10009601,Balikpapan (Sun Bear Environmental Park),Indonesien
10009602,Balikpapan City (Telkom Deer Park),Indonesien
10009603,Balikpapan (Mini Zoo Corner),Indonesien
10009604,Enrekang (Maiwa Breeding Center),Indonesien
10009605,Makassar (Kandang Penangkaran Rusa),Indonesien
10009606,Langsa City (Kebun Binatang Mini Zoo),Indonesien
10009607,Medan (Crocodile Farm Taman Buaya),Indonesien
10009608,Deli Serdang (Central Park Zoo & Resort),Indonesien
10009609,Pegajahan (Rahmat Zoo & Park),Indonesien
10009610,Pematang Siantar (Siantar Zoo),Indonesien
10009611,Kampar (Kasang Kulim Zoo),Indonesien
10009612,Bukittinggi (Kinantan Zoo),Indonesien
10009613,Sawahlunto (Taman Satwa Kandi),Indonesien
10009614,Muara Padang (Padang Sugihan Wildlife Reserve),Indonesien
10009615,Palembang (Mini Zoo Kenten),Indonesien
10009616,Palembang City (Pusri Deer Park),Indonesien
10009617,Palembang (Bird Park),Indonesien
10009618,Muara Enim (Tanjung Enim Zoo),Indonesien
10009619,Norden (Seehundstation Norddeich),Deutschland
10009620,Kayseri (Zoo),Türkei
10009621,Yalova (Safran Animal Park & Garden),Türkei
10009622,Usak (Zoo),Türkei
10009623,Izmir (BEF Wildpark),Türkei
10009624,Marmaris (Dolphin Therapy and Fun Center - geschlossen 2023),Türkei
10009625,Cubuk (Horsefarm Zoo),Türkei
10009626,Ankara (Aqua Vega Aquarium),Türkei
10009627,Tarsus (Tarsus Hayvan Park),Türkei
10009628,Suluova (Yedikir Mini Hayvanat Bahcesi),Türkei
10009629,Samsun (Zoo - geschlossen 2023),Türkei
10009630,Malatya (Malatya Hayvanat Bahcesi),Türkei
10009631,Trabzon (Aquarium),Türkei
10009632,Trabzon (Beshirli Eco Park),Türkei
10009633,Subic (Zoobic Safari),Philippinen
10009634,Pulilan (Butterfly Haven),Philippinen
10009635,Cavite (Tagaytay Highlands Animal Farm),Philippinen
10009636,Alfonso (Reptiland Adventure),Philippinen
10009637,Tagaytay (Residence Inn Mini Zoo),Philippinen
10009638,Majayjay (APA Farms Mini Zoo),Philippinen
10009639,Sankt Florian (Sumerauerhof),Österreich
10009640,St. Aegidi (Forellenzirkus),Österreich
10009641,Wakiso (Kavumba Recreation Center Kids Park & Zoo),Uganda
10009642,Busuanga (Calauit Safari Park),Philippinen
10009643,Amlan (DreAMLANd Nature and Adventure Park),Philippinen
10009644,Pasig (Ark Avilon Zoo - geschlossen 2019),Philippinen
10009645,Tarpon Springs (Tarpon Zoo - geschlossen 1975),Vereinigte Staaten von Amerika
10009646,Merida (Jardin Acuario de Merida),Venezuela
10009647,Zabrze (Animal world),Polen
10009648,Ostrava (Papilonia Ostrava),Tschechien
10009649,Jaipur (Zoo),Indien
10009650,Katowice (Zoo Prywatne - Ostoja zwierzyny),Polen
10009652,Milevsko (Teraristika),Tschechien
10009653,Kraaifontein (Tygerberg Zoo - geschlossen 2012),Südafrika
10009654,Surrey (Zoo - geschlossen 1977),Kanada
10009655,West Milford (Warner Bros. Jungle Habitat - geschlossen 1976),Vereinigte Staaten von Amerika
10009656,Myrtle Beach (Waccatee Zoological Farm - geschlossen 2022),Vereinigte Staaten von Amerika
10009657,Cebu City (Ocean Park),Philippinen
10009658,Penal (Samsara Nature Park),Trinidad und Tobago
10009659,Brewster (Green Chimneys Farm and Wildlife Center),Vereinigte Staaten von Amerika
10009660,Mason (Kings Island Wild Animal Habitat formerly Lion Country Safari - geschlossen 1993),Vereinigte Staaten von Amerika
10009661,Doswell (Paramounts King Dominion Lion Country Safari - geschlossen 1993),Vereinigte Staaten von Amerika
10009662,Mölle (Naturum Kullaberg),Schweden
10009663,Moulton (Animal House Zoological Society - geschlossen 2006),Vereinigte Staaten von Amerika
10009664,Karlstad (Djurparken Lillskogen),Schweden
10009665,Richmond (Glen Miller Park Zoo - geschlossen 1986),Vereinigte Staaten von Amerika
10009666,Ontario (American Wilderness Experience - geschlossen 2000),Vereinigte Staaten von Amerika
10009667,Schlangenbad (Taunus Wunderland),Deutschland
10009668,Norman (Little River Zoo – geschlossen 2010),Vereinigte Staaten von Amerika
10009669,Kissimmee (Jungleland Zoo – geschlossen 2002),Vereinigte Staaten von Amerika
10009670,Galveston (Sea-Arama Marineworld – geschlossen 1990),Vereinigte Staaten von Amerika
10009671,Kohima (Mini Zoo),Indien
10009672,Kohima (Blythe Tragopan Conservation and Breeding Centre - vormals Kohima Zoo),Indien
10009673,Münster (Mühlenhof-Freilichtmuseum),Deutschland
10009674,Haikou (Hainan Tropical Garden of Wild Fauna and Flora),China
10009675,Dingan (Hainan Tropical Birds World),China
10009676,Lingshui Li (Hyatt Regency Hainan Ocean Paradise Resort),China
10009677,Sanya (Atlantis Sanya),China
10009678,Sanya (Haichang Dreamlike Ocean),China
10009679,Sanya (Baodao Spiral Shell Aquarium),China
10009680,Sanya (Tianya Tropical Ocean Zoo),China
10009681,Zhanjiang (Spotted Deer Ornamental Garden),China
10009682,Zhanjiang (Forest Park Zoo),China
10009683,Zhanjiang (Cunjin Zoo),China
10009684,Lake City (Suwannee Valley Zoo - geschlossen 2002),Vereinigte Staaten von Amerika
10009685,Arcadia (Peace River Center - geschlossen 2007),Vereinigte Staaten von Amerika
10009686,New Haven (Yale Peabody Museum of Natural History),Vereinigte Staaten von Amerika
10009687,Pereira (Matecaña City Zoo - Zoológico Matecaña - geschlossen 2015),Kolumbien
10009688,Bordentown (Animal Kingdom - geschlossen 2014,Vereinigte Staaten von Amerika
10009689,Mooney (Coffs Harbour Zoo - Formerly Kumbaingeri Zoo - geschlossen 2007),Australien
10009690,Dakabin (Alma Park Zoo - geschlossen 2014),Australien
10009691,Clifton Beach (Cairns Tropical Zoo - geschlossen 2016),Australien
10009692,Mathis (Waynes World Safari - geschlossen 2005),Vereinigte Staaten von Amerika
10009693,Winter Haven (Florida Cypress Gardens - Tierhaltung 2008 beendet),Vereinigte Staaten von Amerika
10009694,New Smyrna (Ashby Acres Wildlife Park - geschlossen 1998),Vereinigte Staaten von Amerika
10009695,Winchester (Wilsons Wild Animal Park - geschlossen 2019),Vereinigte Staaten von Amerika
10009696,Limeira (Zoológico Municipal),Brasilien
10009697,Victoria (Crystal Garden Conservation Center - geschlossen 2004),Kanada
10009698,Kangar (Perlis Snake Park),Malaysia
10009699,Philipsburg (St. Maarten Zoo - geschlossen 2017),Niederlande/Sint Maarten
10009700,Chiang Mai (Lanna​ Mini​ Zoo),Thailand
10009701,Rimini (Italia in Miniatura),Italien
10009702,Al Khor (Family Park and Zoo),Katar
10009703,Oak Bay (Sealand of the Pacific - geschlossen 1992),Kanada
10009704,Hartbeespoort (Vulpro),Südafrika
10009705,Praha (Rezervace Dívčí Hrady),Tschechien
10009706,Praha (Botanická zahrada Praha),Tschechien
10009707,Orth an der Donau (schlossORTH Nationalpark Zentrum),Österreich
10009708,Penglai (Ocean Aquarium),China
10009709,Weihai (Wonderful Sea World),China
10009710,Kaifeng (Tokyo Polar Region Aquarium),China
10009711,Zhengzhou (Haichang Ocean Park),China
10009712,Zhengzhou (Aquarium),China
10009713,Huaian (Dragon Palace White Whale Joy World),China
10009714,Jingzhou (Xiaomeisha Aquarium),China
10009715,Wuyishan (Polar Region Ocean Park),China
10009716,Shelby (Circle M Livestock Safari Park),Vereinigte Staaten von Amerika
10009717,Žermanice (MiniZOO Blondies),Tschechien
10009718,Bern (Naturhistorisches Museum),Schweiz
10009719,Heraklion (Natural History Museum of Crete),Griechenland
10009720,Marozevo (Réserve Peyrieras Madagascar Exotic),Madagaskar
10009721,Avalon (Catalina Bird Park - geschlossen 1966),Vereinigte Staaten von Amerika
10009722,Rosamond (Exotic Feline Breeding Compound - geschlossen 2023),Vereinigte Staaten von Amerika
10009723,Bad Vöslau (Schutzhaus & Kängurufarm Harzberg - geschlossen 2023),Österreich
10009724,Pardubice (Pohádková zahrada),Tschechien
10009725,Sielnica (Tropical World),Slowakei
10009726,Gombe (Gombe State University Zoological Park),Nigeria
10009727,La Tour-Blanche (Le Parc Sauvage),Frankreich
10009728,Sepahijala (Zoological Park),Indien
10009729,Kuala Lumpur (KL Tower Mini Zoo – geschlossen 2023),Malaysia
10009730,Seri Kembangan (Farm in the City),Malaysia
10009731,Opava (Minizoo SVČ Opava),Tschechien
10009732,Marcilly-le-Châtel (Volerie du Forez),Frankreich
10009733,Recife (Parque Estadual de Dois Irmãos),Brasilien
10009734,Hlučín (Dětský ranč),Tschechien
10009735,Kružberk (Minizoo),Tschechien
10009736,Rumia (Lemur Park),Polen
10009737,Serdang (G2G Animal Garden),Malaysia
10009738,Kuah (Machinchang Petland Langkawi),Malaysia
10009739,Destrnik (Park prostoživečih živali),Slowenien
10009740,Rožnov pod Radhoštěm (Horečky ranč),Tschechien
10009741,Chomutov (REPTILclub),Tschechien
10009742,Skřipov (Minizoopark Toduš),Tschechien
10009743,Klodzko (Minieuroland),Polen
10009744,Sosnówka (ZOObaczysko),Polen
10009745,Karpacz (Papugarnia),Polen
10009746,Keelung (i OCEAN),Taiwan
10009747,Taoyuan (X Park),Taiwan
10009748,Taoyuan (Pushin Ranch),Taiwan
10009749,Kaohsiung (Cheng Ching Lake Marine Aquarium),Taiwan
10009750,Kaohsiung (Jingyuan Farm),Taiwan
10009751,Pintung (Xiaoliuqiu Marine Aquarium),Taiwan
10009752,Kedah (Langkawi Wildlife Park),Malaysia
10009754,Kedah (Crocodile Adventureland Langkawi),Malaysia
10009755,Kedah (Kulim Bird Park),Malaysia
10009756,Selangor (Zoo In Mall - geschlossen 2026),Malaysia
10009759,Selangor (Sunway Lagoon Wildlife Park),Malaysia
10009760,Kuala Lumpur (Blue Coral Aquarium KL Tower - geschlossen 12/2023),Malaysia
10009761,Kuala Lumpur (KL Butterfly Park),Malaysia
10009762,Kuala Lumpur (KL Deer Park),Malaysia
10009763,Kuala Lumpur (99 Wonderland Park),Malaysia
10009764,Penang (Akuarium Tunku Abdul Rahman),Malaysia
10009765,Penang (The TOP Boutique Aquarium),Malaysia
10009766,Penang (Entopia by Penang Butterfly Farm),Malaysia
10009767,Melaka (AFamosa Resort Safari Wonderland),Malaysia
10009768,Negeri Sembilan (Port Dickson Ornamental Fish Center),Malaysia
10009769,Johor (Desaru Mini Zoo),Malaysia
10009770,Johor (SEA LIFE Malaysia),Malaysia
10009771,Kelantan (Mini Zoo Kuala Krai),Malaysia
10009772,Perak (Bukit Merah Orang Utan Island Foundation),Malaysia
10009773,Perak (Bukit Merah Animal Paradise - vormals Pavilion Petting Zoo Bukit Merah Laketown Resort),Malaysia
10009774,Perak (Lost World of Tambun),Malaysia
10009775,Perak (Sungai Burung Aquarium),Malaysia
10009776,Putrajaya (IOI City Farm),Malaysia
10009777,Budapest (Monster Fish Zoo Akvárium Terrárium - geschlossen 2024),Ungarn
10009779,Hatvan (Vadaspark),Ungarn
10009780,Kost (RoBirtok Élményközpont),Ungarn
10009781,Lábod (Petesmalmi Vidrapark),Ungarn
10009782,Sarud (Apraja Farmja Parasztudvar a Tisza-tavi MiniZOO),Ungarn
10009783,Sopron (Erdő Háza Ökoturisztikai Látogatóközpont és Vadaspark),Ungarn
10009784,Vácduka (Vadaspark),Ungarn
10009786,Tihany (Garda Akvárium),Ungarn
10009787,Baiyer River (Baiyer Zoo Wildlife Sanctuary - geschlossen 2020),Papua-Neuguinea
10009788,Kaliurang (Suraloka Interactive Zoo),Indonesien
10009789,Hamamatsu (Lake Hamana Aquarium Uotto),Japan
10009790,Beauty Point (Platypus House),Australien
10009792,Enschede (Stadsboerderij De Wesseler),Niederlande
10009793,Enschede (Stichting Kinderboerderij Enschede-Noord),Niederlande
10009794,Šahy (City park),Slowakei
10009795,Kraków (EXotarium),Polen
10009796,Baška (Penzion BAŠKA VODA CZ),Tschechien
10009797,Praha (Krtkův svět - geschlossen 2025),Tschechien
10009798,Soběslav (Daisy ranch),Tschechien
10009799,Kobylnice (Ranč U kulhavýho velblouda),Tschechien
10009800,Spojil (Farma Apolenka),Tschechien
10009801,Brno (Akvarium OC Rozkvět),Tschechien
10009802,Brno (Papilonia),Tschechien
10009803,Chabařovice (Farmička Chaba),Tschechien
10009805,Morioka (Morioka Zoological Park ZOOMO),Japan
10009806,Kobe (ATOA Aquarium),Japan
10009807,Tokyo (HANABIYORI),Japan
10009808,Tokyo (Yomiuri Land),Japan
10009809,Tateshina (Ikenohira Family Land),Japan
10009810,Hirosaki (Yayoi Ikoi No Hiroba),Japan
10009811,Ichinoseki (Iwate Safari Park),Japan
10009812,Nihonmatsu (Tohoku Safari Park),Japan
10009813,Yokosuka (Nagai Umite Park),Japan
10009814,Nagano (Joyama Zoo),Japan
10009815,Komoro (City Zoo),Japan
10009816,Taiki (Oouchiyama Zoo),Japan
10009817,Fukuchiyama (City Zoo),Japan
10009818,Higashikagawa (Shirotori Zoo),Japan
10009819,Beppu (Rakutenchi),Japan
10009820,Kushima (Shibushi Dolphin Land),Japan
10009821,Fujinomiya (Fuji Kachoen - geschlossen 2025),Japan
10009822,Kakegawa (Kakegawa Kachoen),Japan
10009823,Nikko (Monkey Land),Japan
10009824,Tokyo (Mt. Takao Monkey Park and Wild Plant Garden),Japan
10009825,Kanoya (Zoo),Japan
10009826,Ageo (Maruyama Park Zoo),Japan
10009827,Saitama (Osaki Park Zoo),Japan
10009828,Saitama (Omiya Park Zoo),Japan
10009829,Namegata (Kasumigaura Dobutsu To Minna No Ie),Japan
10009830,Kainan (Wakayama Museum of Natural History),Japan
10009831,Kanzaki (Yodel No Mori),Japan
10009832,Hachinohe (Science Museum Marient),Japan
10009833,Hiwasa (Sea Turtle Museum Caretta),Japan
10009834,Kihouchou (Sea Turtle Park),Japan
10009835,Koshigaya (Campbelltown Forest of Wild Birds),Japan
10009836,Beppu (Shiraike Jigoku),Japan
10009837,Kusatsu (Nettaien),Japan
10009839,Sagamihara (Asamizo Park Zoo),Japan
10009840,Minamiaso (Farm Land),Japan
10009841,Sagamihara (Smile Ostrich),Japan
10009842,Shimoduma (Kokaigawa Park Aquarium),Japan
10009843,Bando (Museum Park Ibaraki),Japan
10009844,Joso (Asunaro No Sato),Japan
10009845,Kawasaki(Nigaryo Seseragi Aquarium),Japan
10009846,Kawasaki (Daishi Tideflat Museum),Japan
10009847,Tokyo (Itabashi Childrens Zoo),Japan
10009848,Tokyo (Itabashi Childrens Zoo Takashimadaira),Japan
10009849,Tokyo (Itabashi Education Science Museum),Japan
10009850,Tokyo (Itabashi Ecoporisu Museum),Japan
10009851,Kawaguchi (City Science Museum),Japan
10009852,Yorii (Saitama River Museum),Japan
10009853,Yokosuka (Kannonzaki Nature Museum),Japan
10009854,Putrajaya (Wetlands Park),Malaysia
10009855,Selangor (the MINs at Kota Damansara - geschlossen 2026),Malaysia
10009856,Selangor (Just Farm Kota Damansara),Malaysia
10009857,Pahang (Cameron Highlands Butterfly Garden),Malaysia
10009858,Pahang (Cameron Highlands Butterfly Farm),Malaysia
10009859,Pahang (Animal Feeding Rainbow Garden),Malaysia
10009860,Pahang (The Sheep Sanctuary),Malaysia
10009861,Yanchep (Koala Boardwalk),Australien
10009862,Christchurch (Southern Encounter Aquarium and Kiwi House - geschlossen 2011),Neuseeland
10009863,Reutlingen (Wildgehege Markwasen),Deutschland
10009864,Bodelshausen (Streichelzoo Kastanienhof),Deutschland
10009865,Enschede (Kinderboerderij´t Wooldrik),Niederlande
10009866,Elöszállás (Zoo / Egzotikus Állatpark),Ungarn
10009867,Tokyo (Showa Park Zoo),Japan
10009868,Toda (Saiko Nature Education Center Aquarium),Japan
10009869,Urayasu (Kotsu Park Zoo),Japan
10009870,Yokohama (Kodomo No Kuni Zoo),Japan
10009871,Shizuoka (Smart Aquarium),Japan
10009872,Yaizu (Shizuoka Prefectural Research Institute of Fishery Aquarium Umishiru),Japan
10009873,Yaizu (Deep Sea Water Museum & Aquarium),Japan
10009874,Nishinomiya (Environment Education Center Aquarium),Japan
10009875,Nishinomiya (Koshienhama Beach Nature Environment Center Aquarium),Japan
10009876,Tsuchiura (Nature Center Aquarium),Japan
10009877,Nara (Ikimono Museum),Japan
10009878,Nara (Goldfish Museum),Japan
10009879,Taoyuan (Flower & Deer Secret Garden),Taiwan
10009880,Pahang (The Bentong Farm),Malaysia
10009881,Penang (Peacock Eco Park),Malaysia
10009882,Lippetal (Deichmanns Farm),Deutschland
10009883,Malibu (Malibu Wine Safaris),Vereinigte Staaten von Amerika
10009884,Duwet (Jogja Exotarium Mini Zoo),Indonesien
10009885,Wenchuan (Wolong National Nature Reserve),China
10009886,Baoxing (Baoxing County Giant Panda Cultural Publicity and Education Center),China
10009887,Vizhinjam (Sagarika Marine Research Aquarium),Indien
10009888,Durban (Seaworld - vormals Centenary Aquarium - geschlossen 2004),Südafrika
10009889,Kerdasa (Africano Tolba Zoo),Ägypten
10009890,Guangshui (Liujiaodao Crocodile Base),China
10009891,Fuzhou (Luoyuan Wanhaiyang World),China
10009892,Wenzhou (Polar Region Ocean World),China
10009893,Taizhou (Ocean World),China
10009894,Fuzhou (Panda World),China
10009895,Torgau (Minizoo Torgauer Arche),Deutschland
10009896,Namakabrud (Aqua Lion),Iran
10009897,Colombo (Fernando Mini Zoo),Sri Lanka
10009898,Colombo (Viharamahadevi Park Animal Zone),Sri Lanka
10009899,Colombo (Viharamahadevi Park Aquarium),Sri Lanka
10009900,Papetoai (Moorea Dolphin Center),Frankreich/Französisch-Polynesien
10009901,Deep River (Pandemonium Rainforest Project),Vereinigte Staaten von Amerika
10009902,Leisnig (Tiergarten Tautendorf),Deutschland
10009903,Penang (Audi Dream Farm),Malaysia
10009904,Penang (Saanen Dairy Goat Farm),Malaysia
10009905,Selangor (Hussin Fauzi Farm & Mini Zoo),Malaysia
10009906,Selangor (Niloofar Mini Zoo),Malaysia
10009907,Johor (Desaru Ostrich Farm - geschlossen 12/2024),Malaysia
10009908,Pahang (Zoo Terentum),Malaysia
10009909,Terengganu (Zoo Kemaman),Malaysia
10009910,Perlis (Taman Agrovet Perlis - vormals Perlis Ostrich Farm),Malaysia
10009911,Frankford (Coastal Wilds),Vereinigte Staaten von Amerika
10009912,Blue Diamond (Bonnie Springs Ranch Zoo - gerschlossen 2019,Vereinigte Staaten von Amerika
10009913,Tokyo (Tamarokuto Science Museum),Japan
10009914,Namekawa (Eco Museum Center),Japan
10009915,Yokohama (Tsurumi River Ryuiki Aquarium),Japan
10009916,Yokohama (Makigahara Park Children Zoo & Aquarium),Japan
10009917,Tokyo (Tamagawa Fureai Aquarium),Japan
10009918,Kisaradu (Animal Resort NOAH),Japan
10009919,Ishioka (Ostrich Kingdom),Japan
10009920,Narita (Dream Farm),Japan
10009921,Sodegaura (Fureai Dobutsu EN),Japan
10009922,Tsukuba (Higashi Tsukuba Utopia),Japan
10009923,Nanjou (Cafe Surin),Japan
10009924,Fukaya (Reptile Museum),Japan
10009925,Tokyo (Animeal Odaiba),Japan
10009926,Osaka (Animeal Shinsaibashi),Japan
10009927,Tokyo (Anitouch Tokyo Dome City),Japan
10009928,Ota (Anitouch Park Ota),Japan
10009929,Yokohama (Anitouch Minatomirai),Japan
10009930,Nagoya (Anitouch Nagoya),Japan
10009931,Tokyo (Anitouch Odaiba),Japan
10009932,Shizuoka (Anitouch Shizuoka),Japan
10009933,Tokyo (Capybara Cafe Sumida),Japan
10009934,Tokyo (Capybara Cafe Kichijoji),Japan
10009935,Yokohama (Capybara Cafe & Petting Zoo PUIPUI),Japan
10009936,Tokyo (Capy Village Yoyogi),Japan
10009937,Tokyo (Akiba Fukurou),Japan
10009938,Tokyo (Owl Cafe Mofumofu Ginza),Japan
10009939,Tokyo (Owl Cafe Rapace),Japan
10009940,Tokyo (Machida Squirrel Park),Japan
10009941,Kawagoe (Bamboo Palm),Japan
10009942,Tokyo (Arakawa Amusement Park Zoo),Japan
10009943,Johor (Designer Cats Malaysia),Malaysia
10009944,Sweetwater (Mitchells Petting Zoo and Exotics),Vereinigte Staaten von Amerika
10009945,Berne (Streichelwiese),Deutschland
10009946,Bremen (Kinder- und Jugendfarm Borgfeld),Deutschland
10009947,Bremen (Kinder- und Jugendfarm Bremen e.V.),Deutschland
10009948,Sakai (Animal Cafe Cure Owl),Japan
10009949,Nasu (Safari Park),Japan
10009950,Nasu (World Monkey Park),Japan
10009952,Naha (Penguin Dining),Japan
10009953,Inzai (Moff Animal World),Japan
10009954,Tsukuba (Mofumofu Fureai Zoo AEONMALL Tsukuba),Japan
10009955,Ebina (Moff Animal Cafe VINAWALK Ebina),Japan
10009956,Natori (Moff Animal Cafe AEONMALL Natori),Japan
10009957,Sakai (Moff Animal Cafe LALAPORT Sakai),Japan
10009958,Tokyo (Moff Animal Cafe LALAPORT Tachikawa),Japan
10009959,Fukuoka (Moff Animal Cafe LALAPORT Fukuoka),Japan
10009960,Hiroshima (Moff Animal Cafe ALPARK Hiroshima),Japan
10009961,Rifu (Moff Animal Cafe AEON MALL Shin Rifu),Japan
10009962,Togo (Moff Animal Cafe LALAPORT Aichi Togo),Japan
10009963,Odawara (Moff Animal Cafe Odawara),Japan
10009964,Fukuoka (Moff Animal Cafe MARK IS Fukuoka),Japan
10009965,Tokyo (Moff Animal Cafe IIAS Takao),Japan
10009966,Chiba (Moff Animal Cafe AEON MALL Makuhari Shintoshin),Japan
10009967,Tsukuba (Moff Animal Cafe IIAS Tsukuba),Japan
10009968,Hiratsuka (Zoo),Japan
10009969,Fujikawaguchiko (Saiko Nature Center Kunimasu Aquarium),Japan
10009970,Kounosu (Stork Rehabilitation Center Kounotori No Sato),Japan
10009971,Akumal (Akumal Monkey Sanctuary),Mexiko
10009972,Karachi (Dolphin Show - geschlossen),Pakistan
10009973,Tianjin (Zoonly Animal Theme Park),China
10009974,Gonnoruwa (Birds Park Hambantota),Sri Lanka
10009975,Abidjan (Zoo),Elfenbeinküste
10009976,Schalchen (Reptiles for Education),Österreich
10009977,Greenville (Roper Mountain Science Center),Vereinigte Staaten von Amerika
10009978,Rogers (Blue Zoo Aquarium Rogers),Vereinigte Staaten von Amerika
10009979,Gadsden (Noccalula Falls Petting Zoo),Vereinigte Staaten von Amerika
10009980,Huntsville (Harmony Park Safari - geschlossen 2023),Vereinigte Staaten von Amerika
10009981,Auburn (Choctafaula),Vereinigte Staaten von Amerika
10009982,Banks (McClelland's Critters - geschlossen 2017),Vereinigte Staaten von Amerika
10009983,Sitka (Alaska Raptor Center),Vereinigte Staaten von Amerika
10009984,Jakarta (Samudra Ancol),Indonesien
10009985,Mangkang Kulon (Semarang Zoo),Indonesien
10009986,Cody (Draper Natural History Museum),Vereinigte Staaten von Amerika
10009987,Pine Bluff (Delta Rivers Nature Center),Vereinigte Staaten von Amerika
10009988,Bintan (Safari Lagoi),Indonesien
10009989,Myakka City (Sarasota Sea Lion Preserve - geschlossen 2019),Vereinigte Staaten von Amerika
10009990,Freeport (E.O. Wilson Biophilia Center),Vereinigte Staaten von Amerika
10009991,Perak (Pavilion Petting Zoo Gunung Lang),Malaysia
10009992,Kedah (Sangkar Zoo Burung),Malaysia
10009993,Kedah (Abira Deer Farm),Malaysia
10009994,Kedah (Ruza Agrotech),Malaysia
10009996,Terengganu (Zoo Rimba Razia),Malaysia
10009997,Sandakan (Crocodile Farm),Malaysia
10009998,Terengganu (TTI Mini Zoo),Malaysia
10009999,Pahang (Zoo Lipis),Malaysia
10010000,Perak (Warisan Tokpah Mini Petting Zoo),Malaysia
10010001,Nho Quan (Turtle Conservation Center),Vietnam
10010002,Ninh Binh (Bear Sanctuary),Vietnam
10010003,Madison (Georgia Safari Conservation Park),Vereinigte Staaten von Amerika
10010004,Dawsonville (Kangaroo Conservation Center - geschlossen 2010),Vereinigte Staaten von Amerika
10010005,Las Vegas (The Mirage - Siegfried and Roys Secret Garden and Dolphin Habitat - geschlossen 2022),Vereinigte Staaten von Amerika
10010006,Cisarua (Dairyland River Side),Indonesien
10010007,Taipei (Zhishan Cultural and Ecological Garden),Taiwan
10010008,Nassau (Coral World - geschlossen 1999),Bahamas
10010009,Wilmer (The Mobile Zoo - geschlossen 2016),Vereinigte Staaten von Amerika
10010010,Nantou (Jojo Zoo Park),Taiwan
10010011,Hualien (Shin Kong Chao Feng Leisure Ranch),Taiwan
10010012,Chiayi (Three Little Pigs Leisure Farm),Taiwan
10010013,Yilan (Animal Kingdom),Taiwan
10010014,Epping (Ashlyns Softplay and Farm Park),Vereinigtes Königreich
10010015,Lanchester (Potters World),Vereinigtes Königreich
10010016,Västeras (Djäknebergets djurpark - geschlossen),Schweden
10010018,Ota (Japan Snake Center),Japan
10010020,Macao (Macao Giant Panda Pavilion),China/Macau
10010021,Beppu (Oniyama Wani Jigoku),Japan
10010022,Akou (City Marine Science Museum),Japan
10010023,Kofu (Yamanashi Prefectural Science Center),Japan
10010024,Atsugi (Bosai No Oka Park Zoo),Japan
10010025,Atsugi (Happy Grow),Japan
10010027,Ibusuki (Nagasakibana Parking Garden),Japan
10010028,Maibara (Rosa & Berry Tawada),Japan
10010029,Hirakata (Hirakata Park - geschlossen 2025),Japan
10010030,Iwate (Koiwai Farm),Japan
10010031,Himi (Himilabo Aquarium),Japan
10010032,Minamichikawa (World Bokujyou),Japan
10010034,Osaka (Rare Zoo),Japan
10010035,Maebashi (Marshmallow Panda),Japan
10010036,Umm al-Qaiwain (Al Buqaish Private Zoo),Vereinigte Arabische Emirate
10010037,Dubai (Al Marmoom Conservation Reserve),Vereinigte Arabische Emirate
10010038,Dubai (Atlantis Dolphin Bay),Vereinigte Arabische Emirate
10010039,Dubai (Desert Oasis Petting Farm - geschlossen 2023),Vereinigte Arabische Emirate
10010040,Dubai (Butterfly Garden),Vereinigte Arabische Emirate
10010041,Dubai (Crocodile Park),Vereinigte Arabische Emirate
10010042,Sharjah (Dubai Desert Conservation Reserve),Vereinigte Arabische Emirate
10010044,Al Fahleen (Ras Al Khaimah Zoo),Vereinigte Arabische Emirate
10010045,Dubai (Ski Dubai),Vereinigte Arabische Emirate
10010046,Al Ashish (Al Wadi Desert Zoo),Vereinigte Arabische Emirate
10010047,Al Zorah (UAE Pygmy Zoo - geschlossen),Vereinigte Arabische Emirate
10010048,Madinat Zayed (ZOOMZO),Vereinigte Arabische Emirate
10010049,Pangandaran (Aquarium Indonesia),Indonesien
10010051,North Platte (Cody Park Zoo),Vereinigte Staaten von Amerika
10010052,Ashtarak (Ashtaraki Dzor),Armenien
10010053,Yerevan (Birds Zoo),Armenien
10010054,Yerevan (Exotarium Amazon),Armenien
10010055,Huambo (Jardim Zoológico de Huambo - geschlossen 1990),Angola
10010056,Biak (Taman Burung & Anggrek),Indonesien
10010057,Baku (Yuva Zoo - geschlossen 2021),Aserbaidschan
10010058,Sumqayit (Zoopark - geschlossen 2021),Aserbaidschan
10010059,Ukhia (Akij Wildlife Farm),Bangladesch
10010060,Khulna (Bonobilash Zoo),Bangladesch
10010061,Kulauti (Excelsior Mini Zoo),Bangladesch
10010062,Jhinaigati (Mini Zoo & Mini Aquarium),Bangladesch
10010063,Alukdia (Meherun Children Park and Mini Zoo),Bangladesch
10010064,Mymensingh (Mini Zoo - geschlossen 2025),Bangladesch
10010065,Mohera (Jamidar House Mini Zoo),Bangladesch
10010066,Uthura (Reptile Farm),Bangladesch
10010067,Savar (Mini Zoo),Bangladesch
10010068,Sreemangal (Shitesh Babus Zoo),Bangladesch
10010069,Rasulpur (Shopnil Bird Park),Bangladesch
10010070,Sreemangal (Bird Park),Bangladesch
10010071,Swapnopuri (Mini Zoo),Bangladesch
10010072,Gokul (TMSS ZOO),Bangladesch
10010073,Sylhet (Wildlife Conservation Centre),Bangladesch
10010074,Vienna (Wagon Trails Animal Park - geschlossen 2022),Vereinigte Staaten von Amerika
10010075,Pittsburgh (The Daniel G. and Carole L. Kamin Science Center - ehemals Carnegie Science Center),Vereinigte Staaten von Amerika
10010076,Aleppo (Zoo - geschlossen 2017),Syrien
10010077,Damascus (Zoo),Syrien
10010078,Ar Raqqah (Zoo),Syrien
10010079,Wildwood (Seaport Aquarium),Vereinigte Staaten von Amerika
10010080,Samaheej (Marassi Aquarium & Underwater Zoo),Bahrain
10010082,Al Jasra (Armaan Zoo - geschlossen 2019),Bahrain
10010085,Bujumbura (Le Zoo du Musée Vivant),Burundi
10010086,Djeregbe (Zoo Bimyns),Benin
10010087,Somerset village (Dolphin Quest Bermuda),Vereinigtes Königreich/Bermuda
10010088,Jerudong (Kay Tak Elephant exhibit),Brunei Darussalam
10010089,Sungai Kelugos (Louis Mini Zoo - geschlossen),Brunei Darussalam
10010091,Abiko (Paraiso),Japan
10010092,Jakarta (Habitat Park),Indonesien
10010093,Charlotte (Darby Acres Farm and Safari Zoo),Vereinigte Staaten von Amerika
10010094,Nago (Busena Marine Park),Japan
10010095,Corpus Christi (Texas Sealife Center),Vereinigte Staaten von Amerika
10010096,South Padre Island (Birding and Nature Center and Alligator Sanctuary),Vereinigte Staaten von Amerika
10010097,South Padre Island (Sea Turtles Inc.),Vereinigte Staaten von Amerika
10010098,Lillo (Zoo de Lillo),Spanien
10010099,Regencòs (Zoo Empordà - geschlossen 2007),Spanien
10010100,Oryet Village (Bio Garden),Aserbaidschan
10010101,Liege (Observatoire du Monde des Plantes),Belgien
10010102,Pathum Thani (Cafe Minizoo Garden River 8),Thailand
10010103,Costa Mesa (Orange Coast College Dennis Kelly Aquarium),Vereinigte Staaten von Amerika
10010104,Newcastle (Jesmond Dene Pets Corner),Vereinigtes Königreich
10010105,Jarrow (Jarrow Hall and Anglo-Saxon Farm - formerly Bedes World),Vereinigtes Königreich
10010106,Durham (Adventure Valley),Vereinigtes Königreich
10010107,Walby (Farm Park),Vereinigtes Königreich
10010108,Medina (Majestic Meadows Alpacas and Boutique),Vereinigte Staaten von Amerika
10010109,Selangor (Hussin Fauzi Farm Shah Alam),Malaysia
10010110,Kedah (The Wanz Animal Park),Malaysia
10010111,Perak (Segari Turtle Conservation and Information Centre),Malaysia
10010112,Linz (Botanischer Garten),Österreich
10010113,Hongkong (Cube O Discovery Park),China/Hongkong
10010114,Campanario (Ilha das Aves),Portugal
10010115,Nara (Ayame Park - geschlossen 2004),Japan
10010116,Katsuura (Namegawa Island - geschlossen 2001),Japan
10010117,Hongkong (Tuen Mun Park Reptile House),China/Hongkong
10010118,Hongkong (Yuen Long Park Aviary),China/Hongkong
10010119,Hongkong (Wetland Park),China/Hongkong
10010120,Perak (Zahara Garden),Malaysia
10010121,Perak (Tasik Cermin Petting Zoo),Malaysia
10010122,Kitakyushu (Hibiki Animal World),Japan
10010123,Tamano (Omocha Oukoku),Japan
10010124,Tibro (Minizoo),Schweden
10010125,Newton Abbot (The Devon Bird of Prey Centre),Vereinigtes Königreich
10010126,Hamilton (Aviary - geschlossen 2023),Kanada
10010127,Hamilton (Dundurn Castle Zoo - geschlossen 1928),Kanada
10010128,San Angelo (Nature Center - geschlossen 2023),Vereinigte Staaten von Amerika
10010129,Yatsu (Yatsu Yuen - geschlossen 1982),Japan
10010130,Tateyama (Aloha Garden Tateyama - geschlossen 03/2025),Japan
10010131,Takarazuka (Takarazuka Family Land - geschlossen 2003),Japan
10010132,Takamatsu (Ritsurin Park Zoo - geschlossen 2002),Japan
10010133,Nishinomiya (Koshien Hanshin Park - geschlossen 2003),Japan
10010134,Singapore (Rainforest Wild),Singapur
10010135,Cave Creek (Rattlesnake Ready - vormals Rattlesnake Ranch),Vereinigte Staaten von Amerika
10010136,Sacheon (Aramaru Aquarium & Zoo),Südkorea
10010137,Gweedore (Errigal View Pet Zoo),Irland
10010138,Los Alamos (Pajarito Environmental Education Center),Vereinigte Staaten von Amerika
10010139,Hanno (Miyazawako Lakeside Park Zoo - geschlossen 2008),Japan
10010140,Kuwana (Nagashima Sunny Land Tropical Garden - geschlossen 1985),Japan
10010141,Toyota (Kourankei Snake Center - geschlossen 1993),Japan
10010142,Sennan (Misaki Park - geschlossen 2020),Japan
10010143,San Angelo (Ellas Reptile Sanctuary and Rescue),Vereinigte Staaten von Amerika
10010144,Cumberland (Tri-State Zoological Park - geschlossen 2022),Vereinigte Staaten von Amerika
10010145,Juneau (Raptor Center - geschlossen 2022),Vereinigte Staaten von Amerika
10010146,Lake Forest (Wildlife Discovery Center - geschlossen 2023),Vereinigte Staaten von Amerika
10010147,Stonecrest (SeaQuest - geschlossen 2023),Vereinigte Staaten von Amerika
10010148,Trumbull (SeaQuest - geschlossen 2023),Vereinigte Staaten von Amerika
10010149,Lake City (Cicchelli Second Chance Rescue And Exotics - geschlossen 2023),Vereinigte Staaten von Amerika
10010150,Podgorica (Natural History Museum),Montenegro
10010151,Mahahual (Aviarius - Costa Maya - geschlossen),Mexiko
10010152,Saltillo (Museo de las Aves de Mexico),Mexiko
10010153,Currituck (OBX Lizard Land),Vereinigte Staaten von Amerika
10010154,Helen (Black Forest Bear Park and Reptile Exhibit - geschlossen 2013),Vereinigte Staaten von Amerika
10010155,Homestead (Redland Conservation Center),Vereinigte Staaten von Amerika
10010156,Jupiter (Mandalay Farms),Vereinigte Staaten von Amerika
10010157,Oakland (Nature Preserve - Jim Thomas Environmental Education Center),Vereinigte Staaten von Amerika
10010158,Prospect (Henrys Ark Free Petting Zoo - geschlossen 2019),Vereinigte Staaten von Amerika
10010159,London (The Royal Menagerie at the Tower of London - geschlossen 1835),Vereinigtes Königreich
10010161,Surte (Fageldammarna i Surte),Schweden
10010162,Burgsvik (Bottarve Museigard),Schweden
10010163,Tvaaker (Fun City - geschlossen 2012),Schweden
10010164,Buddeberg (Resteröds djurpark - geschlossen 1964),Schweden
10010165,Landskrona (Fageldammen),Schweden
10010166,Mäeküla (Saaremaa Zoo),Estland
10010167,Kristianstad (Naturum Vattenriket),Schweden
10010168,Ekenäs (Naturum Kosterhavet),Schweden
10010169,Svanshals (Naturum Takern),Schweden
10010170,Västervik (Naturum),Schweden
10010171,Blavik (Naturum Sommen),Schweden
10010172,Ronneby (Naturum Blekinge),Schweden
10010173,Hättebäck (Tjärnö Lovéncentret Akvarium),Schweden
10010174,Lidköping (Vänermuseet),Schweden
10010175,Motala (Vätternakvariet i Motala - geschlossen 2025),Schweden
10010176,Edessa (Aquarium - Herpetarium),Griechenland
10010177,Agrapidies (ARCTUROS),Griechenland
10010178,Vyroneia (Aquarium of Byronia - geschlossen 2025),Griechenland
10010179,Rousso (Philoneikos-Zoo-Park),Griechenland
10010180,Kasane (Chobe Snake Park),Botsuana
10010181,Gbadolite (Jardin Botanique et Zoologique),Demokratische Republik Kongo
10010182,Kisangani (Zoologique de Kisangani Garden),Demokratische Republik Kongo
10010183,Panoka (Parc de la Vallée de la N'Sele),Demokratische Republik Kongo
10010184,Mbandaka (Jardin Botanique d'Eala),Demokratische Republik Kongo
10010185,Kobe (Minatoyama Aquarium),Japan
10010186,Kuluntalahti (Suvenniemen Eläintieteellinen asema - geschlossen 1939),Finnland
10010187,Oulu (Oulun yliopiston eläintarha - geschlossen 2010),Finnland
10010189,Kunigami (Yanbaru Lion),Japan
10010190,Choshi (Inubosaki Marine Park - geschlossen 2018),Japan
10010191,Shima (Shima Marine Land - geschlossen 2021),Japan
10010192,Yokohama (Birdopia - geschlossen 2005),Japan
10010193,Koka (Meccha Omoroi Doubutsuen),Japan
10010194,Kobe (Anipon World),Japan
10010195,Moriyama (Meccha Sawareru Doubutsuen - geschlossen 2021),Japan
10010196,Purbayasa (Purbasari Pancuran Mas),Indonesien
10010197,Chanthaburi (Oasis Sea World),Thailand
10010198,Tomalla (Aussie Ark),Australien
10010199,Marugame (Reoma World - Zoobereich geschlossen 2010),Japan
10010200,San Diego (San Diego Animal Sanctuary),Vereinigte Staaten von Amerika
10010201,Erfurt (Naturkundemuseum),Deutschland
10010202,Blenheim (Kārearea Falcon Trust),Neuseeland
10010203,Chanthaburi (Khung Kraben Bay Aquarium),Thailand
10010204,Remscheid (Falknerei Bergisch Land),Deutschland
10010205,Takayama (Okuhida Bear Park),Japan
10010206,Fujinomiya (Makaino Farm),Japan
10010207,Fukui (Asuwayama Park Zoo),Japan
10010208,Kawagoe (Aqua Park Kawagoe),Japan
10010209,Tokyo (Vivarium of University of Agriculture Food and Agriculture Museum),Japan
10010210,Lithgow (Secret Creek Sanctuary),Australien
10010211,Tatsuno (Park Zoo),Japan
10010212,Daejon (O-World Amusement park - vormals Zoo),Südkorea
10010213,Seoul (Table A MiniZoo),Südkorea
10010214,Pattaya (Tiger Park),Thailand
10010215,Pattaya (Sanctuary of the Truth Mini Zoo),Thailand
10010216,Chon Buri (Chang Thai Thappraya Safari),Thailand
10010217,Rayong (Mountain Coffee Zoo),Thailand
10010218,Bangkok (Little Den),Thailand
10010219,Kyoto (Hanazono Church Aquarium),Japan
10010220,Yamato (QuruGuru),Japan
10010221,Broome (12 Mile Bird Park - geschlossen 2021),Australien
10010222,Murray Bridge (Dundees Wildlife Park - geschlossen 2011),Australien
10010223,Sayama (Sayama Fureai Zoo),Japan
10010224,Yogyakarta (Taman Konservasi Sato Loka),Indonesien
10010225,Kashiwa (KABAZOO),Japan
10010226,Motobu (Motobu Genkimura),Japan
10010227,Hwaseong (Aniland),Südkorea
10010228,Ako (Ako Seaside Park Zoo - geschlossen 2021),Japan
10010229,Utica (Legasea Aquarium and Reptarium),Vereinigte Staaten von Amerika
10010230,Amman (Prince Hashem Bird Garden),Jordanien
10010231,Jerash (Al Ma wa for Nature and Wildlife),Jordanien
10010232,Masqat (Snow Oman),Oman
10010233,Al Wafrah (Dar Marafie Farm),Kuwait
10010234,Abdali (Mini Zoo),Kuwait
10010235,Abashiri (Okhotsk Chipmunk Park),Japan
10010236,Yanagawa (Ariake Sea Aquarium),Japan
10010237,Hua Hin (Safari and Adventure Park),Thailand
10010239,Osnabrück (Museum am Schölerberg),Deutschland
10010240,Fukuoka (Itozu-no-mori Zoological Park),Japan
10010241,Kagoshima (Nagasakibana Parking Garden),Japan
10010242,Southport Spit (Marineland of Australia - geschlossen 1976),Australien
10010243,Redwood City (Marine World/Africa - geschlossen 1986),Vereinigte Staaten von Amerika
10010244,Ishigaki (Yaimamura),Japan
10010245,Boskovštejn (Agro Family Park),Tschechien
10010246,Long An (My Quynh Safari),Vietnam
10010247,New York City (The Gecko Gallery),Vereinigte Staaten von Amerika
10010248,London (Tower of London - The Ravens),Vereinigtes Königreich
10010250,St. Martin (Auerochsengehege),Deutschland
10010251,Bahia Blanca (Jardin Botanico),Argentinien
10010252,Beppu (Yama Jigoku - geschlossen),Japan
10010253,Chengdu (Haichang Polar Ocean World),China
10010255,Port Elizabeth (Bayworld),Südafrika
10010256,Koh Kong (Safari World - geschlossen 2018),Kambodscha
10010257,Tel Aviv (Luna Park - geschlossen 1995),Israel
10010258,Riccione (Dolphinarium - geschlossen 2004),Italien
10010259,Sao Paulo (Aquarama - geschlossen 2008),Brasilien
10010260,Chemnitz (Naturkundemuseum),Deutschland
10010261,Penang (The Farm Pantai Acheh),Malaysia
10010262,Cisauk (Jasmine Park),Indonesien
10010263,Serik (Land of Legends),Türkei
10010264,Taiji (Dolphin Base),Japan
10010265,Ishigaki (Dolphin Fantasy),Japan
10010266,Onna (Okinawa Marine Research Center),Japan
10010267,Tsukumi (Tsukumi Dolphin Island),Japan
10010268,Minamiawaji (Dolphin Farm Awaji Janohire),Japan
10010269,Ito (Dolphin Fantasy Ito),Japan
10010270,Imabari City (Dolphin Farm Shimanami),Japan
10010271,Sakai (Noah Dolphin Dome),Japan
10010272,Gifu (Hotel Dolphin Resort),Japan
10010273,Kamiamakusa (Amakusa Pearl Garden & Sea Donut Aquarium),Japan
10010274,Pyongyang (Rungna Dolphinarium),Nordkorea
10010275,Chengjiang (Fuxian Lake Happy World),China
10010276,Dongguan (Dongguan Xiangshi Zoo),China
10010277,Hefei (Hanhai Polar Ocean World),China
10010278,Quanzhou (Quanzhou Ocean Kingdom),China
10010279,Nanning (Nanning Polar Ocean World),China
10010280,Sanya (Beluga Sanya Discovery Ocean World),China
10010281,Luoyang (Luoyang Zhoukou Aquarium),China
10010282,Ordos (Ordos Aquarium),China
10010283,Dalian (Sun Asia Ocean World & Polar World),China
10010284,Qujiang (Qujiang Polar Ocean Park),China
10010285,Xuzhou (Xuzhou Europark Ocean Polar World),China
10010286,Fenjiezhou (Fenjiezhou Aquarium),China
10010287,Ningbo (Ningbo Ocean World),China
10010288,Zhangzhou (Tianzhushan Happy Great World),China
10010289,Chongqing (Chongqing Yaotai Polar Ocean Park),China
10010290,Fuzhou (Fuzhou Yongtai Europark Ocean World),China
10010291,Wuhan (Wuhan Haichang Jidi Ocean Park),China
10010292,Rizhao (Rizhao Ocean Park),China
10010293,Hat Yai (Minizoo),Thailand
10010294,Hat Yai (Sea Verse),Thailand
10010295,Dobrota (Aquarium Boka),Montenegro
10010296,Tervete (Tervetes tauriņu maja),Lettland
10010297,Tervete (Anneles Zoo),Lettland
10010299,Mbombela (Pumbaa Wildlife Park),Südafrika
10010300,Bela-Bela (Warmbad Zoo),Südafrika
10010301,Sun City (Predator World),Südafrika
10010303,Arnbruck (Weinfurtner - Das Glasdorf),Deutschland
10010304,Scheifling (Tierpark),Österreich
10010305,Grevesmühlen (Damwildgehege),Deutschland
10010306,Pahang (Bukit Gambang Resort – geschlossen 2020),Malaysia
10010307,Niebüll (Naturkundemuseum),Deutschland
10010308,Bredstedt (Naturzentrum Mittleres Nordfriesland),Deutschland
10010309,Weßling (Krone Farm),Deutschland
10010310,Tashkent (Magic Safari),Usbekistan
10010311,Jakarta (TMII Farm House),Indonesien
10010312,Columbus (Columbus Zoo Texas),Vereinigte Staaten von Amerika
10010313,Kahoku (Zoo),Japan
10010314,Kobe (Municipal Arboretum),Japan
10010315,Srdov (Zoocentrum),Tschechien
10010316,Hradec Králové (Svet plazu),Tschechien
10010317,Batu (Drive Thru Park),Indonesien
10010318,Batu (Ekonomis Park),Indonesien
10010319,Perak (Ya Tan farm),Malaysia
10010320,Moncks Corner (Cypress Gardens),Vereinigte Staaten von Amerika
10010321,Sumter (Swan Lake Iris Gardens),Vereinigte Staaten von Amerika
10010322,Taki (Gokatsuraike Animal Park),Japan
10010323,Grafton (Grafton Lakes State Park Welcome Center),Vereinigte Staaten von Amerika
10010324,Petersburgh (Berkshire Bird Paradise),Vereinigte Staaten von Amerika
10010325,Funchal (Monte Palace Madeira),Portugal
10010326,Unterweißenbach (Jagdmärchenpark Hirschalm),Österreich
10010327,Bad Vöslau (Forschungsstation Haidlhof),Österreich
10010328,Zaharesti (Arca lui Noe - geschlossen 2025),Rumänien
10010329,Barrington (Crabtree Nature Center),Vereinigte Staaten von Amerika
10010330,Itasca (Springbrook Nature Center),Vereinigte Staaten von Amerika
10010331,Bentleyville (Wild World of Animals),Vereinigte Staaten von Amerika
10010332,Wallacia (Zambi Wildlife Retreat),Australien
10010333,Bielefeld (Uni-Zoo),Deutschland
10010334,Caprile (Fattoria Rainguthof),Italien
10010335,Prato allo Stelvio (Aquaprad),Italien
10010336,Taipeh (Taiwan Insect Museum),Taiwan
10010337,Singapore (Miniature Zoo - geschlossen 196X),Singapur
10010340,Santa Maddalena Vallalta (Parco faunistico Reierhof),Italien
10010341,Iquitos (Acuario Del Amazonas),Peru
10010342,Předotice (Kozlův statek - Farmapark),Tschechien
10010343,Quito (Wikiri Sapoparque),Ecuador
10010344,Mosonmagyaróvár (KLG SuliZoo),Ungarn
10010345,Sao Paulo (Simba Safari Park),Brasilien
10010346,Americana (Zoo Parque Ecológico),Brasilien
10010347,Kaliurang (Cats House Yogya),Indonesien
10010349,Gelsenkirchen (Volksgarten Ückendorf - geschlossen),Deutschland
10010350,Peumerit (Parc animalier La Pommeraie),Frankreich
10010351,Penang (Parrot-dise),Malaysia
10010352,Nags Head (Jennettes Pier),Vereinigte Staaten von Amerika
10010354,Gdansk (Mini Zoo a Papugarnia),Polen
10010355,San Pedro (Deane Dana Nature Center),Vereinigte Staaten von Amerika
10010356,Pasadena (Eaton Canyon Nature Center),Vereinigte Staaten von Amerika
10010357,Long Beach (El Dorado Nature Center),Vereinigte Staaten von Amerika
10010358,Torrance (Madrona Marsh Preserve & Nature Center),Vereinigte Staaten von Amerika
10010359,Santa Clarita (Placerita Canyon Nature Center),Vereinigte Staaten von Amerika
10010360,Agua Dulce (Vasquez Rocks Interpretative Center),Vereinigte Staaten von Amerika
10010361,Whittier (Whittier Narrows Nature Center),Vereinigte Staaten von Amerika
10010362,Yucca Valley (Hi-Desert Nature Museum),Vereinigte Staaten von Amerika
10010363,St. Louis (World Aquarium - geschlossen 2019),Vereinigte Staaten von Amerika
10010364,Nakhon Nayok (Wildlife Rescue Center No.1),Thailand
10010365,Kanchanaburi (Safari Park),Thailand
10010366,Ratchaburi (Khaozon Wildlife Breeding Center),Thailand
10010367,Ratchaburi (Khao Prathap Chang Zoo),Thailand
10010368,Nakhon Pathom (Nakhon Pathom Zoo),Thailand
10010369,Samut Sakhon (Samut Sakhon Aquarium),Thailand
10010370,Shifang (Chengdu Zanhuayuan Zoo / Guoxue Boutique Zoo),China
10010371,Coquimbo (Las Chinchillas National Reserve Nocturama),Chile
10010372,Julia Creek (At the Creek Visitor Information Centre),Australien
10010373,Penang (Auto City Mini Zoo),Malaysia
10010374,Maletice (Farmapark),Tschechien
10010375,Walbrzych (Palmiarna),Polen
10010376,Seefeld (Aktion Tier Lottihof),Deutschland
10010377,Inashiki (Comorebi Morino Ibaraido),Japan
10010378,Visegrád (Mogyoró-hegyi Vadaspark),Ungarn
10010379,Bruck an der Mur (Naturschutzzentrum),Österreich
10010381,Lednice (Dravci Lednice Seiferos),Tschechien
10010383,Swinoujscie (Muzeum Rybolowstwa Glebinowego),Polen
10010384,Kuala Selangor (Sungai Dusun Wildlife Conservation Centre - geschlossen für Besucher seit 2025),Malaysia
10010385,Bad Hofgastein (Montequarium / Alpentherme Gastein),Österreich
10010386,Sam Phran (Elephant Ground and Zoo),Thailand
10010387,Bad Dürrenberg (Palmen- und Vogelhaus),Deutschland
10010388,Chiang Mai (Tiger Kingdom),Thailand
10010389,Biggleswade (Shuttleworth College),Vereinigtes Königreich
10010390,Sokkolia (Kebun Binatang Citra Satwa Celebes),Indonesien
10010391,Klemjatino (Podmoskovny Safari Park),Russland
10010392,Stein (Belevenispark Steinerbos),Niederlande
10010393,Lizio (Insectarium),Frankreich
10010394,Meslan (Parc animalier Chez Dame Nature),Frankreich
10010395,Rennes (Parc du Thabor),Frankreich
10010396,Sarzeau (Domaine de Suscinio),Frankreich
10010397,Montecito (Feather Hill Ranch Zoo - geschlossen 1930),Vereinigte Staaten von Amerika
10010398,Universal City (Universal City Zoo - geschlossen 1930),Vereinigte Staaten von Amerika
10010399,Los Angeles (Selig Zoo - geschlossen 1935),Vereinigte Staaten von Amerika
10010401,Gapyeong (Begonia Bird Park),Südkorea
10010402,Astritsi (Cretan Animal Park),Griechenland
10010403,Postojna (Neotropica),Slowenien
10010404,Vohilava (Endemika - Parc Zoologique et Botanique de Sainte-Marie - geschlossen),Madagaskar
10010405,Wangerooge (Nationalpark-Haus),Deutschland
10010406,Haarzuilens (Kasteel de Haar),Niederlande
10010407,Springfield (Museums / Science Museum),Vereinigte Staaten von Amerika
10010408,Liberec (Papilonia - geschlossen 2026),Tschechien
10010409,Perak (River Terrapin Conservation Centre),Malaysia
10010410,Perak (Sungkai Wildlife Conservation Centre),Malaysia
10010411,Ochopee (Skunk Ape Research Headquarters),Vereinigte Staaten von Amerika
10010412,Jinan (Wildlife World),China
10010413,Qinyang (Tian´ehu Zoo),China
10010414,Tianshui (Zoo),China
10010415,Qufu (Xinlu Zoo),China
10010419,Großschönau (Naturparkhaus Zittauer Gebirge),Deutschland
10010420,Torremolinos (Jardín Botánico Molino de Inca),Spanien
10010421,Siegsdorf (MammutMuseum),Deutschland
10010422,Manavgat (Animal park),Türkei
10010423,Newport (Save the Bays Hamilton Family Aquarium),Vereinigte Staaten von Amerika
10010424,Goodwick (Ocean Lab - Sea Trust Wales),Vereinigtes Königreich
10010425,Mesa (Arizona Museum of Natural History - ehemals as the Mesa Southwest Museum),Vereinigte Staaten von Amerika
10010426,Johor (The Hidden Farm),Malaysia
10010427,Vreta Kloster (Björkö 4H-gård),Schweden
10010428,Solna (Augustendals 4H-Klubb),Schweden
10010429,Stockholm (Riddersviks 4H-Gård),Schweden
10010430,Rönninge (Ersboda 4H-gård),Schweden
10010431,Vårgårda (Tånga Heds 4H gård),Schweden
10010432,Banjarnegara (Serulingmas Zoo),Indonesien
10010433,Wantagh (Jones Beach Energy & Nature Center),Vereinigte Staaten von Amerika
10010434,"Wladyslawowo (Motylarnia, Ptaszarnia)",Polen
10010435,Jastrzebia Gora (Motylarnia Rozewie),Polen
10010436,Kniewo (Strusia Farma),Polen
10010437,Wejherowo (Park Miejski),Polen
10010438,Reda (Aquapark),Polen
10010439,Bojano (Alpaki),Polen
10010440,Zukczyn (Zwierzaki Nad Potokiem),Polen
10010441,Kwidzyn (Mini Zoo),Polen
10010442,Elblag (Park Rozrywki Nowa Holandia),Polen
10010443,Darlowo (Mini Zoo Wicie),Polen
10010444,Koszalin (Papugarnia),Polen
10010445,Zakopane (MYSZOGRÓD),Polen
10010446,Zakopane (Największa Papugarnia Egzotyczne),Polen
10010448,Charenton-du-Cher (Parc Animalier Domaine de Revert),Frankreich
10010449,Riyadh (King Khaled Wildlife Park),Saudi-Arabien
10010450,Seocheon (National Institute of Ecology),Südkorea
10010451,Bangkok (Bluegold Coffee Mini Zoo),Thailand
10010452,Bangkok (Peuan Deratchan Mini Zoo),Thailand
10010453,Bangkok (The Zookeeper Thailand),Thailand
10010454,Foz do Iguaçu (AquaFoz),Brasilien
10010455,Campo Grande (Bioparque Pantanal),Brasilien
10010456,Arkadag (National Museum of Wildlife of Turkmenistan),Turkmenistan
10010457,St Thomas (Connors Farms Petting Zoo),Vereinigte Staaten von Amerika/Amerikanische Jungferninseln
10010458,St Thomas (Plantation Crown and Hawk Botanical Garden),Vereinigte Staaten von Amerika/Amerikanische Jungferninseln
10010459,St Thomas (Phantasea Tropical Botanical Garden),Vereinigte Staaten von Amerika/Amerikanische Jungferninseln
10010460,George Town (Cayman Parrot Sanctuary),Vereinigtes Königreich/Kaimaninseln
10010461,Port Vila (Rainbow Parrot Nature Park),Vanuatu
10010462,Miyakojima (Miyakojima Animal Park),Japan
10010463,Chigasaki (Fureai Zoo),Japan
10010464,Kedah (The Jerai Hill Resort),Malaysia
10010465,Winterberg (Streichelzoo Schneewittchenhaus),Deutschland
10010466,Westerhoven (Center Parcs De Kempervennen),Niederlande
10010467,Lommel (Center Parcs De Vossemeren),Belgien
10010468,Bouillon (Château Fort de Bouillon),Belgien
10010469,Las Vegas (Wetlands Park Nature Center),Vereinigte Staaten von Amerika
10010470,Penang (Kampung Agong Mini Zoo),Malaysia
10010471,Penang (Ham Cup Mini Zoo),Malaysia
10010472,Penang (Hunt&Hound),Malaysia
10010473,Gapyeong (Begonia Bird Park),Südkorea
10010474,Hiroshima (Motomachi Aquarium),Japan
10010475,Hirakata (Planet Aqua Port),Japan
10010476,Astritsi (Cretan Animal Park),Griechenland
10010477,Edinburgh (Zoological Gardens - geschlossen 1857),Vereinigtes Königreich
10010478,Newcastle (Winter Zoo - geschlossen 1966),Vereinigtes Königreich
10010479,Tynemouth (Aquarium & winter garden - geschlossen 1996),Vereinigtes Königreich
10010480,Stanley (Pelican park zoo - geschlossen 1971),Vereinigtes Königreich
10010481,Seaburn (Zoo - geschlossen 1978),Vereinigtes Königreich
10010482,Leeds (Zoological Gardens - geschlossen 1858),Vereinigtes Königreich
10010483,Knaresborough (Zoo - geschlossen 1986),Vereinigtes Königreich
10010484,Appleby-in-Westmorland (Conservation centre - geschlossen 2001),Vereinigtes Königreich
10010485,Manchester (Zoological Gardens - geschlossen 1842),Vereinigtes Königreich
10010486,Manchester (Cannon aquarium - geschlossen 1975),Vereinigtes Königreich
10010487,Liverpool (Zoological Park - geschlossen 1838),Vereinigtes Königreich
10010488,Liverpool (Zoological Gardens - geschlossen 1864),Vereinigtes Königreich
10010489,Liverpool (Pembroke Place Zoo - geschlossen 1838),Vereinigtes Königreich
10010490,Shevington (Zoo - geschlossen 1925),Vereinigtes Königreich
10010491,Butt Green (Stapeley water gardens - geschlossen 2011),Vereinigtes Königreich
10010492,Bridgemere (Wildlife park - geschlossen 1992),Vereinigtes Königreich
10010493,Zhongwei (Aquarium),China
10010494,Lanzhou (Polar Region Ocean World),China
10010495,Lanzhou (Wild Animal Park),China
10010496,Zhugqu (Farmhouse Amusement Park),China
10010497,Qingyang (Tianfuyi Peacock Garden),China
10010498,Xi’an (Quijang Ocean Park),China
10010499,Linfen (Ocean Amusement Park),China
10010500,Linfen (Zoo),China
10010501,Yuncheng (Zoo),China
10010502,Yuncheng (Linyi Wildlife Park),China
10010503,Shanxi (People's Park Zoo),China
10010504,Yongji (Peacock Garden),China
10010505,Shiyan (People's Park Zoo),China
10010506,Shennongjia (Guanmen Mountain-Wild Animal Park),China
10010507,Yichang (Children Park Zoo),China
10010508,Panzhihua (Zoo),China
10010509,Guiyang (Guizhou Polar Region Ocean World),China
10010510,Dali (Erhai Park Zoo),China
10010511,Neijiang (Chuandong Ecology Zoo),China
10010512,Kaili (Zoo),China
10010513,Nanchong (Ocean World),China
10010514,Dazhou (Zoo),China
10010515,Guiyang (Forest Wild Life Zoo),China
10010516,Neijiang (Zoo),China
10010517,Yueyang (Jin'eshan Zoo),China
10010518,Hengyang (Zoo),China
10010519,Longyan (Meihua Mountain Chinese Tiger Park),China
10010520,Putian (Hanjiang Zoo),China
10010521,Yichun (Runda Wonderful Mengpeng Zoo),China
10010522,Changsha (Sanzhen Tiger Zoo),China
10010523,Melaka (Crocodile & ​​Recreational Park),Malaysia
10010524,Stramproy (Brook Valley Zoo),Niederlande
10010525,Schöningen (Tiergehege Klostergarten - Golf- und Land-Club St. Lorenz),Deutschland
10010526,Nantou (Fonghuanggu Bird and Ecology Park),Taiwan
10010528,Pingtung (Wildlife Rescue Center of National Pingtung University of Science and Technology),Taiwan
10010529,Starkenberg (Elefantenreservat und Erlebnispark),Deutschland
10010530,Berlin (Adolf-Reichwein-Bibliothek),Deutschland
10010531,Schermbeck (Hof Lühlerheide),Deutschland
10010533,Santiago de Cuba (Zoo de la Universidad del Oriente - geschlossen),Kuba
10010534,Nakhon Ratchasima (Chante Cafe Mini Zoo),Thailand
10010535,Spormaggiore (Belpark Parco Faunistico di Spormaggiore (formerly Area Faunistica Orso Bruno)),Italien
10010536,Desenzano del Garda (La Collina di Matilde),Italien
10010537,Pagliare del Tronto (Oasi La Valle),Italien
10010538,Puerto Lindo (Del Istmo Conservation Center),Panama
10010539,Santa Croce Camerina (Parco Zootecnico Kamarinese - vormals Parco Kamarina Zoo),Italien
10010540,Caiazzo (Giardini del Volturno),Italien
10010541,Calci (Museo di Storia Naturale dell Università di Pisa),Italien
10010542,Winter Haven (SEA LIFE Florida Aquarium),Vereinigte Staaten von Amerika
10010543,Union City (Discovery Park of America),Vereinigte Staaten von Amerika
10010544,Daytona Beach (Daytona Aquarium & Rainforest Adventure),Vereinigte Staaten von Amerika
10010545,Tabor (Botanicka zahrada),Tschechien
10010546,Perak (Sg Klah Hot Springs Animal Village),Malaysia
10010547,Fort-de-France (Jardin de Balata),Frankreich/Martinique
10010548,Le Gosier (Aquarium de la Guadeloupe),Frankreich/Guadeloupe
10010549,Petit-Bourg (Jardin Botanique de Valombreuse),Frankreich/Guadeloupe
10010550,Deshaies (Jardin Botanique de Deshaies),Frankreich/Guadeloupe
10010551,Lido di Ostia (La Fattoria degli Animali),Italien
10010552,Collodi (La Casa delle Farfalle di Collodi),Italien
10010553,Orentano (Parco Cresciamo insieme di Orentano),Italien
10010554,Valencia (Jardin Botánico),Spanien
10010555,Zlin (DDM Astra),Tschechien
10010560,Brunssum (Kinderboerderij Schutterspark),Niederlande
10010561,Phang Nga (Wildlife Animal Sanctuary),Thailand
10010562,Lund (Botanical Garden),Schweden
10010563,Encinitas (San Elijo Lagoon Nature Center),Vereinigte Staaten von Amerika
10010564,Hsinchu (Taiwan Insect Museum Hsinchu Branch),Taiwan
10010565,Hsinchu (Feiwu Mama Children Farm),Taiwan
10010566,Kaohsiung (Tianshi Emo Interactive Animal Park),Taiwan
10010567,Kaohsiung (Gabi Niunai Interactive Animal Park),Taiwan
10010568,Miguel Pereira (Park Aventura Animal),Brasilien
10010569,Londrina (Zoo - geschlossen ca. 1977),Brasilien
10010570,San Cristóbal (Galapaguera de Cerro Colorado),Ecuador
10010571,Halifax (Beaty Centre for Marine Biodiversity),Kanada
10010572,Brno (SVC Helceletka - prirodovedna stanice Kamenacky),Tschechien
10010573,Hosszúpályi (SB Farm és Szabadidöpark),Ungarn
10010574,Ribnitz-Damgarten (Streichelzoo Bernsteinreiter Hirschburg),Deutschland
10010575,Barth (Streichelzoo Bernsteinreiter),Deutschland
10010576,Kuhlen-Wendorf (Streichelzoo Bernsteinreiter),Deutschland
10010577,Bad Doberan (Streichelzoo Bernsteinreiter),Deutschland
10010578,Tragöß (Tierpark),Österreich
10010579,Kinrooi (Din Dim),Belgien
10010580,Hwajowon (Flower Bird Park),Südkorea
10010581,Osan (Bird Park),Südkorea
10010582,Daegu (Nature Park),Südkorea
10010583,Bucheon (Play Aquarium),Südkorea
10010584,Guangzhou (Grandview Mall Aquarium),China
10010585,Suwon (Aqua Planet Gwanggyo),Südkorea
10010586,Farmington (Woodland Zoo - geschlossen 2009),Vereinigte Staaten von Amerika
10010587,Penang (Bulu Bulu),Malaysia
10010588,Heidelberg (Botanischer Garten),Deutschland
10010589,Szigetbecse (Zoo),Ungarn
10010590,Lanaken (Domein Pietersheim),Belgien
10010591,Genk (Openluchtmuseum Bokrijk),Belgien
10010592,Barutana (K9 Horse Riding + Wildlife Park),Montenegro
10010593,Zivinice (PPG JELEN),Bosnien-Herzegowina
10010596,Hrasnica (Zoo Bambi),Bosnien-Herzegowina
10010597,Kozarusa (Ranc Aris),Bosnien-Herzegowina
10010598,Murcia (Acuario de la Universidad de Murcia),Spanien
10010599,Fuengirola (SnakeRoom Serpentarium),Spanien
10010600,Garrote (Centro de Conservación Zoo del Istmo),Panama
10010601,San Cristóbal (Galapaguera de Cerro Colorado),Ecuador
10010602,Miguel Pereira (Park Aventura Animal),Brasilien
10010603,Brno (Prirodovedná stanice Kamenacky),Tschechien
10010604,Osan (Bird Park),Südkorea
10010605,Bridgetown (Graeme Hall Nature Sanctuary),Barbados
10010606,Balls (The Paradise Nature Park),Barbados
10010607,Hell-Ville (Lemuria Land),Madagaskar
10010608,Al Taraf (Al-Taraf Model Zoo),Saudi-Arabien
10010609,Aalten (De Valkenhof),Niederlande
10010610,Gyeongju (A Twosome Place Gampo Harbor Branch Aquarium),Südkorea
10010611,Hillsdale (Broken Bandit Wildlife Center),Vereinigte Staaten von Amerika
10010612,Sepilok (Bornean Sun Bear Conservation Centre),Malaysia
10010613,Sondershausen (Freizeit- und Erholungspark Possen),Deutschland
10010614,Mantasoa (Zoo - geschlossen),Madagaskar
10010615,Mantasoa (Nosy Soa Park),Madagaskar
10010616,Ichtegem (SOS Reptiel),Belgien
10010617,Al Khor (Al Shuaa Reserve),Katar
10010618,Lund (Botanical Garden),Schweden
10010619,Escondido (Avian Behavior Institute),Vereinigte Staaten von Amerika
10010620,Sungkai (Sg Klah Hot Springs Animal Village),Malaysia
10010621,Lanchang (Kuala Gandah National Elephant Conservation Centre),Malaysia
10010622,Lanchang (Deerland Park),Malaysia
10010623,Jengka (Rabbitland Jengka),Malaysia
10010624,Memphis (Bass Pro Shops at the Pyramid),Vereinigte Staaten von Amerika
10010625,Fortaleza (Zoológico Municipal Sargento Prata),Brasilien
10010626,Sliven (Bird's Paradise Zoo),Bulgarien
10010627,Kernersville (Kernersville Reptile Zoo),Vereinigte Staaten von Amerika
10010628,Arlington (Long Branch Nature Center),Vereinigte Staaten von Amerika
10010629,Arlington (Gulf Branch Nature Center),Vereinigte Staaten von Amerika
10010630,Chantilly (Walney Visitor Center),Vereinigte Staaten von Amerika
10010631,Manassas (Raging Reptiles),Vereinigte Staaten von Amerika
10010632,Jakarta (Faunaland Pramuka),Indonesien
10010633,Changsha (Xiangjiang Ocean Kingdom),China
10010634,Shawano (Anello's Torch Lite),Vereinigte Staaten von Amerika
10010635,Rybnik (Zagroda 3 Siostry),Polen
10010637,Caerphilly (Meadows Wildlife Park),Vereinigtes Königreich
10010638,Rabam (Huai Kha Khaeng Wildlife Breeding Station),Thailand
10010639,Sheffield (Valley Wildlife),Vereinigtes Königreich
10010640,Velký Karlov (Zoofarma),Tschechien
10010641,Altenburg (Botanischer Garten),Deutschland
10010642,Ochaby Wielkie (Dream Park),Polen
10010643,Wasosz (Owczarkowa Zagroda),Polen
10010644,Bielsko-Biala (Owady i Spólka),Polen
10010645,Kuraszków (Papugarnia Kubuś & Endriu),Polen
10010646,Stara Wieś (AlpakCafe),Polen
10010647,Nowa Wieś (Alpakarnia Poczesna),Polen
10010648,Lisowice (Ranczo z Alpakami),Polen
10010649,Zarki (JuRajskie Ptaki),Polen
10010650,"Rokitno Szlacheckie (Ranczo Natii ""Nasze Zoo"")",Polen
10010651,Izdebnik (Zwierzyniec Kopytkowo),Polen
10010652,Inwald (Mini Zoo Kucyk),Polen
10010653,Zywiec (Stajnia Miejska - Mini Zoo),Polen
10010654,Wisla Mala (Alpacoffee),Polen
10010655,Wisla Mala (Alpacoffee),Polen
10010656,Rodby (Scandinavian Owl Center),Dänemark
10010657,Nova Odessa (Parque Ecológico Isidoro Bordon - Zoológico Municipal),Brasilien
10010658,Paranaguá (Aquário de Paranaguá),Brasilien
10010659,Piracicaba (Aquário Municipal Ilda Borges Gonçalves),Brasilien
10010660,Santos (Orquidário Municipal),Brasilien
10010661,Votorantim (Parque Ecológico Municipal Jonas Domingues - Parque do Matao),Brasilien
10010663,Tarnów (Papugarnia Amazonia),Polen
10010664,Kraków (Owls Cave Experience Centre - Jaskinia Sów),Polen
10010665,Kraków (Muzeum Zywych Motyli),Polen
10010666,Araçatuba (Zoológico Municipal Dr. Flávio Leite Ribeiro - geschlossen 2021),Brasilien
10010667,Paulínia (Parque Ecológico Municipal Armando Müller - Zoológico Municipal - geschlossen 2014),Brasilien
10010668,Kraków (Papugarnia Papuga House - geschlossen 2019),Polen
10010669,Groeswen (The Meadows Wildlife Park),Großbritannien
10010670,Lan Sak (Huai Kha Khaeng Wildlife Breeding Station),Thailand
10010671,Kościerzyna (Małe Zoo Szarlota Jazda Konna),Polen
10010672,Sobotin (Zámecky dvorecek),Tschechien
10010673,Javorná (Farmapark Javorná na Sumave),Tschechien
10010674,Borger (Frank J. Smith Bird Sanctuary at Huber Park - geschlossen 2024),Vereinigte Staaten von Amerika
10010675,Nakhon Si Thammarat (Talad Zoo),Thailand
10010676,Hat Yai (Ton Nga Chang Wildlife Breeding Center),Thailand
10010677,Bishop Auckland (Kynren - The Storied Lands),Großbritannien
10010678,Fort Worth (Fort Worth Nature Center & Refuge),Vereinigte Staaten von Amerika
10010679,Kalamazoo (Kalamazoo Nature Center),Vereinigte Staaten von Amerika
10010680,Záravice (Othello Park),Tschechien
10010681,Divci Hrad (Farma pod Hradem),Tschechien
10010682,Jirikov (Zeleny ostroff),Tschechien
10010683,Orechov (Minifarma na Skalce),Tschechien
10010684,Orechov (Minifarma na Skalce),Tschechien
10010685,Banner Elk (Dan and Dianne May Wildlife Rehabilitation Center),Vereinigte Staaten von Amerika
10010686,Velký Karlov (Zoofarma),Tschechien
10010687,Sepang (Leisure Garden Sepang),Malaysia
10010688,Catalköy (Lesland – vormals Kyrenia Wildlife Park),Zypern/Nordzypern
10010689,Karşıyaka (Karşıyaka Atatürk Park),Zypern/Nordzypern
10010690,Margi (Petrides Farm Park),Zypern
10010691,Al Wakrah (Wakrah Mini Zoo),Katar
10010692,Christ Church (Paradise Nature Park),Barbados
10010693,Christ Church (Paradise Nature Park),Barbados
10010694,Christ Church (Paradise Nature Park),Barbados
10010695,Wien (Landgut Wien Cobenzl),Österreich
10010696,Piber (Lipizzanergestüt Piber),Österreich
10010697,Wien (LIFE-Boat4Sturgeon),Österreich
10010698,Tattendorf (Der MiniZoo),Österreich
10010699,Natternbach (IKUNA Naturerlebnispark),Österreich
10010700,Schiltern (Kittenberger Erlebnisgärten),Österreich
10010701,Zwettl (Kinderparadies - Wirtshaus zur Minidampfbahn),Österreich
10010702,Gänserndorf (Erlebnispark),Österreich
10010703,Krenglbach (Zentrum für Biodiversität Schmiding),Österreich
10010704,Abergele (Manorafon Farm Park),Vereinigtes Königreich
10010705,Chewton (Jirrahlinga Wildlife Sanctuary),Australien
10010706,Nicholls (Canberra Walk-in Aviary),Australien
10010707,Crescent City (Northcoast Marine Mammal Center),Vereinigte Staaten von Amerika
10010708,Budapest (Papilonia),Ungarn
10010709,Manchester (Heaton Park Animal Centre),Vereinigtes Königreich
10010710,Chadderton (Lancaster Park & Animal Farm),Vereinigtes Königreich
10010711,Stretford (Longford Park Pets' Corner),Vereinigtes Königreich
10010712,Stockport (Reddish Vale Farm),Vereinigtes Königreich
10010713,Wythenshawe (Wythenshawe Community Farm),Vereinigtes Königreich
10010714,Y Felinheli (GreenWood Family Park),Vereinigtes Königreich
10010715,Houss (The Outpost),Vereinigtes Königreich
10010716,Houss (The Outpost),Vereinigtes Königreich
10010717,Houss (The Outpost),Vereinigtes Königreich
10010718,Rosario (Acuario del Río Paraná),Argentinien
10010719,Berlare (Aaidierenweide Eendenkooi),Belgien
10010720,Bruxelles (Ferme du Parc Maximilien),Belgien
10010721,Belém (Parque Zoobotânico do Museu Paraense Emílio Goeldi),Brasilien
10010722,Cuiabá (Aquário Municipal Justino Malheiros),Brasilien
10010723,Guarujá (Acqua Mundo),Brasilien
10010724,Permelille (Falkecenter Samso),Dänemark
10010725,Plauen (Falknerei Herrmann),Deutschland
10010726,Joensuu (Sinkkolan kotieläin- ja perinnepiha),Finnland
10010727,Pirkkala (Sankilan kartanon kotieläinpiha),Finnland
10010728,Vagnas (Parc animalier des Gorges de l’Ardèche),Frankreich
10010729,Bengaluru (Aquarium Paradise),Indien
10010730,Naya Raipur (Nandanvan Jungle Safari),Indien
10010731,Matsumoto (Alps Park - Small Bird and Small Animal Forest),Japan
10010732,Murakami (Iyoboya Hall),Japan
10010733,Ojiya (Nishikigoi no Sato),Japan
10010734,Sendai (Aquaterrace Nishikigaoka),Japan
10010735,Shiroishi (Miyagi Zao Fox Village),Japan
10010736,Suo-Oshima (Nagisa Aquarium),Japan
10010737,Takatsuki (Aquapia Akutagawa),Japan
10010738,Tottori (Tottori Karo Kanikko-kan),Japan
10010739,Uda (Uda Animal Park),Japan
10010740,St. Catharines (Happy Rolph’s Animal Farm),Kanada
10010741,St. Catharines (Happy Rolph’s Animal Farm),Kanada
10010742,Oxtotipac (Reino Animal),Mexiko
10010743,Auckland (Kiwi Valley Farm Park),Neuseeland
10010744,Tauranga (Marshalls Animal Park),Neuseeland
10010745,Hải Phòng (VinWonders Vu Yen),Vietnam
10010746,Taichung (Taichung Aquarium),Taiwan
10010747,Lipno nad Vltavou (Papilonia),Tschechien
10010748,Kunadacs (Rákosivipera-védelmi Központ),Ungarn
10010749,Heemskerk (Kinderboerderij Dierendorp),Niederlande
10010750,Nieuwegein (Kinderboerderij IJsselstee),Niederlande
10010751,Spijkenisse (Kinderboerderij De Trotse Pauw),Niederlande
10010752,Vleuten (Dierenweide Vleuten),Niederlande
10010753,Stockholm (Aspuddsparkens Parklek),Schweden
10010754,Uddevalla (Emaus lantgard),Schweden
10010755,Icheon (P.Atteul - Pig Museum),Südkorea
10010756,Svoboda nad Úpou (Farmapark Muchomurka),Tschechien
10010757,Eagleville (Lucky Ladd Farms),Vereinigte Staaten von Amerika
10010759,East Peoria (Fon du Lac Farm Park),Vereinigte Staaten von Amerika
10010760,Solvang (OstrichLand USA),Vereinigte Staaten von Amerika
10010761,Soham (South Angle Farm Park),Vereinigtes Königreich
10010762,Wisborough Green (Fishers Farm Park),Vereinigtes Königreich
10010763,Victoria (Beacon Hill Children’s Farm),Kanada
10010764,Papamoa (Good Vibes Animal Park),Neuseeland
10010765,Coronel Oviedo (Granja Ecoturística Yvambopi),Paraguay
10010766,Konya (Konya Tropical Butterfly Garden),Türkei
10010767,Bridport (Foxdown Children’s Farm),Vereinigtes Königreich
10010768,Mbale (Mbale Wildlife Conservation Education Centre),Uganda
10010769,Pul-e Khumri (Puli Khumri Zoo),Afghanistan
10010770,Sultanpur-e ‘Ulya (Darunta Zoo),Afghanistan
10010771,Al ‘Alamayn (Sea Gull Marina Mini Zoo),Ägypten
10010772,Al Bayāḑīyah (Amusement Park Zoo Sopranos Land),Ägypten
10010773,Al-'Ubur (MonZooEgypt),Ägypten
10010774,Margaret River (Margaret River Venison),Australien
10010775,Tavush (Wildpark),Armenien
10010776,Dongying (Huanghe Sanjiaozhou Zoo),China
10010777,Zhucheng (Zhucheng Wild Zoo),China
10010778,Assinie-Mafia (DIBI Zoo Assinie - geschlossen 2022),Elfenbeinküste
10010779,Yamoussoukro (Crocodiles de Yamoussoukro / Lacs d'Habitats),Elfenbeinküste
10010780,Pointe-Noire (Habitation Sous Le Vent),Frankreich/Guadeloupe
10010781,Malaybalay (Bukidnon Zoological Park),Philippinen
10010782,Mapinga (Bahari Zoo),Tansania
10010783,Kyrenia (Kyrenia Wildlife Park),Zypern/Nordzypern
10010784,Pano Panagia (Mouflon Enclosure),Zypern
10010785,Nagymaros (Törökmező Turistaház és Kis-Állatpark),Ungarn
10010786,Moyogalpa (Charco Verde Park & Butterfly Aviary),Nicaragua
10010787,Hamhŭng (Hamhung Zoo),Nordkorea
10010788,Bawshar (Palmera Botanic Garden),Oman
10010789,Nizwá (Ostrich Park in Wilayat Nizwa),Oman
10010790,Qalqilya (Zoo),Palästina
10010791,Beit El (Havat Ephraim),Palästina
10010792,Attil (Al-Nakheel Park and Zoo),Palästina
10010793,Kfar Etzion (Deer Land Farm),Palästina
10010794,Albuera (Baybayon ni Agalon),Philippinen
10010795,Bardar (Zoo Club),Moldau
10010796,Grand’Anse (Black Pearl Farm and Aquarium – geschlossen),Seychellen
10010797,Roche Caïman (Eden Aquarium – geschlossen 2017),Seychellen
10010798,Jembangan (Jembangan Fantasy Zoo),Indonesien
10010799,Rumney (Polar Caves Park),Vereinigte Staaten von Amerika
10010800,Bellville (Stodels Reptile Garden),Südafrika
10010801,Dévaványa (Sterbetz István Túzokvédelmi Látogatóközpont),Ungarn
10010802,Salföld (Salföldi Major),Ungarn
10010803,Pécs (MancsRanch),Ungarn
10010804,Atakpamé (Mini Zoo Parc Tali N'Na),Togo
10010805,Šlikiai (Vinetu Kaimas),Litauen
10010806,Kučiai (Bistrampolio dvaro gyvūnų ūkis),Litauen
10010807,Tôlanaro (Réserve de Nahampoana),Madagaskar
10010808,Al Ahmadi (Ahmadi Zoo),Kuwait
10010809,Kampi ya Samaki (Lake Baringo Reptile Park),Kenia
10010810,Gibsons (Nicholas Sonntag TidePools Aquarium - vormals Nicholas Sonntag Marine Education Centre),Kanada
10010811,Choshi (The World's Smallest Aquarium),Japan
10010812,Azumino (Alps Azumino National Government Park - Azumino School Aquarium),Japan
10010813,Miyazaki (Oyodo River Study Center),Japan
10010814,Osaka (Tempozan Anipa),Japan
10010815,Saladillo (Aliwén - vormals Mini Zoo Saladillo),Argentinien
10010816,Anna Bay (Oakfield Ranch Camel Rides),Australien
10010817,Cedar Creek (EcoPark Fishing Park & Farm Stay),Australien
10010818,Coolgardie (Camel Farm),Australien
10010819,Bells Creek (QCamel),Australien
10010820,Pine Mountain (The Llama Farm),Australien
10010821,Mount Benson (Humpalicious Camel Farm),Australien
10010822,Ottaba (Ottaba Llamas),Australien
10010823,Yulara (Uluru Camel Tours),Australien
10010824,Jid Al-Haj (Saar Mall Aquarium),Bahrain
10010825,Baranovichi (Dipriz Animal Park),Belarus
10010826,Beringen (TODI),Belgien
10010827,Lida (Kontaktzoo ZooLand - geschlossen),Belarus
10010828,Maya Centre (Ya'axkin Butterfly Farm),Belize
10010829,San Antonio (Oxmul Butterfly Farm),Belize
10010830,Seven Miles El Progresso (Green Hills Butterfly Ranch),Belize
10010831,Bohicon (Lions et Palais du Roi Dakodonou),Benin
10010832,Parakou (Hôtel Les Routiers - Mini-Zoo),Benin
10010833,Anji (Bamboo Expo Garden),China
10010834,Baotou (Labor Park Zoo),China
10010835,Xiangning (Zoo),China
10010836,Bobo-Dioulasso (Zoo),Burkina Faso
10010837,Macau (MGM Macau Aquarium),China/Macau
10010838,Klampenborg (Jægersborg Dyrehave),Dänemark
10010839,Baltrum (Nationalpark-Haus),Deutschland
10010840,Burgberg im Allgäu (Burgberger Tierparadies),Deutschland
10010841,Engelskirchen (Balsamhof - Lamatrekking Oberberg),Deutschland
10010842,Liberia (Hacienda Guachipelín),Costa Rica
10010843,Quepos (Canopy Safari),Costa Rica
10010844,Caluco (La Granjita Educativa Mi Pet Zoo),El Salvador
10010845,Tallinn (Estonian Open Air Museum),Estland
10010846,Rovaniemi (Santa’s Pets – vormals Elf’s Farm Yard),Finnland
10010847,Athis (La Ferme aux Oiseaux Exotiques),Frankreich
10010848,Le Lamentin (Ferme de Perrine),Frankreich/Martinique
10010849,Bakau (Kachikally Museum and Crocodile Pool),Gambia
10010850,Quartier d’Orléans (The Butterfly Farm – geschlossen 2017),Frankreich/Saint Martin
10010851,Tbilisi (Fauna Land – geschlossen 2023),Georgien
10010852,Cape Coast (Hans Cottage Botel),Ghana
10010853,Efutu Mampong (Ostrich Farm),Ghana
10010854,Kilkís (Sigmaland),Griechenland
10010855,Mumbai (Marine Aqua Zoo Dadar - geschlossen 2024),Indien
10010856,Etawah (Etawah Safari Park - vormals Lion Safari Etawah),Indien
10010857,Gadag (Gadag Zoo),Indien
10010858,Thekkady (Elephant Camp),Indien
10010859,Thekkady (Kalpavanam Elephant Park),Indien
10010860,Gyalshing (Sidkeong Tulku Bird Park),Indien
10010861,Jaipur (Elefantastic),Indien
10010862,Bhutaramanahatti (Kittur Rani Chennamma Zoological Park),Indien
10010863,Mumbai (Taraporewala Aquarium - geschlossen 2020),Indien
10010864,Antigua Guatemala (Antigua Exotic),Guatemala
10010865,Esquipulas (Zoo Las Minas),Guatemala
10010866,Tactic (Eco Centro Chamché),Guatemala
10010867,Zacapa (Zoológico Zacapa Oficial - vormals Zoológico Privado de Oriente),Guatemala
10010868,Copán Ruinas (Macaw Mountain Bird Park & Nature Reserve),Honduras
10010869,Jutiapa (Rancho San Luis),Honduras
10010870,Tegucigalpa (Mariposario Anartia Universitario UNAH),Honduras
10010871,Thathar (Elephant Joy),Indien
10010872,Kattoor (Elephant Training Camp Alleppey),Indien
10010873,Ambikanagar (Phansoli Elephant Camp),Indien
10010874,More (Safari Park More),Lettland
10010875,Qaouzah (Ark of Peace – geschlossen 2024),Libanon
10010876,Jeita (Lebanese Marine and Wildlife Museum),Libanon
10010877,Bouknadel (Les Jardins Exotiques de Bouknadel),Marokko
10010878,Bessabes (Natura Jungle Parc),Marokko
10010879,Ouarzazate (Parc Zoologique – geschlossen 2022),Marokko
10010880,Oujda (Royal Wing – geschlossen),Marokko
10010881,Oulad Teima (Zoo Parc Villate Limoune),Marokko
10010882,Ikorodu (Origin Gardens and Zoo),Nigeria
10010883,Kaduna (Gamji Gate Zoo – geschlossen 2020),Nigeria
10010884,Kamenjane (Mini Zoo Kamjan),Nordmazedonien
10010885,Altos (Casa Víbora – geschlossen 2017),Paraguay
10010886,Itacurubí del Rosario (Serpentario Guaraní),Paraguay
10010887,San Bernardino (Proyecto Boa Serpentario SanBer),Paraguay
10010888,San Cosme y Damián (Acuario Pira Renda),Paraguay
10010889,Krakow (Magillo),Polen
10010890,Ruda Śląska (Mini-Zoo Park Strzelnica),Polen
10010891,Wychodne (Podlaska Toskania Mini Zoo),Polen
10010892,Asan (Asan Ecological Insect Center),Südkorea
10010893,Cheongju (Animal Village),Südkorea
10010894,Chuncheon (Happy Meadow Ranch),Südkorea
10010895,Chupungnyeong (Chupungnyeong Service Area Ecological Park),Südkorea
10010896,Incheon (Incheon Butterfly Park),Südkorea
10010897,Gimhae (Daedong Horse Ranch),Südkorea
10010898,Paju (Safari Experience Theme Park - vormals Paju Heyri Reptile World),Südkorea
10010899,Sangju (Namhae Healing Forest Town - vormals Namhae Butterfly Ecological Park),Südkorea
10010900,Daejeon (Daecheong Dam Water Culture Center),Südkorea
10010901,Suncheon (Suncheon Bay National Garden Children's Zoo),Südkorea
10010902,Namyangju (Arachnopia - Jupil Spider Museum - geschlossen),Südkorea
10010903,Wonju (Dreamland - geschlossen 2015),Südkorea
10010904,Yeoju (Yeoju Insect Museum),Südkorea
10010905,Seoul (POSCO Center Aquarium),Südkorea
10010906,Seoul (POSCO Center Aquarium),SÜdkorea
10010907,Karon (Kok Chang Safari),Thailand
10010908,Cha-am (Camel Republic),Thailand
10010909,Cha-am (Zucata Sheep Farm – vormals Swiss Sheep Farm),Thailand
10010910,Ko Samui (Paradise Park Farm),Thailand
10010911,Mae Rim (Bai Orchid & Butterfly Farm),Thailand
10010912,Doi Saket (Tweechol Botanical Garden),Thailand
10010913,Mae Rim (Le Petit Zoo),Thailand
10010914,Alter do Chão (Coudelaria de Alter – Alter Real),Portugal
10010915,Grândola (Mama-Adama Alpaca Farm),Portugal
10010916,Mafra (Tapada Nacional de Mafra),Portugal
10010917,Quarteira (Aquashow Park),Portugal
10010918,Vila Nova de Cerveira (Aquamuseu do Rio Minho),Portugal
10010919,Karachi (Clifton Fish Aquarium - geschlossen 1998),Pakistan
10010920,Chhota Gala (Wildlife Zoo),Pakistan
10010921,Sialkot (Citi Housing Zoo),Pakistan
10010922,Batkhela (Malakand Wildlife Safari Park),Pakistan
10010923,Aagtekerke (Alpacas Zeelandia),Niederlande
10010924,Sluis (Struisvogelboerderij Monnikenwerve),Niederlande
10010925,Loozen (Vijvertuinen van Ada Hofman),Niederlande
10010926,Tilburg (Kinderboerderij Maria Goretti),Niederlande
10010927,Nieuwdorp (Alpaca Zeeland),Niederlande
10010928,Breskens (Visserijmuseum),Niederlande
10010929,Brielle (Alpaca World Brielle),Niederlande
10010930,Egmond aan den Hoef (Alpaca Eco Farm),Niederlande
10010931,Tilburg (Kinderboerderij Stokhasselt),Niederlande
10010932,Collendoorn (PonyparkCity),Niederlande
10010933,Eindhoven (Falconcrest),Niederlande
10010934,Aartswoud (Rundveemuseum Aat Grootes),Niederlande
10010935,Klarenbeek (Roofvogeltuin De Havikshof),Niederlande
10010936,Koningsbosch (Bamby Alpaca Farm),Niederlande
10010937,Groot-Ammers (Avonturenboerderij Molenwaard),Niederlande
10010938,Made (Alpaca Break),Niederlande
10010939,Oldemarkt (Waterbuffelfarm Oldemarkt),Niederlande
10010940,Tilburg (Hertenweide Quirijnstokpark),Niederlande
10010941,Riethoven (Alpacafarm Riethoven),Niederlande
10010942,Riethoven (Beleefboerderij Heierhof),Niederlande
10010943,Schagen (KiBo Schagen),Niederlande
10010944,Holsloot (Breegroen Alpaca),Niederlande
10010945,Sprundel (De Bosruiter),Niederlande
10010946,Vorstenbosch (Alpacafarm Vorstenbosch),Niederlande
10010947,Sassenheim (Alpacahoeve Klinkenberg),Niederlande
10010948,Los Naranjos (Boquete Bees and Butterflies),Panama
10010949,El Valle de Antón (Butterfly Haven),Panama
10010950,Panama City (Parque Natural Metropolitano – Mariposario Refugio del Bosque Tropical),Panama
10010951,Reynosa (Quinta La Fauna),Mexiko
10010952,Calarcá (Jardín Botánico del Quindío - Mariposario),Kolumbien
10010953,Clemencia (Vivarium del Caribe),Kolumbien
10010954,Galapa (Parque Biotemático Megua),Kolumbien
10010955,Melgar (Parque Ecológico Ciudad Reptilia),Kolumbien
10010956,Dosquebradas (Bioparque Mariposario Bonita Farm),Kolumbien
10010957,Sibaté (Ecoparque Ozagua),Kolumbien
10010958,Villeta (Mariposario Zoonatura),Kolumbien
10010959,Bakong (Ta San Crocodile Farm),Kambodscha
10010960,Battambang (Battambang Crocodile Farm),Kambodscha
10010961,Skuh (Mong Reththy Sen Chey Zoo),Kambodscha
10010962,Vihear Sour (Jet's Garden Park),Kambodscha
10010963,Siem Reap (VL Crocodile Farm),Kambodscha
10010964,Pune (Royal Palm Animal Farm and Recreational Center),Indien
10010965,Kaprikkad (Abhayaranyam Mini Zoo and Rescue Centre - vormals Kodanad Mini Zoo),Indien
10010966,Hosapatna (Dubare Elephant Camp),Indien
10010967,Theppakadu (Theppakadu Elephant Camp),Indien
10010968,Murshidabad (Kathgola Zoo),Indien
10010969,Nagrota (Jambu Zoo),Indien
10010970,Nashik (Nashik Bird Garden),Indien
10010971,Chatrapatti (Coos & Paws Birds Park),Indien
10010972,Puducherry (Fish Aquarium in Botanical Garden - geschlossen),Indien
10010973,Puthuppally (Puthuppally Elephant Point),Indien
10010974,Sanchi (Mini Zoo),Indien
10010975,Sakrebyle (Sakrebyle Elephant Camp),Indien
10010976,Nagpur (Balasaheb Thackeray Gorewada International Zoological Park - Wild Gorewada),Indien
10010977,Berlin (Tiergehege im Viktoriapark),Deutschland
10010978,Lauterbach/Schwarzwald (Alpaca Village),Deutschland
10010979,Rain (Dehner Blumenpark),Deutschland
10010980,Minsen (Nationalpark-Haus Wangerland),Deutschland
10010981,Lüdinghausen (Abolengo de Alpaca),Deutschland
10010982,Sonnewalde-Pießig (Alpacas of Density),Deutschland
10010983,Abenberg (Pflugsmühle),Deutschland
10010984,Templin (El Dorado Templin),Deutschland
10010985,Santa Cruz de la Sierra (Biocentro Güembé),Bolivien
10010986,Trinidad (Chuchini Wildlife Sanctuary & Eco Lodge),Bolivien
10010987,Alto Paraíso de Goiás (Paradise Ranch Chapada dos Veadeiros),Brasilien
10010988,Catanduva (Zoológico Municipal Missina Palmeira Zancaner),Brasilien
10010989,Foz do Iguaçu (Refúgio Biológico Bela Vista),Brasilien
10010990,Ijuí (Mini Zoo),Brasilien
10010991,Manaus (Zoológico do Tropical Hotel - geschlossen 2019),Brasilien
10010992,Maragogi (Zoológico Ecopark Sol & Mar),Brasilien
10010993,Osasco (Borboletário Municipal de Osasco),Brasilien
10010994,Passo Fundo (Serpentário da Universidade de Passo Fundo - geschlossen),Brasilien
10010995,Santarém (ZooUnama),Brasilien
10010996,Cotia (Mini Fazenda Pet Zoo),Brasilien
10010997,Brestnitsa (The Blue Ostriches Farm),Bulgarien
10010998,Aheloy (Camel Park Sunny Beach),Bulgarien
10010999,Leskovets (Alis Petting Zoo),Bulgarien
10011000,Hadzhidimovo (Zookat Hadzhidimovo),Bulgarien
10011001,Ravadinovo (Mini Zoo Castle In Love with the Wind),Bulgarien
10011002,Paciran (Maharani Zoo & Goa),Indonesien
10011003,Diwak (Agrowisata Sido Muncul),Indonesien
10011004,Sidomukti (Little Ranch Umbul Sidomukti),Indonesien
10011005,Jefrud-e Pa'in (Funtastic Aquarium),Iran
10011006,Mashhad (Sea City Aquarium - Almas Shargh),Iran
10011007,Qeshm (Noopak Crocodile Park),Iran
10011008,Safadasht (Zoo - geschlossen 2024),Iran
10011009,Brúnagerði (Daladýrð Petting Zoo),Island
10011010,Laugarás (Slakki Mini Zoo),Island
10011011,Colfosco (Parco Animali),Italien
10011012,Montecastello (Alpaca Country House),Italien
10011013,Grezzano (AlpacaBrado),Italien
10011014,Pietralunga (Alpaca Mundi),Italien
10011015,Roveta (Mio Alpaca),Italien
10011016,Padova (Esapolis),Italien
10011017,Niccone (Alpaca Farm Maridiana),Italien
10011018,München (Museum Mensch und Natur),Deutschland
10011019,Arnsberg (Hobby-Zoo Babilon - geschlossen),Deutschland
10011020,Brijuni (Zoo - vormals Hagenbecks Handelszoo - geschlossen 1996),Kroatien
10011022,Brijuni (Fazanerija - Koki),Kroatien
10011023,Suzhou (Aquarium),China
10011024,Tskhvarichamia (Zoological Center - Bear Sanctuary),Georgien
10011025,King (Dragonstone Ranch),Vereinigte Staaten von Amerika
10011026,Bangkok (Siam Serpentarium),Thailand
10011027,Batam (Batam Zoo Paradise),Indonesien
10011028,Oral (Children’s Zoo of the Regional Ecological and Biological Centre),Kasachstan
10011029,Selangor (the MINs at Kota Damansara - geschlossen 2026),Malaysia
10011030,Selangor (Zoo In Mall - geschlossen 2026),Malaysia
10011031,Surf City (Topsail Aquarium - vormals EMA Touch Tank Aquarium),Vereinigte Staaten von Amerika
10011032,Burnsville (Sustainable Safari),Vereinigte Staaten von Amerika
10011033,Cascais (Mini-Zoo Parque Marechal Carmona - geschlossen 2013),Portugal
10011035,Hamburg (Ökotarium),Deutschland
10011036,Gallspach (NaturErlebnisPark),Österreich
10011037,Fülöpháza (Kiskunsági Madárpark),Ungarn
10011038,Puerto Maldonado (Acuario Amazónica),Peru
